  0.38000  0.14440 -0.00596  0.00050  0.299E-10  0.184E-05  0.000E+00  0.000E+00  0.000E+00  0.000E+00  0.000E+00  0.000E+00  0.299E-10  0.184E-05
  0.38000  0.14440 -0.00546  0.00100  0.445E-10  0.421E-05  0.000E+00  0.000E+00  0.000E+00  0.000E+00  0.000E+00  0.000E+00  0.445E-10  0.421E-05
  0.38000  0.14440 -0.00496  0.00150  0.660E-10  0.925E-05  0.000E+00  0.000E+00  0.000E+00  0.000E+00  0.000E+00  0.000E+00  0.660E-10  0.925E-05
  0.38000  0.14440 -0.00446  0.00200  0.974E-10  0.195E-04  0.000E+00  0.000E+00  0.000E+00  0.000E+00  0.000E+00  0.000E+00  0.974E-10  0.195E-04
  0.38000  0.14439 -0.00396  0.00250  0.143E-09  0.395E-04  0.000E+00  0.000E+00  0.000E+00  0.000E+00  0.000E+00  0.000E+00  0.143E-09  0.395E-04
  0.38000  0.14439 -0.00346  0.00300  0.208E-09  0.769E-04  0.000E+00  0.000E+00  0.000E+00  0.000E+00  0.000E+00  0.000E+00  0.208E-09  0.769E-04
  0.38000  0.14439 -0.00296  0.00350  0.302E-09  0.144E-03  0.000E+00  0.000E+00  0.000E+00  0.000E+00  0.000E+00  0.000E+00  0.302E-09  0.144E-03
  0.38000  0.14438 -0.00246  0.00400  0.436E-09  0.257E-03  0.000E+00  0.000E+00  0.000E+00  0.000E+00  0.000E+00  0.000E+00  0.436E-09  0.257E-03
  0.38000  0.14438 -0.00196  0.00450  0.626E-09  0.443E-03  0.000E+00  0.000E+00  0.000E+00  0.000E+00  0.000E+00  0.000E+00  0.626E-09  0.443E-03
  0.38000  0.14437 -0.00146  0.00500  0.895E-09  0.732E-03  0.000E+00  0.000E+00  0.000E+00  0.000E+00  0.000E+00  0.000E+00  0.895E-09  0.732E-03
  0.38000  0.14437 -0.00096  0.00550  0.127E-08  0.116E-02  0.000E+00  0.000E+00  0.000E+00  0.000E+00  0.000E+00  0.000E+00  0.127E-08  0.116E-02
  0.38000  0.14436 -0.00046  0.00600  0.180E-08  0.177E-02  0.000E+00  0.000E+00  0.000E+00  0.000E+00  0.000E+00  0.000E+00  0.180E-08  0.177E-02
  0.38000  0.14436  0.00004  0.00650  0.252E-08  0.259E-02  0.000E+00  0.000E+00  0.000E+00  0.000E+00  0.000E+00  0.000E+00  0.252E-08  0.259E-02
  0.38000  0.14435  0.00054  0.00700  0.353E-08  0.363E-02  0.000E+00  0.000E+00  0.000E+00  0.000E+00  0.000E+00  0.000E+00  0.353E-08  0.363E-02
  0.38000  0.14434  0.00104  0.00750  0.492E-08  0.490E-02  0.000E+00  0.000E+00  0.000E+00  0.000E+00  0.000E+00  0.000E+00  0.492E-08  0.490E-02
  0.38000  0.14434  0.00154  0.00800  0.685E-08  0.635E-02  0.000E+00  0.000E+00  0.000E+00  0.000E+00  0.000E+00  0.000E+00  0.685E-08  0.635E-02
  0.38000  0.14433  0.00204  0.00850  0.955E-08  0.791E-02  0.000E+00  0.000E+00  0.000E+00  0.000E+00  0.000E+00  0.000E+00  0.955E-08  0.791E-02
  0.38000  0.14432  0.00254  0.00900  0.134E-07  0.948E-02  0.000E+00  0.000E+00  0.000E+00  0.000E+00  0.000E+00  0.000E+00  0.134E-07  0.948E-02
  0.38000  0.14431  0.00304  0.00950  0.194E-07  0.109E-01  0.000E+00  0.000E+00  0.000E+00  0.000E+00  0.000E+00  0.000E+00  0.194E-07  0.109E-01
  0.38000  0.14430  0.00355  0.01000  0.292E-07  0.121E-01  0.000E+00  0.000E+00  0.000E+00  0.000E+00  0.000E+00  0.000E+00  0.292E-07  0.121E-01
  0.38000  0.14429  0.00405  0.01050  0.471E-07  0.130E-01  0.000E+00  0.000E+00  0.000E+00  0.000E+00  0.000E+00  0.000E+00  0.471E-07  0.130E-01
  0.38000  0.14428  0.00455  0.01100  0.832E-07  0.135E-01  0.000E+00  0.000E+00  0.000E+00  0.000E+00  0.000E+00  0.000E+00  0.832E-07  0.135E-01
  0.38000  0.14427  0.00505  0.01150  0.160E-06  0.137E-01  0.000E+00  0.000E+00  0.000E+00  0.000E+00  0.000E+00  0.000E+00  0.160E-06  0.137E-01
  0.38000  0.14426  0.00555  0.01200  0.326E-06  0.135E-01  0.000E+00  0.000E+00  0.000E+00  0.000E+00  0.000E+00  0.000E+00  0.326E-06  0.135E-01
  0.38000  0.14424  0.00605  0.01250  0.687E-06  0.131E-01  0.000E+00  0.000E+00  0.000E+00  0.000E+00  0.000E+00  0.000E+00  0.687E-06  0.131E-01
  0.38000  0.14423  0.00655  0.01300  0.145E-05  0.126E-01  0.000E+00  0.000E+00  0.000E+00  0.000E+00  0.000E+00  0.000E+00  0.145E-05  0.126E-01
  0.38000  0.14422  0.00705  0.01350  0.303E-05  0.122E-01  0.000E+00  0.000E+00  0.000E+00  0.000E+00  0.000E+00  0.000E+00  0.303E-05  0.122E-01
  0.38000  0.14420  0.00755  0.01400  0.615E-05  0.118E-01  0.000E+00  0.000E+00  0.000E+00  0.000E+00  0.000E+00  0.000E+00  0.615E-05  0.118E-01
  0.38000  0.14419  0.00805  0.01450  0.121E-04  0.116E-01  0.000E+00  0.000E+00  0.000E+00  0.000E+00  0.000E+00  0.000E+00  0.121E-04  0.116E-01
  0.38000  0.14417  0.00855  0.01500  0.230E-04  0.115E-01  0.000E+00  0.000E+00  0.000E+00  0.000E+00  0.000E+00  0.000E+00  0.230E-04  0.115E-01
  0.38000  0.14416  0.00905  0.01550  0.422E-04  0.114E-01  0.000E+00  0.000E+00  0.000E+00  0.000E+00  0.000E+00  0.000E+00  0.422E-04  0.114E-01
  0.38000  0.14414  0.00955  0.01600  0.745E-04  0.113E-01  0.000E+00  0.000E+00  0.000E+00  0.000E+00  0.000E+00  0.000E+00  0.745E-04  0.113E-01
  0.38000  0.14413  0.01005  0.01650  0.127E-03  0.111E-01  0.716E-10  0.616E-10  0.000E+00  0.000E+00  0.000E+00  0.000E+00  0.127E-03  0.111E-01
  0.38000  0.14411  0.01055  0.01700  0.223E-03  0.108E-01  0.157E-04  0.135E-04  0.000E+00  0.000E+00  0.000E+00  0.000E+00  0.207E-03  0.108E-01
  0.38000  0.14409  0.01105  0.01750  0.384E-03  0.105E-01  0.583E-04  0.502E-04  0.000E+00  0.000E+00  0.000E+00  0.000E+00  0.326E-03  0.104E-01
  0.38000  0.14408  0.01156  0.01800  0.617E-03  0.100E-01  0.123E-03  0.105E-03  0.000E+00  0.000E+00  0.000E+00  0.000E+00  0.495E-03  0.993E-02
  0.38000  0.14406  0.01206  0.01850  0.927E-03  0.954E-02  0.204E-03  0.176E-03  0.000E+00  0.000E+00  0.000E+00  0.000E+00  0.723E-03  0.936E-02
  0.38000  0.14404  0.01256  0.01900  0.132E-02  0.901E-02  0.300E-03  0.258E-03  0.000E+00  0.000E+00  0.000E+00  0.000E+00  0.102E-02  0.875E-02
  0.38000  0.14402  0.01306  0.01950  0.180E-02  0.848E-02  0.407E-03  0.350E-03  0.000E+00  0.000E+00  0.000E+00  0.000E+00  0.139E-02  0.813E-02
  0.38000  0.14400  0.01356  0.02000  0.236E-02  0.796E-02  0.523E-03  0.451E-03  0.000E+00  0.000E+00  0.000E+00  0.000E+00  0.183E-02  0.751E-02
  0.38000  0.14398  0.01406  0.02050  0.299E-02  0.747E-02  0.647E-03  0.557E-03  0.000E+00  0.000E+00  0.000E+00  0.000E+00  0.234E-02  0.691E-02
  0.38000  0.14396  0.01456  0.02100  0.368E-02  0.699E-02  0.776E-03  0.669E-03  0.000E+00  0.000E+00  0.000E+00  0.000E+00  0.290E-02  0.632E-02
  0.38000  0.14394  0.01506  0.02150  0.441E-02  0.652E-02  0.911E-03  0.785E-03  0.000E+00  0.000E+00  0.000E+00  0.000E+00  0.350E-02  0.574E-02
  0.38000  0.14392  0.01556  0.02200  0.515E-02  0.607E-02  0.105E-02  0.905E-03  0.000E+00  0.000E+00  0.000E+00  0.000E+00  0.410E-02  0.516E-02
  0.38000  0.14389  0.01606  0.02250  0.589E-02  0.563E-02  0.119E-02  0.103E-02  0.000E+00  0.000E+00  0.000E+00  0.000E+00  0.470E-02  0.460E-02
  0.38000  0.14387  0.01656  0.02300  0.714E-02  0.522E-02  0.134E-02  0.115E-02  0.000E+00  0.000E+00  0.548E-03  0.000E+00  0.526E-02  0.406E-02
  0.38000  0.14385  0.01707  0.02350  0.785E-02  0.483E-02  0.148E-02  0.128E-02  0.000E+00  0.000E+00  0.609E-03  0.000E+00  0.576E-02  0.355E-02
  0.38000  0.14382  0.01757  0.02400  0.847E-02  0.449E-02  0.163E-02  0.141E-02  0.000E+00  0.000E+00  0.672E-03  0.000E+00  0.617E-02  0.308E-02
  0.38000  0.14380  0.01807  0.02450  0.898E-02  0.420E-02  0.178E-02  0.154E-02  0.000E+00  0.000E+00  0.735E-03  0.000E+00  0.646E-02  0.266E-02
  0.38000  0.14377  0.01857  0.02500  0.935E-02  0.397E-02  0.193E-02  0.167E-02  0.000E+00  0.000E+00  0.799E-03  0.000E+00  0.662E-02  0.230E-02
  0.38000  0.14375  0.01907  0.02550  0.956E-02  0.379E-02  0.209E-02  0.180E-02  0.000E+00  0.000E+00  0.864E-03  0.000E+00  0.661E-02  0.199E-02
  0.38000  0.14372  0.01957  0.02600  0.961E-02  0.368E-02  0.224E-02  0.194E-02  0.000E+00  0.000E+00  0.929E-03  0.000E+00  0.644E-02  0.174E-02
  0.38000  0.14370  0.02007  0.02650  0.949E-02  0.362E-02  0.239E-02  0.207E-02  0.000E+00  0.000E+00  0.994E-03  0.000E+00  0.611E-02  0.155E-02
  0.38000  0.14367  0.02057  0.02700  0.923E-02  0.361E-02  0.255E-02  0.220E-02  0.000E+00  0.000E+00  0.106E-02  0.000E+00  0.562E-02  0.141E-02
  0.38000  0.14364  0.02107  0.02750  0.885E-02  0.364E-02  0.270E-02  0.234E-02  0.000E+00  0.000E+00  0.113E-02  0.000E+00  0.503E-02  0.130E-02
  0.38000  0.14362  0.02158  0.02800  0.841E-02  0.371E-02  0.286E-02  0.247E-02  0.000E+00  0.000E+00  0.119E-02  0.000E+00  0.436E-02  0.123E-02
  0.38000  0.14359  0.02208  0.02850  0.794E-02  0.380E-02  0.301E-02  0.261E-02  0.000E+00  0.000E+00  0.126E-02  0.000E+00  0.366E-02  0.119E-02
  0.38000  0.14356  0.02258  0.02900  0.748E-02  0.392E-02  0.317E-02  0.275E-02  0.000E+00  0.000E+00  0.133E-02  0.000E+00  0.299E-02  0.117E-02
  0.38000  0.14353  0.02308  0.02950  0.708E-02  0.406E-02  0.333E-02  0.288E-02  0.000E+00  0.000E+00  0.139E-02  0.000E+00  0.236E-02  0.117E-02
  0.38000  0.14350  0.02358  0.03000  0.677E-02  0.421E-02  0.348E-02  0.302E-02  0.000E+00  0.000E+00  0.146E-02  0.000E+00  0.182E-02  0.119E-02
  0.38000  0.14347  0.02408  0.03050  0.655E-02  0.437E-02  0.364E-02  0.316E-02  0.000E+00  0.000E+00  0.153E-02  0.000E+00  0.138E-02  0.121E-02
  0.38000  0.14344  0.02458  0.03100  0.642E-02  0.454E-02  0.380E-02  0.329E-02  0.000E+00  0.000E+00  0.160E-02  0.000E+00  0.102E-02  0.125E-02
  0.38000  0.14341  0.02509  0.03150  0.637E-02  0.472E-02  0.395E-02  0.343E-02  0.000E+00  0.000E+00  0.167E-02  0.000E+00  0.757E-03  0.129E-02
  0.38000  0.14338  0.02559  0.03200  0.641E-02  0.491E-02  0.411E-02  0.357E-02  0.000E+00  0.000E+00  0.173E-02  0.000E+00  0.563E-03  0.134E-02
  0.38000  0.14334  0.02609  0.03250  0.649E-02  0.510E-02  0.427E-02  0.371E-02  0.000E+00  0.000E+00  0.180E-02  0.000E+00  0.427E-03  0.139E-02
  0.38000  0.14331  0.02659  0.03300  0.663E-02  0.530E-02  0.442E-02  0.385E-02  0.000E+00  0.000E+00  0.187E-02  0.000E+00  0.333E-03  0.145E-02
  0.38000  0.14328  0.02709  0.03350  0.679E-02  0.550E-02  0.458E-02  0.398E-02  0.000E+00  0.000E+00  0.194E-02  0.000E+00  0.270E-03  0.152E-02
  0.38000  0.14324  0.02759  0.03400  0.697E-02  0.571E-02  0.474E-02  0.412E-02  0.000E+00  0.000E+00  0.201E-02  0.000E+00  0.228E-03  0.159E-02
  0.38000  0.14321  0.02809  0.03450  0.717E-02  0.593E-02  0.490E-02  0.426E-02  0.000E+00  0.000E+00  0.207E-02  0.000E+00  0.199E-03  0.167E-02
  0.38000  0.14317  0.02860  0.03500  0.737E-02  0.615E-02  0.505E-02  0.440E-02  0.000E+00  0.000E+00  0.214E-02  0.000E+00  0.178E-03  0.175E-02
  0.38000  0.14314  0.02910  0.03550  0.758E-02  0.639E-02  0.521E-02  0.454E-02  0.000E+00  0.000E+00  0.221E-02  0.000E+00  0.163E-03  0.185E-02
  0.38000  0.14310  0.02960  0.03600  0.780E-02  0.663E-02  0.537E-02  0.468E-02  0.000E+00  0.000E+00  0.228E-02  0.000E+00  0.151E-03  0.195E-02
  0.38000  0.14307  0.03010  0.03650  0.802E-02  0.687E-02  0.552E-02  0.482E-02  0.000E+00  0.000E+00  0.235E-02  0.000E+00  0.141E-03  0.205E-02
  0.38000  0.14303  0.03060  0.03700  0.823E-02  0.713E-02  0.568E-02  0.496E-02  0.000E+00  0.000E+00  0.242E-02  0.000E+00  0.133E-03  0.217E-02
  0.38000  0.14299  0.03110  0.03750  0.845E-02  0.738E-02  0.584E-02  0.510E-02  0.000E+00  0.000E+00  0.249E-02  0.000E+00  0.127E-03  0.229E-02
  0.38000  0.14296  0.03161  0.03800  0.867E-02  0.765E-02  0.600E-02  0.524E-02  0.000E+00  0.000E+00  0.256E-02  0.000E+00  0.121E-03  0.241E-02
  0.38000  0.14292  0.03211  0.03850  0.889E-02  0.792E-02  0.615E-02  0.538E-02  0.000E+00  0.000E+00  0.262E-02  0.000E+00  0.116E-03  0.254E-02
  0.38000  0.14288  0.03261  0.03900  0.912E-02  0.819E-02  0.631E-02  0.552E-02  0.000E+00  0.000E+00  0.269E-02  0.000E+00  0.111E-03  0.267E-02
  0.38000  0.14284  0.03311  0.03950  0.934E-02  0.846E-02  0.647E-02  0.566E-02  0.000E+00  0.000E+00  0.276E-02  0.000E+00  0.107E-03  0.280E-02
  0.38000  0.14280  0.03361  0.04000  0.956E-02  0.873E-02  0.663E-02  0.580E-02  0.000E+00  0.000E+00  0.283E-02  0.000E+00  0.103E-03  0.294E-02
  0.38000  0.14276  0.03411  0.04050  0.978E-02  0.901E-02  0.678E-02  0.594E-02  0.000E+00  0.000E+00  0.290E-02  0.000E+00  0.987E-04  0.307E-02
  0.38000  0.14272  0.03462  0.04100  0.100E-01  0.928E-02  0.694E-02  0.608E-02  0.000E+00  0.000E+00  0.297E-02  0.000E+00  0.947E-04  0.320E-02
  0.38000  0.14268  0.03512  0.04150  0.102E-01  0.955E-02  0.709E-02  0.622E-02  0.000E+00  0.000E+00  0.304E-02  0.000E+00  0.906E-04  0.333E-02
  0.38000  0.14264  0.03562  0.04200  0.104E-01  0.981E-02  0.725E-02  0.636E-02  0.000E+00  0.000E+00  0.311E-02  0.000E+00  0.864E-04  0.345E-02
  0.38000  0.14259  0.03612  0.04250  0.107E-01  0.101E-01  0.741E-02  0.650E-02  0.000E+00  0.000E+00  0.317E-02  0.000E+00  0.821E-04  0.357E-02
  0.38000  0.14255  0.03662  0.04300  0.109E-01  0.103E-01  0.756E-02  0.664E-02  0.000E+00  0.000E+00  0.324E-02  0.000E+00  0.777E-04  0.369E-02
  0.38000  0.14251  0.03713  0.04350  0.111E-01  0.106E-01  0.772E-02  0.678E-02  0.000E+00  0.000E+00  0.331E-02  0.000E+00  0.732E-04  0.379E-02
  0.38000  0.14246  0.03763  0.04400  0.113E-01  0.108E-01  0.787E-02  0.692E-02  0.000E+00  0.000E+00  0.338E-02  0.000E+00  0.687E-04  0.389E-02
  0.38000  0.14242  0.03813  0.04450  0.115E-01  0.110E-01  0.803E-02  0.706E-02  0.000E+00  0.000E+00  0.345E-02  0.000E+00  0.640E-04  0.398E-02
  0.38000  0.14237  0.03863  0.04500  0.118E-01  0.113E-01  0.818E-02  0.720E-02  0.000E+00  0.000E+00  0.352E-02  0.000E+00  0.594E-04  0.406E-02
  0.38000  0.14233  0.03913  0.04550  0.120E-01  0.115E-01  0.833E-02  0.734E-02  0.000E+00  0.000E+00  0.358E-02  0.000E+00  0.549E-04  0.413E-02
  0.38000  0.14228  0.03964  0.04600  0.122E-01  0.117E-01  0.849E-02  0.748E-02  0.000E+00  0.000E+00  0.365E-02  0.000E+00  0.504E-04  0.418E-02
  0.38000  0.14224  0.04014  0.04650  0.124E-01  0.118E-01  0.864E-02  0.762E-02  0.000E+00  0.000E+00  0.372E-02  0.000E+00  0.460E-04  0.423E-02
  0.38000  0.14219  0.04064  0.04700  0.126E-01  0.120E-01  0.879E-02  0.776E-02  0.000E+00  0.000E+00  0.379E-02  0.000E+00  0.418E-04  0.426E-02
  0.38000  0.14214  0.04114  0.04750  0.128E-01  0.122E-01  0.894E-02  0.790E-02  0.000E+00  0.000E+00  0.386E-02  0.000E+00  0.378E-04  0.428E-02
  0.38000  0.14210  0.04164  0.04800  0.131E-01  0.123E-01  0.910E-02  0.804E-02  0.000E+00  0.000E+00  0.392E-02  0.000E+00  0.340E-04  0.429E-02
  0.38000  0.14205  0.04215  0.04850  0.133E-01  0.125E-01  0.925E-02  0.817E-02  0.000E+00  0.000E+00  0.399E-02  0.000E+00  0.304E-04  0.428E-02
  0.38000  0.14200  0.04265  0.04900  0.135E-01  0.126E-01  0.940E-02  0.831E-02  0.000E+00  0.000E+00  0.406E-02  0.000E+00  0.270E-04  0.427E-02
  0.38000  0.14195  0.04315  0.04950  0.137E-01  0.127E-01  0.954E-02  0.845E-02  0.000E+00  0.000E+00  0.413E-02  0.000E+00  0.239E-04  0.423E-02
  0.38000  0.14190  0.04365  0.05000  0.139E-01  0.128E-01  0.969E-02  0.859E-02  0.000E+00  0.000E+00  0.419E-02  0.000E+00  0.210E-04  0.419E-02
  0.38000  0.14185  0.04415  0.05050  0.141E-01  0.129E-01  0.984E-02  0.872E-02  0.000E+00  0.000E+00  0.426E-02  0.000E+00  0.184E-04  0.413E-02
  0.38000  0.14180  0.04466  0.05100  0.143E-01  0.129E-01  0.999E-02  0.886E-02  0.000E+00  0.000E+00  0.433E-02  0.000E+00  0.160E-04  0.406E-02
  0.38000  0.14175  0.04516  0.05150  0.145E-01  0.130E-01  0.101E-01  0.900E-02  0.000E+00  0.000E+00  0.439E-02  0.000E+00  0.139E-04  0.398E-02
  0.38000  0.14170  0.04566  0.05200  0.147E-01  0.130E-01  0.103E-01  0.913E-02  0.000E+00  0.000E+00  0.446E-02  0.000E+00  0.119E-04  0.389E-02
  0.38000  0.14164  0.04616  0.05250  0.150E-01  0.131E-01  0.104E-01  0.927E-02  0.000E+00  0.000E+00  0.452E-02  0.000E+00  0.102E-04  0.379E-02
  0.38000  0.14159  0.04667  0.05300  0.152E-01  0.131E-01  0.106E-01  0.940E-02  0.000E+00  0.000E+00  0.459E-02  0.000E+00  0.869E-05  0.369E-02
  0.38000  0.14154  0.04717  0.05350  0.154E-01  0.131E-01  0.107E-01  0.953E-02  0.000E+00  0.000E+00  0.466E-02  0.000E+00  0.736E-05  0.357E-02
  0.38000  0.14148  0.04767  0.05400  0.156E-01  0.131E-01  0.108E-01  0.967E-02  0.000E+00  0.000E+00  0.472E-02  0.000E+00  0.620E-05  0.344E-02
  0.38000  0.14143  0.04817  0.05450  0.158E-01  0.131E-01  0.110E-01  0.980E-02  0.000E+00  0.000E+00  0.479E-02  0.000E+00  0.520E-05  0.331E-02
  0.38000  0.14137  0.04868  0.05500  0.160E-01  0.131E-01  0.111E-01  0.993E-02  0.000E+00  0.000E+00  0.485E-02  0.000E+00  0.433E-05  0.318E-02
  0.38000  0.14132  0.04918  0.05550  0.162E-01  0.131E-01  0.113E-01  0.101E-01  0.000E+00  0.000E+00  0.492E-02  0.000E+00  0.359E-05  0.304E-02
  0.38000  0.14126  0.04968  0.05600  0.164E-01  0.131E-01  0.114E-01  0.102E-01  0.000E+00  0.000E+00  0.498E-02  0.000E+00  0.296E-05  0.289E-02
  0.38000  0.14121  0.05018  0.05650  0.166E-01  0.131E-01  0.115E-01  0.103E-01  0.000E+00  0.000E+00  0.504E-02  0.000E+00  0.243E-05  0.275E-02
  0.38000  0.14115  0.05069  0.05700  0.168E-01  0.131E-01  0.117E-01  0.104E-01  0.000E+00  0.000E+00  0.511E-02  0.000E+00  0.198E-05  0.260E-02
  0.38000  0.14109  0.05119  0.05750  0.170E-01  0.130E-01  0.118E-01  0.106E-01  0.000E+00  0.000E+00  0.517E-02  0.000E+00  0.160E-05  0.246E-02
  0.38000  0.14104  0.05169  0.05800  0.172E-01  0.130E-01  0.119E-01  0.107E-01  0.000E+00  0.000E+00  0.523E-02  0.000E+00  0.129E-05  0.231E-02
  0.38000  0.14098  0.05219  0.05850  0.174E-01  0.130E-01  0.121E-01  0.108E-01  0.000E+00  0.000E+00  0.530E-02  0.000E+00  0.104E-05  0.217E-02
  0.38000  0.14092  0.05270  0.05900  0.176E-01  0.130E-01  0.122E-01  0.110E-01  0.000E+00  0.000E+00  0.536E-02  0.000E+00  0.828E-06  0.203E-02
  0.38000  0.14086  0.05320  0.05950  0.178E-01  0.130E-01  0.123E-01  0.111E-01  0.000E+00  0.000E+00  0.542E-02  0.000E+00  0.657E-06  0.189E-02
  0.38000  0.14080  0.05370  0.06000  0.179E-01  0.130E-01  0.125E-01  0.112E-01  0.000E+00  0.000E+00  0.548E-02  0.000E+00  0.519E-06  0.175E-02
  0.38000  0.14074  0.05420  0.06050  0.181E-01  0.129E-01  0.126E-01  0.113E-01  0.000E+00  0.000E+00  0.555E-02  0.000E+00  0.407E-06  0.162E-02
  0.38000  0.14068  0.05471  0.06100  0.183E-01  0.129E-01  0.127E-01  0.114E-01  0.000E+00  0.000E+00  0.561E-02  0.000E+00  0.318E-06  0.150E-02
  0.38000  0.14062  0.05521  0.06150  0.185E-01  0.129E-01  0.128E-01  0.116E-01  0.000E+00  0.000E+00  0.567E-02  0.000E+00  0.247E-06  0.138E-02
  0.38000  0.14056  0.05571  0.06200  0.187E-01  0.130E-01  0.130E-01  0.117E-01  0.000E+00  0.000E+00  0.573E-02  0.000E+00  0.191E-06  0.126E-02
  0.38000  0.14049  0.05622  0.06250  0.189E-01  0.130E-01  0.131E-01  0.118E-01  0.000E+00  0.000E+00  0.579E-02  0.000E+00  0.146E-06  0.116E-02
  0.38000  0.14043  0.05672  0.06300  0.190E-01  0.130E-01  0.132E-01  0.119E-01  0.000E+00  0.000E+00  0.585E-02  0.000E+00  0.112E-06  0.105E-02
  0.38000  0.14037  0.05722  0.06350  0.192E-01  0.130E-01  0.133E-01  0.120E-01  0.000E+00  0.000E+00  0.591E-02  0.000E+00  0.850E-07  0.957E-03
  0.38000  0.14030  0.05772  0.06400  0.194E-01  0.130E-01  0.134E-01  0.122E-01  0.000E+00  0.000E+00  0.596E-02  0.000E+00  0.642E-07  0.866E-03
  0.38000  0.14024  0.05823  0.06450  0.196E-01  0.130E-01  0.135E-01  0.123E-01  0.000E+00  0.000E+00  0.602E-02  0.000E+00  0.483E-07  0.781E-03
  0.38000  0.14017  0.05873  0.06500  0.197E-01  0.131E-01  0.136E-01  0.124E-01  0.000E+00  0.000E+00  0.608E-02  0.000E+00  0.361E-07  0.703E-03
  0.38000  0.14011  0.05923  0.06550  0.199E-01  0.131E-01  0.138E-01  0.125E-01  0.000E+00  0.000E+00  0.614E-02  0.000E+00  0.268E-07  0.630E-03
  0.38000  0.14004  0.05974  0.06600  0.201E-01  0.132E-01  0.139E-01  0.126E-01  0.000E+00  0.000E+00  0.620E-02  0.000E+00  0.198E-07  0.563E-03
  0.38000  0.13998  0.06024  0.06650  0.202E-01  0.132E-01  0.140E-01  0.127E-01  0.000E+00  0.000E+00  0.625E-02  0.000E+00  0.146E-07  0.501E-03
  0.38000  0.13991  0.06074  0.06700  0.204E-01  0.133E-01  0.141E-01  0.128E-01  0.000E+00  0.000E+00  0.631E-02  0.000E+00  0.107E-07  0.445E-03
  0.38000  0.13984  0.06124  0.06750  0.205E-01  0.133E-01  0.142E-01  0.129E-01  0.000E+00  0.000E+00  0.636E-02  0.000E+00  0.776E-08  0.394E-03
  0.38000  0.13978  0.06175  0.06800  0.207E-01  0.134E-01  0.143E-01  0.130E-01  0.000E+00  0.000E+00  0.642E-02  0.000E+00  0.562E-08  0.347E-03
  0.38000  0.13971  0.06225  0.06850  0.209E-01  0.134E-01  0.144E-01  0.131E-01  0.000E+00  0.000E+00  0.647E-02  0.000E+00  0.404E-08  0.305E-03
  0.38000  0.13964  0.06275  0.06900  0.210E-01  0.135E-01  0.145E-01  0.132E-01  0.000E+00  0.000E+00  0.653E-02  0.000E+00  0.289E-08  0.268E-03
  0.38000  0.13957  0.06326  0.06950  0.212E-01  0.136E-01  0.146E-01  0.133E-01  0.000E+00  0.000E+00  0.658E-02  0.000E+00  0.206E-08  0.234E-03
  0.38000  0.13950  0.06376  0.07000  0.213E-01  0.136E-01  0.147E-01  0.134E-01  0.000E+00  0.000E+00  0.663E-02  0.000E+00  0.146E-08  0.203E-03
  0.38000  0.13943  0.06426  0.07050  0.215E-01  0.137E-01  0.148E-01  0.135E-01  0.000E+00  0.000E+00  0.669E-02  0.000E+00  0.103E-08  0.177E-03
  0.38000  0.13936  0.06477  0.07100  0.216E-01  0.138E-01  0.149E-01  0.136E-01  0.000E+00  0.000E+00  0.674E-02  0.000E+00  0.719E-09  0.153E-03
  0.38000  0.13929  0.06527  0.07150  0.217E-01  0.139E-01  0.149E-01  0.137E-01  0.000E+00  0.000E+00  0.679E-02  0.000E+00  0.501E-09  0.132E-03
  0.38000  0.13922  0.06577  0.07200  0.219E-01  0.139E-01  0.150E-01  0.138E-01  0.000E+00  0.000E+00  0.684E-02  0.000E+00  0.347E-09  0.113E-03
  0.38000  0.13914  0.06628  0.07250  0.220E-01  0.140E-01  0.151E-01  0.139E-01  0.000E+00  0.000E+00  0.689E-02  0.000E+00  0.239E-09  0.970E-04
  0.38000  0.13907  0.06678  0.07300  0.221E-01  0.141E-01  0.152E-01  0.140E-01  0.000E+00  0.000E+00  0.694E-02  0.000E+00  0.164E-09  0.828E-04
  0.38000  0.13900  0.06728  0.07350  0.223E-01  0.142E-01  0.153E-01  0.141E-01  0.000E+00  0.000E+00  0.699E-02  0.000E+00  0.112E-09  0.705E-04
  0.38000  0.13892  0.06779  0.07400  0.224E-01  0.142E-01  0.154E-01  0.142E-01  0.000E+00  0.000E+00  0.704E-02  0.000E+00  0.756E-10  0.598E-04
  0.38000  0.13885  0.06829  0.07450  0.225E-01  0.143E-01  0.154E-01  0.143E-01  0.000E+00  0.000E+00  0.708E-02  0.000E+00  0.509E-10  0.505E-04
  0.38000  0.13877  0.06879  0.07500  0.226E-01  0.144E-01  0.155E-01  0.143E-01  0.830E-07  0.321E-07  0.713E-02  0.000E+00  0.342E-10  0.426E-04
  0.38000  0.13870  0.06930  0.07550  0.228E-01  0.145E-01  0.156E-01  0.144E-01  0.856E-07  0.306E-07  0.718E-02  0.000E+00  0.228E-10  0.358E-04
  0.38000  0.13862  0.06980  0.07600  0.229E-01  0.145E-01  0.157E-01  0.145E-01  0.881E-07  0.296E-07  0.722E-02  0.000E+00  0.151E-10  0.300E-04
  0.38000  0.13855  0.07030  0.07650  0.230E-01  0.146E-01  0.157E-01  0.146E-01  0.904E-07  0.288E-07  0.727E-02  0.000E+00  0.996E-11  0.250E-04
  0.38000  0.13847  0.07081  0.07700  0.231E-01  0.147E-01  0.158E-01  0.147E-01  0.927E-07  0.281E-07  0.731E-02  0.000E+00  0.653E-11  0.208E-04
  0.38000  0.13839  0.07131  0.07750  0.232E-01  0.148E-01  0.159E-01  0.147E-01  0.948E-07  0.276E-07  0.736E-02  0.000E+00  0.426E-11  0.173E-04
  0.38000  0.13832  0.07181  0.07800  0.233E-01  0.148E-01  0.159E-01  0.148E-01  0.970E-07  0.273E-07  0.740E-02  0.000E+00  0.277E-11  0.143E-04
  0.38000  0.13824  0.07232  0.07850  0.234E-01  0.149E-01  0.160E-01  0.149E-01  0.207E-06  0.680E-07  0.744E-02  0.000E+00  0.178E-11  0.117E-04
  0.38000  0.13816  0.07282  0.07900  0.235E-01  0.150E-01  0.160E-01  0.150E-01  0.213E-06  0.662E-07  0.749E-02  0.000E+00  0.115E-11  0.965E-05
  0.38000  0.13808  0.07332  0.07950  0.236E-01  0.150E-01  0.161E-01  0.150E-01  0.218E-06  0.649E-07  0.753E-02  0.000E+00  0.731E-12  0.790E-05
  0.38000  0.13800  0.07383  0.08000  0.237E-01  0.151E-01  0.162E-01  0.151E-01  0.222E-06  0.639E-07  0.757E-02  0.000E+00  0.464E-12  0.644E-05
  0.38000  0.13792  0.07433  0.08050  0.238E-01  0.152E-01  0.162E-01  0.152E-01  0.227E-06  0.631E-07  0.761E-02  0.000E+00  0.293E-12  0.524E-05
  0.38000  0.13784  0.07483  0.08100  0.239E-01  0.152E-01  0.163E-01  0.152E-01  0.232E-06  0.624E-07  0.765E-02  0.000E+00  0.184E-12  0.425E-05
  0.38000  0.13776  0.07534  0.08150  0.240E-01  0.153E-01  0.163E-01  0.153E-01  0.373E-06  0.117E-06  0.769E-02  0.000E+00  0.115E-12  0.343E-05
  0.38000  0.13768  0.07584  0.08200  0.241E-01  0.154E-01  0.164E-01  0.154E-01  0.382E-06  0.114E-06  0.772E-02  0.000E+00  0.714E-13  0.276E-05
  0.38000  0.13759  0.07635  0.08250  0.242E-01  0.154E-01  0.164E-01  0.154E-01  0.390E-06  0.112E-06  0.776E-02  0.000E+00  0.441E-13  0.222E-05
  0.38000  0.13751  0.07685  0.08300  0.242E-01  0.155E-01  0.164E-01  0.155E-01  0.398E-06  0.111E-06  0.780E-02  0.000E+00  0.271E-13  0.177E-05
  0.38000  0.13743  0.07735  0.08350  0.243E-01  0.155E-01  0.165E-01  0.155E-01  0.406E-06  0.110E-06  0.783E-02  0.000E+00  0.165E-13  0.141E-05
  0.38000  0.13734  0.07786  0.08400  0.244E-01  0.156E-01  0.165E-01  0.156E-01  0.415E-06  0.109E-06  0.787E-02  0.000E+00  0.101E-13  0.112E-05
  0.38000  0.13726  0.07836  0.08450  0.245E-01  0.156E-01  0.165E-01  0.156E-01  0.593E-06  0.180E-06  0.790E-02  0.000E+00  0.608E-14  0.891E-06
  0.38000  0.13717  0.07886  0.08500  0.245E-01  0.157E-01  0.166E-01  0.157E-01  0.606E-06  0.177E-06  0.794E-02  0.000E+00  0.365E-14  0.704E-06
  0.38000  0.13709  0.07937  0.08550  0.246E-01  0.157E-01  0.166E-01  0.157E-01  0.619E-06  0.174E-06  0.797E-02  0.000E+00  0.218E-14  0.554E-06
  0.38000  0.13700  0.07987  0.08600  0.246E-01  0.158E-01  0.166E-01  0.158E-01  0.631E-06  0.172E-06  0.800E-02  0.000E+00  0.000E+00  0.435E-06
  0.38000  0.13692  0.08038  0.08650  0.247E-01  0.158E-01  0.167E-01  0.158E-01  0.644E-06  0.171E-06  0.803E-02  0.000E+00  0.000E+00  0.340E-06
  0.38000  0.13683  0.08088  0.08700  0.248E-01  0.159E-01  0.167E-01  0.159E-01  0.656E-06  0.170E-06  0.806E-02  0.000E+00  0.000E+00  0.265E-06
  0.38000  0.13674  0.08138  0.08750  0.248E-01  0.159E-01  0.167E-01  0.159E-01  0.880E-06  0.263E-06  0.809E-02  0.000E+00  0.000E+00  0.206E-06
  0.38000  0.13666  0.08189  0.08800  0.249E-01  0.160E-01  0.167E-01  0.160E-01  0.899E-06  0.259E-06  0.812E-02  0.000E+00  0.000E+00  0.159E-06
  0.38000  0.13657  0.08239  0.08850  0.249E-01  0.160E-01  0.168E-01  0.160E-01  0.918E-06  0.255E-06  0.815E-02  0.000E+00  0.000E+00  0.123E-06
  0.38000  0.13648  0.08290  0.08900  0.249E-01  0.160E-01  0.168E-01  0.160E-01  0.936E-06  0.253E-06  0.818E-02  0.000E+00  0.000E+00  0.947E-07
  0.38000  0.13639  0.08340  0.08950  0.250E-01  0.161E-01  0.168E-01  0.161E-01  0.954E-06  0.251E-06  0.821E-02  0.000E+00  0.000E+00  0.726E-07
  0.38000  0.13630  0.08390  0.09000  0.250E-01  0.161E-01  0.168E-01  0.161E-01  0.971E-06  0.250E-06  0.823E-02  0.000E+00  0.000E+00  0.555E-07
  0.38000  0.13621  0.08441  0.09050  0.251E-01  0.161E-01  0.168E-01  0.161E-01  0.125E-05  0.372E-06  0.826E-02  0.000E+00  0.000E+00  0.423E-07
  0.38000  0.13612  0.08491  0.09100  0.251E-01  0.161E-01  0.168E-01  0.161E-01  0.128E-05  0.365E-06  0.828E-02  0.000E+00  0.000E+00  0.321E-07
  0.38000  0.13603  0.08542  0.09150  0.251E-01  0.162E-01  0.168E-01  0.162E-01  0.130E-05  0.361E-06  0.831E-02  0.000E+00  0.000E+00  0.243E-07
  0.38000  0.13594  0.08592  0.09200  0.251E-01  0.162E-01  0.168E-01  0.162E-01  0.133E-05  0.357E-06  0.833E-02  0.000E+00  0.000E+00  0.183E-07
  0.38000  0.13584  0.08642  0.09250  0.252E-01  0.162E-01  0.168E-01  0.162E-01  0.135E-05  0.355E-06  0.835E-02  0.000E+00  0.000E+00  0.138E-07
  0.38000  0.13575  0.08693  0.09300  0.252E-01  0.162E-01  0.168E-01  0.162E-01  0.138E-05  0.353E-06  0.837E-02  0.000E+00  0.000E+00  0.103E-07
  0.38000  0.13566  0.08743  0.09350  0.252E-01  0.163E-01  0.168E-01  0.163E-01  0.173E-05  0.511E-06  0.839E-02  0.000E+00  0.000E+00  0.772E-08
  0.38000  0.13556  0.08794  0.09400  0.252E-01  0.163E-01  0.168E-01  0.163E-01  0.176E-05  0.503E-06  0.841E-02  0.000E+00  0.000E+00  0.575E-08
  0.38000  0.13547  0.08844  0.09450  0.252E-01  0.163E-01  0.168E-01  0.163E-01  0.180E-05  0.497E-06  0.843E-02  0.000E+00  0.000E+00  0.427E-08
  0.38000  0.13537  0.08894  0.09500  0.252E-01  0.163E-01  0.168E-01  0.163E-01  0.183E-05  0.492E-06  0.845E-02  0.000E+00  0.000E+00  0.316E-08
  0.38000  0.13528  0.08945  0.09550  0.252E-01  0.163E-01  0.168E-01  0.163E-01  0.186E-05  0.489E-06  0.847E-02  0.000E+00  0.000E+00  0.233E-08
  0.38000  0.13518  0.08995  0.09600  0.253E-01  0.163E-01  0.168E-01  0.163E-01  0.190E-05  0.487E-06  0.848E-02  0.000E+00  0.000E+00  0.171E-08
  0.38000  0.13509  0.09046  0.09650  0.253E-01  0.163E-01  0.168E-01  0.163E-01  0.193E-05  0.486E-06  0.850E-02  0.000E+00  0.000E+00  0.125E-08
  0.38000  0.13499  0.09096  0.09700  0.252E-01  0.163E-01  0.167E-01  0.163E-01  0.237E-05  0.678E-06  0.851E-02  0.000E+00  0.000E+00  0.915E-09
  0.38000  0.13489  0.09147  0.09750  0.252E-01  0.163E-01  0.167E-01  0.163E-01  0.242E-05  0.671E-06  0.853E-02  0.000E+00  0.000E+00  0.666E-09
  0.38000  0.13480  0.09197  0.09800  0.252E-01  0.163E-01  0.167E-01  0.163E-01  0.246E-05  0.665E-06  0.854E-02  0.000E+00  0.000E+00  0.483E-09
  0.38000  0.13470  0.09247  0.09850  0.252E-01  0.163E-01  0.167E-01  0.163E-01  0.251E-05  0.661E-06  0.855E-02  0.000E+00  0.000E+00  0.349E-09
  0.38000  0.13460  0.09298  0.09900  0.252E-01  0.163E-01  0.166E-01  0.163E-01  0.255E-05  0.659E-06  0.856E-02  0.000E+00  0.000E+00  0.252E-09
  0.38000  0.13450  0.09348  0.09950  0.252E-01  0.163E-01  0.166E-01  0.163E-01  0.260E-05  0.657E-06  0.857E-02  0.000E+00  0.000E+00  0.181E-09
  0.38000  0.13440  0.09399  0.10000  0.252E-01  0.163E-01  0.166E-01  0.163E-01  0.314E-05  0.901E-06  0.858E-02  0.000E+00  0.000E+00  0.130E-09
  0.38000  0.13430  0.09449  0.10050  0.252E-01  0.163E-01  0.166E-01  0.163E-01  0.320E-05  0.892E-06  0.859E-02  0.000E+00  0.000E+00  0.924E-10
  0.38000  0.13420  0.09500  0.10100  0.251E-01  0.163E-01  0.165E-01  0.163E-01  0.326E-05  0.885E-06  0.860E-02  0.000E+00  0.000E+00  0.657E-10
  0.38000  0.13410  0.09550  0.10150  0.251E-01  0.163E-01  0.165E-01  0.163E-01  0.332E-05  0.880E-06  0.861E-02  0.000E+00  0.000E+00  0.466E-10
  0.38000  0.13400  0.09601  0.10200  0.251E-01  0.163E-01  0.165E-01  0.163E-01  0.338E-05  0.877E-06  0.862E-02  0.000E+00  0.000E+00  0.329E-10
  0.38000  0.13389  0.09651  0.10250  0.250E-01  0.163E-01  0.164E-01  0.163E-01  0.343E-05  0.875E-06  0.862E-02  0.000E+00  0.000E+00  0.232E-10
  0.38000  0.13379  0.09702  0.10300  0.250E-01  0.163E-01  0.164E-01  0.163E-01  0.410E-05  0.118E-05  0.863E-02  0.000E+00  0.000E+00  0.163E-10
  0.38000  0.13369  0.09752  0.10350  0.250E-01  0.163E-01  0.163E-01  0.163E-01  0.417E-05  0.117E-05  0.863E-02  0.000E+00  0.000E+00  0.114E-10
  0.38000  0.13358  0.09802  0.10400  0.249E-01  0.162E-01  0.163E-01  0.162E-01  0.425E-05  0.116E-05  0.863E-02  0.000E+00  0.000E+00  0.795E-11
  0.38000  0.13348  0.09853  0.10450  0.249E-01  0.162E-01  0.162E-01  0.162E-01  0.433E-05  0.116E-05  0.864E-02  0.000E+00  0.000E+00  0.553E-11
  0.38000  0.13337  0.09903  0.10500  0.248E-01  0.162E-01  0.162E-01  0.162E-01  0.440E-05  0.115E-05  0.864E-02  0.000E+00  0.000E+00  0.383E-11
  0.38000  0.13327  0.09954  0.10550  0.248E-01  0.162E-01  0.161E-01  0.162E-01  0.448E-05  0.115E-05  0.864E-02  0.000E+00  0.000E+00  0.265E-11
  0.38000  0.13316  0.10004  0.10600  0.247E-01  0.162E-01  0.161E-01  0.161E-01  0.528E-05  0.154E-05  0.864E-02  0.000E+00  0.000E+00  0.182E-11
  0.38000  0.13306  0.10055  0.10650  0.247E-01  0.161E-01  0.160E-01  0.161E-01  0.538E-05  0.152E-05  0.864E-02  0.000E+00  0.000E+00  0.125E-11
  0.38000  0.13295  0.10105  0.10700  0.246E-01  0.161E-01  0.160E-01  0.161E-01  0.548E-05  0.151E-05  0.864E-02  0.000E+00  0.000E+00  0.855E-12
  0.38000  0.13284  0.10156  0.10750  0.246E-01  0.161E-01  0.159E-01  0.161E-01  0.557E-05  0.150E-05  0.864E-02  0.000E+00  0.000E+00  0.583E-12
  0.38000  0.13274  0.10206  0.10800  0.245E-01  0.160E-01  0.159E-01  0.160E-01  0.567E-05  0.150E-05  0.863E-02  0.000E+00  0.000E+00  0.396E-12
  0.38000  0.13263  0.10257  0.10850  0.245E-01  0.160E-01  0.158E-01  0.160E-01  0.577E-05  0.149E-05  0.863E-02  0.000E+00  0.000E+00  0.268E-12
  0.38000  0.13252  0.10307  0.10900  0.244E-01  0.160E-01  0.158E-01  0.160E-01  0.674E-05  0.197E-05  0.862E-02  0.000E+00  0.000E+00  0.181E-12
  0.38000  0.13241  0.10358  0.10950  0.243E-01  0.159E-01  0.157E-01  0.159E-01  0.686E-05  0.195E-05  0.862E-02  0.000E+00  0.000E+00  0.122E-12
  0.38000  0.13230  0.10408  0.11000  0.243E-01  0.159E-01  0.156E-01  0.159E-01  0.699E-05  0.194E-05  0.861E-02  0.000E+00  0.000E+00  0.816E-13
  0.38000  0.13219  0.10459  0.11050  0.242E-01  0.159E-01  0.156E-01  0.159E-01  0.711E-05  0.193E-05  0.861E-02  0.000E+00  0.000E+00  0.000E+00
  0.38000  0.13208  0.10509  0.11100  0.241E-01  0.158E-01  0.155E-01  0.158E-01  0.723E-05  0.192E-05  0.860E-02  0.000E+00  0.000E+00  0.000E+00
  0.38000  0.13197  0.10560  0.11150  0.240E-01  0.158E-01  0.154E-01  0.158E-01  0.735E-05  0.192E-05  0.859E-02  0.000E+00  0.000E+00  0.000E+00
  0.38000  0.13186  0.10610  0.11200  0.240E-01  0.157E-01  0.154E-01  0.157E-01  0.852E-05  0.251E-05  0.858E-02  0.000E+00  0.000E+00  0.000E+00
  0.38000  0.13174  0.10661  0.11250  0.239E-01  0.157E-01  0.153E-01  0.157E-01  0.868E-05  0.249E-05  0.857E-02  0.000E+00  0.000E+00  0.000E+00
  0.38000  0.13163  0.10711  0.11300  0.238E-01  0.157E-01  0.152E-01  0.157E-01  0.883E-05  0.247E-05  0.856E-02  0.000E+00  0.000E+00  0.000E+00
  0.38000  0.13152  0.10762  0.11350  0.237E-01  0.156E-01  0.152E-01  0.156E-01  0.898E-05  0.246E-05  0.855E-02  0.000E+00  0.000E+00  0.000E+00
  0.38000  0.13140  0.10812  0.11400  0.236E-01  0.156E-01  0.151E-01  0.156E-01  0.914E-05  0.246E-05  0.853E-02  0.000E+00  0.000E+00  0.000E+00
  0.38000  0.13129  0.10863  0.11450  0.236E-01  0.155E-01  0.150E-01  0.155E-01  0.929E-05  0.245E-05  0.852E-02  0.000E+00  0.000E+00  0.000E+00
  0.38000  0.13117  0.10913  0.11500  0.235E-01  0.155E-01  0.150E-01  0.155E-01  0.107E-04  0.318E-05  0.851E-02  0.000E+00  0.000E+00  0.000E+00
  0.38000  0.13106  0.10964  0.11550  0.234E-01  0.154E-01  0.149E-01  0.154E-01  0.109E-04  0.315E-05  0.849E-02  0.000E+00  0.000E+00  0.000E+00
  0.38000  0.13094  0.11014  0.11600  0.233E-01  0.154E-01  0.148E-01  0.154E-01  0.111E-04  0.313E-05  0.848E-02  0.000E+00  0.000E+00  0.000E+00
  0.38000  0.13083  0.11065  0.11650  0.232E-01  0.153E-01  0.147E-01  0.153E-01  0.113E-04  0.311E-05  0.846E-02  0.000E+00  0.000E+00  0.000E+00
  0.38000  0.13071  0.11115  0.11700  0.231E-01  0.153E-01  0.146E-01  0.153E-01  0.115E-04  0.311E-05  0.844E-02  0.000E+00  0.000E+00  0.000E+00
  0.38000  0.13059  0.11166  0.11750  0.230E-01  0.152E-01  0.146E-01  0.152E-01  0.116E-04  0.310E-05  0.843E-02  0.000E+00  0.000E+00  0.000E+00
  0.38000  0.13048  0.11216  0.11800  0.229E-01  0.151E-01  0.145E-01  0.151E-01  0.133E-04  0.399E-05  0.841E-02  0.000E+00  0.000E+00  0.000E+00
  0.38000  0.13036  0.11267  0.11850  0.228E-01  0.151E-01  0.144E-01  0.151E-01  0.136E-04  0.395E-05  0.839E-02  0.000E+00  0.000E+00  0.000E+00
  0.38000  0.13024  0.11317  0.11900  0.227E-01  0.150E-01  0.143E-01  0.150E-01  0.138E-04  0.393E-05  0.837E-02  0.000E+00  0.000E+00  0.000E+00
  0.38000  0.13012  0.11368  0.11950  0.226E-01  0.150E-01  0.142E-01  0.150E-01  0.140E-04  0.391E-05  0.835E-02  0.000E+00  0.000E+00  0.000E+00
  0.38000  0.13000  0.11418  0.12000  0.225E-01  0.149E-01  0.142E-01  0.149E-01  0.143E-04  0.390E-05  0.833E-02  0.000E+00  0.000E+00  0.000E+00
  0.38000  0.12988  0.11469  0.12050  0.224E-01  0.149E-01  0.141E-01  0.149E-01  0.145E-04  0.390E-05  0.831E-02  0.000E+00  0.000E+00  0.000E+00
  0.38000  0.12976  0.11520  0.12100  0.223E-01  0.148E-01  0.140E-01  0.148E-01  0.165E-04  0.497E-05  0.828E-02  0.000E+00  0.000E+00  0.000E+00
  0.38000  0.12964  0.11570  0.12150  0.222E-01  0.147E-01  0.139E-01  0.147E-01  0.168E-04  0.493E-05  0.826E-02  0.000E+00  0.000E+00  0.000E+00
  0.38000  0.12952  0.11621  0.12200  0.221E-01  0.147E-01  0.138E-01  0.147E-01  0.171E-04  0.490E-05  0.824E-02  0.000E+00  0.000E+00  0.000E+00
  0.38000  0.12939  0.11671  0.12250  0.220E-01  0.146E-01  0.137E-01  0.146E-01  0.173E-04  0.488E-05  0.821E-02  0.000E+00  0.000E+00  0.000E+00
  0.38000  0.12927  0.11722  0.12300  0.219E-01  0.145E-01  0.137E-01  0.145E-01  0.176E-04  0.487E-05  0.819E-02  0.000E+00  0.000E+00  0.000E+00
  0.38000  0.12915  0.11772  0.12350  0.217E-01  0.145E-01  0.136E-01  0.145E-01  0.179E-04  0.486E-05  0.816E-02  0.000E+00  0.000E+00  0.000E+00
  0.38000  0.12902  0.11823  0.12400  0.216E-01  0.144E-01  0.135E-01  0.144E-01  0.203E-04  0.615E-05  0.814E-02  0.000E+00  0.000E+00  0.000E+00
  0.38000  0.12890  0.11873  0.12450  0.215E-01  0.143E-01  0.134E-01  0.143E-01  0.206E-04  0.610E-05  0.811E-02  0.000E+00  0.000E+00  0.000E+00
  0.38000  0.12877  0.11924  0.12500  0.214E-01  0.143E-01  0.133E-01  0.143E-01  0.210E-04  0.607E-05  0.808E-02  0.000E+00  0.000E+00  0.000E+00
  0.38000  0.12865  0.11975  0.12550  0.213E-01  0.142E-01  0.132E-01  0.142E-01  0.213E-04  0.605E-05  0.805E-02  0.000E+00  0.000E+00  0.000E+00
  0.38000  0.12852  0.12025  0.12600  0.212E-01  0.141E-01  0.131E-01  0.141E-01  0.217E-04  0.603E-05  0.802E-02  0.000E+00  0.000E+00  0.000E+00
  0.38000  0.12840  0.12076  0.12650  0.210E-01  0.141E-01  0.130E-01  0.141E-01  0.220E-04  0.603E-05  0.799E-02  0.000E+00  0.000E+00  0.000E+00
  0.38000  0.12827  0.12126  0.12700  0.209E-01  0.140E-01  0.129E-01  0.140E-01  0.248E-04  0.756E-05  0.796E-02  0.000E+00  0.000E+00  0.000E+00
  0.38000  0.12814  0.12177  0.12750  0.208E-01  0.139E-01  0.128E-01  0.139E-01  0.252E-04  0.750E-05  0.793E-02  0.000E+00  0.000E+00  0.000E+00
  0.38000  0.12802  0.12227  0.12800  0.207E-01  0.139E-01  0.128E-01  0.139E-01  0.256E-04  0.747E-05  0.790E-02  0.000E+00  0.000E+00  0.000E+00
  0.38000  0.12789  0.12278  0.12850  0.206E-01  0.138E-01  0.127E-01  0.138E-01  0.260E-04  0.744E-05  0.787E-02  0.000E+00  0.000E+00  0.000E+00
  0.38000  0.12776  0.12329  0.12900  0.204E-01  0.137E-01  0.126E-01  0.137E-01  0.265E-04  0.743E-05  0.784E-02  0.000E+00  0.000E+00  0.000E+00
  0.38000  0.12763  0.12379  0.12950  0.203E-01  0.136E-01  0.125E-01  0.136E-01  0.269E-04  0.743E-05  0.780E-02  0.000E+00  0.000E+00  0.000E+00
  0.38000  0.12750  0.12430  0.13000  0.202E-01  0.136E-01  0.124E-01  0.136E-01  0.301E-04  0.924E-05  0.777E-02  0.000E+00  0.000E+00  0.000E+00
  0.38000  0.12737  0.12480  0.13050  0.201E-01  0.135E-01  0.123E-01  0.135E-01  0.306E-04  0.918E-05  0.774E-02  0.000E+00  0.000E+00  0.000E+00
  0.38000  0.12724  0.12531  0.13100  0.199E-01  0.134E-01  0.122E-01  0.134E-01  0.311E-04  0.914E-05  0.770E-02  0.000E+00  0.000E+00  0.000E+00
  0.38000  0.12711  0.12581  0.13150  0.198E-01  0.134E-01  0.121E-01  0.133E-01  0.316E-04  0.911E-05  0.767E-02  0.000E+00  0.000E+00  0.000E+00
  0.38000  0.12698  0.12632  0.13200  0.197E-01  0.133E-01  0.120E-01  0.133E-01  0.322E-04  0.910E-05  0.763E-02  0.000E+00  0.000E+00  0.000E+00
  0.38000  0.12684  0.12683  0.13250  0.196E-01  0.132E-01  0.119E-01  0.132E-01  0.358E-04  0.113E-04  0.760E-02  0.000E+00  0.000E+00  0.000E+00
  0.38000  0.12671  0.12733  0.13300  0.194E-01  0.131E-01  0.118E-01  0.131E-01  0.364E-04  0.112E-04  0.756E-02  0.000E+00  0.000E+00  0.000E+00
  0.38000  0.12658  0.12784  0.13350  0.193E-01  0.131E-01  0.117E-01  0.130E-01  0.370E-04  0.112E-04  0.752E-02  0.000E+00  0.000E+00  0.000E+00
  0.38000  0.12644  0.12834  0.13400  0.192E-01  0.130E-01  0.116E-01  0.130E-01  0.376E-04  0.111E-04  0.748E-02  0.000E+00  0.000E+00  0.000E+00
  0.38000  0.12631  0.12885  0.13450  0.190E-01  0.129E-01  0.116E-01  0.129E-01  0.382E-04  0.111E-04  0.745E-02  0.000E+00  0.000E+00  0.000E+00
  0.38000  0.12617  0.12936  0.13500  0.189E-01  0.128E-01  0.115E-01  0.128E-01  0.389E-04  0.111E-04  0.741E-02  0.000E+00  0.000E+00  0.000E+00
  0.38000  0.12604  0.12986  0.13550  0.188E-01  0.128E-01  0.114E-01  0.127E-01  0.430E-04  0.137E-04  0.737E-02  0.000E+00  0.000E+00  0.000E+00
  0.38000  0.12590  0.13037  0.13600  0.187E-01  0.127E-01  0.113E-01  0.127E-01  0.438E-04  0.136E-04  0.733E-02  0.000E+00  0.000E+00  0.000E+00
  0.38000  0.12577  0.13087  0.13650  0.185E-01  0.126E-01  0.112E-01  0.126E-01  0.445E-04  0.135E-04  0.729E-02  0.000E+00  0.000E+00  0.000E+00
  0.38000  0.12563  0.13138  0.13700  0.184E-01  0.125E-01  0.111E-01  0.125E-01  0.453E-04  0.135E-04  0.725E-02  0.000E+00  0.000E+00  0.000E+00
  0.38000  0.12549  0.13189  0.13750  0.183E-01  0.125E-01  0.110E-01  0.124E-01  0.460E-04  0.134E-04  0.721E-02  0.000E+00  0.000E+00  0.000E+00
  0.38000  0.12536  0.13239  0.13800  0.181E-01  0.124E-01  0.109E-01  0.124E-01  0.468E-04  0.134E-04  0.717E-02  0.000E+00  0.000E+00  0.000E+00
  0.38000  0.12522  0.13290  0.13850  0.180E-01  0.123E-01  0.108E-01  0.123E-01  0.516E-04  0.165E-04  0.713E-02  0.000E+00  0.000E+00  0.000E+00
  0.38000  0.12508  0.13341  0.13900  0.179E-01  0.122E-01  0.107E-01  0.122E-01  0.524E-04  0.163E-04  0.708E-02  0.000E+00  0.000E+00  0.000E+00
  0.38000  0.12494  0.13391  0.13950  0.177E-01  0.121E-01  0.106E-01  0.121E-01  0.533E-04  0.162E-04  0.704E-02  0.000E+00  0.000E+00  0.000E+00
  0.38000  0.12480  0.13442  0.14000  0.176E-01  0.121E-01  0.105E-01  0.121E-01  0.542E-04  0.162E-04  0.700E-02  0.000E+00  0.000E+00  0.000E+00
  0.38000  0.12466  0.13492  0.14050  0.175E-01  0.120E-01  0.104E-01  0.120E-01  0.551E-04  0.162E-04  0.696E-02  0.000E+00  0.000E+00  0.000E+00
  0.38000  0.12452  0.13543  0.14100  0.173E-01  0.119E-01  0.104E-01  0.119E-01  0.560E-04  0.162E-04  0.691E-02  0.000E+00  0.000E+00  0.000E+00
  0.38000  0.12438  0.13594  0.14150  0.172E-01  0.118E-01  0.103E-01  0.118E-01  0.615E-04  0.197E-04  0.687E-02  0.000E+00  0.000E+00  0.000E+00
  0.38000  0.12424  0.13644  0.14200  0.171E-01  0.118E-01  0.102E-01  0.117E-01  0.625E-04  0.195E-04  0.683E-02  0.000E+00  0.000E+00  0.000E+00
  0.38000  0.12409  0.13695  0.14250  0.169E-01  0.117E-01  0.101E-01  0.117E-01  0.636E-04  0.194E-04  0.678E-02  0.000E+00  0.000E+00  0.000E+00
  0.38000  0.12395  0.13746  0.14300  0.168E-01  0.116E-01  0.999E-02  0.116E-01  0.646E-04  0.194E-04  0.674E-02  0.000E+00  0.000E+00  0.000E+00
  0.38000  0.12381  0.13796  0.14350  0.167E-01  0.115E-01  0.990E-02  0.115E-01  0.656E-04  0.194E-04  0.669E-02  0.000E+00  0.000E+00  0.000E+00
  0.38000  0.12366  0.13847  0.14400  0.165E-01  0.115E-01  0.981E-02  0.114E-01  0.667E-04  0.194E-04  0.665E-02  0.000E+00  0.000E+00  0.000E+00
  0.38000  0.12352  0.13897  0.14450  0.164E-01  0.114E-01  0.972E-02  0.114E-01  0.730E-04  0.234E-04  0.660E-02  0.000E+00  0.000E+00  0.000E+00
  0.38000  0.12337  0.13948  0.14500  0.163E-01  0.113E-01  0.963E-02  0.113E-01  0.742E-04  0.232E-04  0.656E-02  0.000E+00  0.000E+00  0.000E+00
  0.38000  0.12323  0.13999  0.14550  0.161E-01  0.112E-01  0.954E-02  0.112E-01  0.754E-04  0.231E-04  0.651E-02  0.000E+00  0.000E+00  0.000E+00
  0.38000  0.12308  0.14049  0.14600  0.160E-01  0.112E-01  0.945E-02  0.111E-01  0.767E-04  0.231E-04  0.646E-02  0.000E+00  0.000E+00  0.000E+00
  0.38000  0.12294  0.14100  0.14650  0.159E-01  0.111E-01  0.936E-02  0.111E-01  0.779E-04  0.231E-04  0.642E-02  0.000E+00  0.000E+00  0.000E+00
  0.38000  0.12279  0.14151  0.14700  0.157E-01  0.110E-01  0.928E-02  0.110E-01  0.791E-04  0.231E-04  0.637E-02  0.000E+00  0.000E+00  0.000E+00
  0.38000  0.12264  0.14201  0.14750  0.156E-01  0.109E-01  0.919E-02  0.109E-01  0.863E-04  0.277E-04  0.632E-02  0.000E+00  0.000E+00  0.000E+00
  0.38000  0.12250  0.14252  0.14800  0.155E-01  0.108E-01  0.910E-02  0.108E-01  0.877E-04  0.275E-04  0.628E-02  0.000E+00  0.000E+00  0.000E+00
  0.38000  0.12235  0.14303  0.14850  0.153E-01  0.108E-01  0.901E-02  0.107E-01  0.892E-04  0.274E-04  0.623E-02  0.000E+00  0.000E+00  0.000E+00
  0.38000  0.12220  0.14353  0.14900  0.152E-01  0.107E-01  0.893E-02  0.107E-01  0.906E-04  0.274E-04  0.618E-02  0.000E+00  0.000E+00  0.000E+00
  0.38000  0.12205  0.14404  0.14950  0.151E-01  0.106E-01  0.884E-02  0.106E-01  0.920E-04  0.274E-04  0.613E-02  0.000E+00  0.000E+00  0.000E+00
  0.38000  0.12190  0.14455  0.15000  0.149E-01  0.105E-01  0.876E-02  0.105E-01  0.999E-04  0.328E-04  0.609E-02  0.000E+00  0.000E+00  0.000E+00
  0.38000  0.12175  0.14505  0.15050  0.148E-01  0.105E-01  0.867E-02  0.104E-01  0.102E-03  0.326E-04  0.604E-02  0.000E+00  0.000E+00  0.000E+00
  0.38000  0.12160  0.14556  0.15100  0.147E-01  0.104E-01  0.859E-02  0.104E-01  0.103E-03  0.324E-04  0.599E-02  0.000E+00  0.000E+00  0.000E+00
  0.38000  0.12145  0.14607  0.15150  0.145E-01  0.103E-01  0.850E-02  0.103E-01  0.105E-03  0.323E-04  0.594E-02  0.000E+00  0.000E+00  0.000E+00
  0.38000  0.12130  0.14657  0.15200  0.144E-01  0.102E-01  0.842E-02  0.102E-01  0.107E-03  0.323E-04  0.589E-02  0.000E+00  0.000E+00  0.000E+00
  0.38000  0.12114  0.14708  0.15250  0.143E-01  0.102E-01  0.833E-02  0.101E-01  0.108E-03  0.323E-04  0.584E-02  0.000E+00  0.000E+00  0.000E+00
  0.38000  0.12099  0.14759  0.15300  0.142E-01  0.101E-01  0.825E-02  0.101E-01  0.117E-03  0.384E-04  0.579E-02  0.000E+00  0.000E+00  0.000E+00
  0.38000  0.12084  0.14809  0.15350  0.140E-01  0.100E-01  0.817E-02  0.999E-02  0.119E-03  0.382E-04  0.575E-02  0.000E+00  0.000E+00  0.000E+00
  0.38000  0.12068  0.14860  0.15400  0.139E-01  0.996E-02  0.809E-02  0.992E-02  0.121E-03  0.380E-04  0.570E-02  0.000E+00  0.000E+00  0.000E+00
  0.38000  0.12053  0.14911  0.15450  0.138E-01  0.988E-02  0.800E-02  0.984E-02  0.123E-03  0.380E-04  0.565E-02  0.000E+00  0.000E+00  0.000E+00
  0.38000  0.12037  0.14962  0.15500  0.136E-01  0.981E-02  0.792E-02  0.977E-02  0.125E-03  0.379E-04  0.560E-02  0.000E+00  0.000E+00  0.000E+00
  0.38000  0.12022  0.15012  0.15550  0.135E-01  0.974E-02  0.784E-02  0.970E-02  0.127E-03  0.379E-04  0.555E-02  0.000E+00  0.000E+00  0.000E+00
  0.38000  0.12006  0.15063  0.15600  0.134E-01  0.967E-02  0.776E-02  0.962E-02  0.137E-03  0.448E-04  0.550E-02  0.000E+00  0.000E+00  0.000E+00
  0.38000  0.11991  0.15114  0.15650  0.133E-01  0.960E-02  0.768E-02  0.955E-02  0.139E-03  0.446E-04  0.545E-02  0.000E+00  0.000E+00  0.000E+00
  0.38000  0.11975  0.15164  0.15700  0.131E-01  0.952E-02  0.760E-02  0.948E-02  0.141E-03  0.444E-04  0.540E-02  0.000E+00  0.000E+00  0.000E+00
  0.38000  0.11959  0.15215  0.15750  0.130E-01  0.945E-02  0.752E-02  0.941E-02  0.144E-03  0.443E-04  0.535E-02  0.000E+00  0.000E+00  0.000E+00
  0.38000  0.11944  0.15266  0.15800  0.129E-01  0.938E-02  0.745E-02  0.933E-02  0.146E-03  0.443E-04  0.530E-02  0.000E+00  0.000E+00  0.000E+00
  0.38000  0.11928  0.15316  0.15850  0.128E-01  0.931E-02  0.737E-02  0.926E-02  0.148E-03  0.444E-04  0.525E-02  0.000E+00  0.000E+00  0.000E+00
  0.38000  0.11912  0.15367  0.15900  0.127E-01  0.924E-02  0.729E-02  0.919E-02  0.159E-03  0.520E-04  0.523E-02  0.000E+00  0.000E+00  0.000E+00
  0.38000  0.11896  0.15418  0.15950  0.126E-01  0.917E-02  0.721E-02  0.912E-02  0.162E-03  0.518E-04  0.522E-02  0.000E+00  0.000E+00  0.000E+00
  0.38000  0.11880  0.15469  0.16000  0.125E-01  0.910E-02  0.714E-02  0.905E-02  0.165E-03  0.516E-04  0.521E-02  0.000E+00  0.000E+00  0.000E+00
  0.38000  0.11864  0.15519  0.16050  0.124E-01  0.903E-02  0.706E-02  0.898E-02  0.167E-03  0.516E-04  0.520E-02  0.000E+00  0.000E+00  0.000E+00
  0.38000  0.11848  0.15570  0.16100  0.123E-01  0.896E-02  0.699E-02  0.891E-02  0.170E-03  0.516E-04  0.519E-02  0.000E+00  0.000E+00  0.000E+00
  0.38000  0.11832  0.15621  0.16150  0.123E-01  0.890E-02  0.691E-02  0.884E-02  0.182E-03  0.605E-04  0.518E-02  0.000E+00  0.000E+00  0.000E+00
  0.38000  0.11816  0.15671  0.16200  0.122E-01  0.883E-02  0.684E-02  0.877E-02  0.185E-03  0.601E-04  0.517E-02  0.000E+00  0.000E+00  0.000E+00
  0.38000  0.11799  0.15722  0.16250  0.121E-01  0.876E-02  0.677E-02  0.870E-02  0.188E-03  0.599E-04  0.516E-02  0.000E+00  0.000E+00  0.000E+00
  0.38000  0.11783  0.15773  0.16300  0.120E-01  0.869E-02  0.669E-02  0.863E-02  0.191E-03  0.598E-04  0.515E-02  0.000E+00  0.000E+00  0.000E+00
  0.38000  0.11767  0.15824  0.16350  0.120E-01  0.862E-02  0.662E-02  0.856E-02  0.194E-03  0.598E-04  0.515E-02  0.000E+00  0.000E+00  0.000E+00
  0.38000  0.11750  0.15874  0.16400  0.119E-01  0.856E-02  0.655E-02  0.850E-02  0.197E-03  0.598E-04  0.514E-02  0.000E+00  0.000E+00  0.000E+00
  0.38000  0.11734  0.15925  0.16450  0.118E-01  0.850E-02  0.648E-02  0.843E-02  0.210E-03  0.696E-04  0.513E-02  0.000E+00  0.000E+00  0.000E+00
  0.38000  0.11717  0.15976  0.16500  0.117E-01  0.843E-02  0.640E-02  0.836E-02  0.214E-03  0.692E-04  0.513E-02  0.000E+00  0.000E+00  0.000E+00
  0.38000  0.11701  0.16027  0.16550  0.117E-01  0.836E-02  0.633E-02  0.829E-02  0.217E-03  0.690E-04  0.512E-02  0.000E+00  0.000E+00  0.000E+00
  0.38000  0.11684  0.16077  0.16600  0.116E-01  0.830E-02  0.626E-02  0.823E-02  0.220E-03  0.689E-04  0.511E-02  0.000E+00  0.000E+00  0.000E+00
  0.38000  0.11668  0.16128  0.16650  0.115E-01  0.823E-02  0.619E-02  0.816E-02  0.224E-03  0.689E-04  0.511E-02  0.000E+00  0.000E+00  0.000E+00
  0.38000  0.11651  0.16179  0.16700  0.115E-01  0.816E-02  0.613E-02  0.810E-02  0.227E-03  0.690E-04  0.510E-02  0.000E+00  0.000E+00  0.000E+00
  0.38000  0.11634  0.16230  0.16750  0.114E-01  0.811E-02  0.606E-02  0.803E-02  0.242E-03  0.797E-04  0.510E-02  0.000E+00  0.000E+00  0.000E+00
  0.38000  0.11618  0.16280  0.16800  0.113E-01  0.804E-02  0.599E-02  0.796E-02  0.246E-03  0.794E-04  0.510E-02  0.000E+00  0.000E+00  0.000E+00
  0.38000  0.11601  0.16331  0.16850  0.113E-01  0.798E-02  0.592E-02  0.790E-02  0.250E-03  0.792E-04  0.509E-02  0.000E+00  0.000E+00  0.000E+00
  0.38000  0.11584  0.16382  0.16900  0.112E-01  0.791E-02  0.586E-02  0.783E-02  0.254E-03  0.792E-04  0.509E-02  0.000E+00  0.000E+00  0.000E+00
  0.38000  0.11567  0.16433  0.16950  0.111E-01  0.785E-02  0.579E-02  0.777E-02  0.258E-03  0.792E-04  0.509E-02  0.000E+00  0.000E+00  0.000E+00
  0.38000  0.11550  0.16483  0.17000  0.111E-01  0.779E-02  0.572E-02  0.771E-02  0.262E-03  0.793E-04  0.508E-02  0.000E+00  0.000E+00  0.000E+00
  0.38000  0.11533  0.16534  0.17050  0.110E-01  0.773E-02  0.566E-02  0.764E-02  0.278E-03  0.910E-04  0.508E-02  0.000E+00  0.000E+00  0.000E+00
  0.38000  0.11516  0.16585  0.17100  0.110E-01  0.767E-02  0.559E-02  0.758E-02  0.283E-03  0.907E-04  0.508E-02  0.000E+00  0.000E+00  0.000E+00
  0.38000  0.11499  0.16636  0.17150  0.109E-01  0.761E-02  0.553E-02  0.752E-02  0.287E-03  0.906E-04  0.508E-02  0.000E+00  0.000E+00  0.000E+00
  0.38000  0.11482  0.16686  0.17200  0.108E-01  0.755E-02  0.547E-02  0.745E-02  0.291E-03  0.906E-04  0.508E-02  0.000E+00  0.000E+00  0.000E+00
  0.38000  0.11464  0.16737  0.17250  0.108E-01  0.748E-02  0.540E-02  0.739E-02  0.296E-03  0.907E-04  0.508E-02  0.000E+00  0.000E+00  0.000E+00
  0.38000  0.11447  0.16788  0.17300  0.107E-01  0.743E-02  0.534E-02  0.733E-02  0.313E-03  0.104E-03  0.508E-02  0.000E+00  0.000E+00  0.000E+00
  0.38000  0.11430  0.16839  0.17350  0.107E-01  0.737E-02  0.528E-02  0.727E-02  0.318E-03  0.103E-03  0.508E-02  0.000E+00  0.000E+00  0.000E+00
  0.38000  0.11412  0.16890  0.17400  0.106E-01  0.731E-02  0.522E-02  0.721E-02  0.323E-03  0.103E-03  0.508E-02  0.000E+00  0.000E+00  0.000E+00
  0.38000  0.11395  0.16940  0.17450  0.106E-01  0.725E-02  0.516E-02  0.715E-02  0.328E-03  0.103E-03  0.508E-02  0.000E+00  0.000E+00  0.000E+00
  0.38000  0.11377  0.16991  0.17500  0.105E-01  0.719E-02  0.510E-02  0.709E-02  0.333E-03  0.103E-03  0.508E-02  0.000E+00  0.000E+00  0.000E+00
  0.38000  0.11360  0.17042  0.17550  0.105E-01  0.713E-02  0.504E-02  0.703E-02  0.338E-03  0.103E-03  0.509E-02  0.000E+00  0.000E+00  0.000E+00
  0.38000  0.11342  0.17093  0.17600  0.104E-01  0.709E-02  0.498E-02  0.697E-02  0.358E-03  0.118E-03  0.509E-02  0.000E+00  0.000E+00  0.000E+00
  0.38000  0.11325  0.17143  0.17650  0.104E-01  0.703E-02  0.492E-02  0.691E-02  0.363E-03  0.117E-03  0.509E-02  0.000E+00  0.000E+00  0.000E+00
  0.38000  0.11307  0.17194  0.17700  0.103E-01  0.697E-02  0.486E-02  0.685E-02  0.369E-03  0.117E-03  0.510E-02  0.000E+00  0.000E+00  0.000E+00
  0.38000  0.11289  0.17245  0.17750  0.103E-01  0.691E-02  0.480E-02  0.679E-02  0.375E-03  0.117E-03  0.510E-02  0.000E+00  0.000E+00  0.000E+00
  0.38000  0.11272  0.17296  0.17800  0.102E-01  0.685E-02  0.474E-02  0.673E-02  0.380E-03  0.117E-03  0.511E-02  0.000E+00  0.000E+00  0.000E+00
  0.38000  0.11254  0.17347  0.17850  0.102E-01  0.679E-02  0.469E-02  0.668E-02  0.386E-03  0.117E-03  0.511E-02  0.000E+00  0.000E+00  0.000E+00
  0.38000  0.11236  0.17397  0.17900  0.102E-01  0.675E-02  0.463E-02  0.662E-02  0.407E-03  0.133E-03  0.512E-02  0.000E+00  0.000E+00  0.000E+00
  0.38000  0.11218  0.17448  0.17950  0.101E-01  0.670E-02  0.458E-02  0.656E-02  0.413E-03  0.132E-03  0.513E-02  0.000E+00  0.000E+00  0.000E+00
  0.38000  0.11200  0.17499  0.18000  0.101E-01  0.664E-02  0.452E-02  0.651E-02  0.420E-03  0.132E-03  0.513E-02  0.000E+00  0.000E+00  0.000E+00
  0.38000  0.11182  0.17550  0.18050  0.100E-01  0.658E-02  0.447E-02  0.645E-02  0.426E-03  0.132E-03  0.514E-02  0.000E+00  0.000E+00  0.000E+00
  0.38000  0.11164  0.17601  0.18100  0.999E-02  0.653E-02  0.441E-02  0.639E-02  0.432E-03  0.133E-03  0.515E-02  0.000E+00  0.000E+00  0.000E+00
  0.38000  0.11146  0.17651  0.18150  0.997E-02  0.649E-02  0.436E-02  0.634E-02  0.455E-03  0.150E-03  0.516E-02  0.000E+00  0.000E+00  0.000E+00
  0.38000  0.11128  0.17702  0.18200  0.993E-02  0.643E-02  0.430E-02  0.628E-02  0.462E-03  0.149E-03  0.517E-02  0.000E+00  0.000E+00  0.000E+00
  0.38000  0.11109  0.17753  0.18250  0.990E-02  0.638E-02  0.425E-02  0.623E-02  0.469E-03  0.149E-03  0.518E-02  0.000E+00  0.000E+00  0.000E+00
  0.38000  0.11091  0.17804  0.18300  0.986E-02  0.632E-02  0.420E-02  0.617E-02  0.476E-03  0.149E-03  0.519E-02  0.000E+00  0.000E+00  0.000E+00
  0.38000  0.11073  0.17855  0.18350  0.983E-02  0.627E-02  0.415E-02  0.612E-02  0.483E-03  0.149E-03  0.520E-02  0.000E+00  0.000E+00  0.000E+00
  0.38000  0.11054  0.17906  0.18400  0.980E-02  0.622E-02  0.410E-02  0.607E-02  0.490E-03  0.150E-03  0.521E-02  0.000E+00  0.000E+00  0.000E+00
  0.38000  0.11036  0.17956  0.18450  0.978E-02  0.618E-02  0.404E-02  0.601E-02  0.514E-03  0.168E-03  0.522E-02  0.000E+00  0.000E+00  0.000E+00
  0.38000  0.11017  0.18007  0.18500  0.975E-02  0.613E-02  0.399E-02  0.596E-02  0.522E-03  0.167E-03  0.523E-02  0.000E+00  0.000E+00  0.000E+00
  0.38000  0.10999  0.18058  0.18550  0.972E-02  0.608E-02  0.394E-02  0.591E-02  0.530E-03  0.167E-03  0.525E-02  0.000E+00  0.000E+00  0.000E+00
  0.38000  0.10980  0.18109  0.18600  0.969E-02  0.602E-02  0.389E-02  0.586E-02  0.538E-03  0.168E-03  0.526E-02  0.000E+00  0.000E+00  0.000E+00
  0.38000  0.10962  0.18160  0.18650  0.967E-02  0.597E-02  0.385E-02  0.580E-02  0.546E-03  0.168E-03  0.528E-02  0.000E+00  0.000E+00  0.000E+00
  0.38000  0.10943  0.18211  0.18700  0.966E-02  0.594E-02  0.380E-02  0.575E-02  0.572E-03  0.188E-03  0.529E-02  0.000E+00  0.000E+00  0.000E+00
  0.38000  0.10924  0.18261  0.18750  0.963E-02  0.589E-02  0.375E-02  0.570E-02  0.581E-03  0.187E-03  0.531E-02  0.000E+00  0.000E+00  0.000E+00
  0.38000  0.10906  0.18312  0.18800  0.961E-02  0.584E-02  0.370E-02  0.565E-02  0.589E-03  0.187E-03  0.532E-02  0.000E+00  0.000E+00  0.000E+00
  0.38000  0.10887  0.18363  0.18850  0.959E-02  0.579E-02  0.365E-02  0.560E-02  0.598E-03  0.187E-03  0.534E-02  0.000E+00  0.000E+00  0.000E+00
  0.38000  0.10868  0.18414  0.18900  0.957E-02  0.574E-02  0.361E-02  0.555E-02  0.607E-03  0.188E-03  0.535E-02  0.000E+00  0.000E+00  0.000E+00
  0.38000  0.10849  0.18465  0.18950  0.955E-02  0.569E-02  0.356E-02  0.550E-02  0.616E-03  0.188E-03  0.537E-02  0.000E+00  0.000E+00  0.000E+00
  0.38000  0.10830  0.18516  0.19000  0.955E-02  0.566E-02  0.352E-02  0.545E-02  0.644E-03  0.209E-03  0.539E-02  0.000E+00  0.000E+00  0.000E+00
  0.38000  0.10811  0.18566  0.19050  0.953E-02  0.561E-02  0.347E-02  0.540E-02  0.653E-03  0.209E-03  0.541E-02  0.000E+00  0.000E+00  0.000E+00
  0.38000  0.10792  0.18617  0.19100  0.952E-02  0.556E-02  0.342E-02  0.535E-02  0.663E-03  0.209E-03  0.543E-02  0.000E+00  0.000E+00  0.000E+00
  0.38000  0.10773  0.18668  0.19150  0.950E-02  0.551E-02  0.338E-02  0.531E-02  0.673E-03  0.209E-03  0.545E-02  0.000E+00  0.000E+00  0.000E+00
  0.38000  0.10754  0.18719  0.19200  0.949E-02  0.547E-02  0.334E-02  0.526E-02  0.683E-03  0.209E-03  0.547E-02  0.000E+00  0.000E+00  0.000E+00
  0.38000  0.10734  0.18770  0.19250  0.948E-02  0.542E-02  0.329E-02  0.521E-02  0.693E-03  0.210E-03  0.549E-02  0.000E+00  0.000E+00  0.000E+00
  0.38000  0.10715  0.18821  0.19300  0.948E-02  0.539E-02  0.325E-02  0.516E-02  0.723E-03  0.232E-03  0.551E-02  0.000E+00  0.000E+00  0.000E+00
  0.38000  0.10696  0.18872  0.19350  0.947E-02  0.535E-02  0.321E-02  0.512E-02  0.734E-03  0.232E-03  0.553E-02  0.000E+00  0.000E+00  0.000E+00
  0.38000  0.10676  0.18922  0.19400  0.946E-02  0.530E-02  0.316E-02  0.507E-02  0.745E-03  0.232E-03  0.555E-02  0.000E+00  0.000E+00  0.000E+00
  0.38000  0.10657  0.18973  0.19450  0.946E-02  0.525E-02  0.312E-02  0.502E-02  0.756E-03  0.232E-03  0.558E-02  0.000E+00  0.000E+00  0.000E+00
  0.38000  0.10637  0.19024  0.19500  0.945E-02  0.521E-02  0.308E-02  0.498E-02  0.767E-03  0.233E-03  0.560E-02  0.000E+00  0.000E+00  0.000E+00
  0.38000  0.10618  0.19075  0.19550  0.946E-02  0.519E-02  0.304E-02  0.493E-02  0.798E-03  0.257E-03  0.563E-02  0.000E+00  0.000E+00  0.000E+00
  0.38000  0.10598  0.19126  0.19600  0.946E-02  0.514E-02  0.300E-02  0.488E-02  0.810E-03  0.257E-03  0.565E-02  0.000E+00  0.000E+00  0.000E+00
  0.38000  0.10579  0.19177  0.19650  0.946E-02  0.510E-02  0.296E-02  0.484E-02  0.822E-03  0.257E-03  0.567E-02  0.000E+00  0.000E+00  0.000E+00
  0.38000  0.10559  0.19228  0.19700  0.945E-02  0.505E-02  0.292E-02  0.480E-02  0.834E-03  0.257E-03  0.570E-02  0.000E+00  0.000E+00  0.000E+00
  0.38000  0.10539  0.19279  0.19750  0.945E-02  0.501E-02  0.288E-02  0.475E-02  0.846E-03  0.258E-03  0.573E-02  0.000E+00  0.000E+00  0.000E+00
  0.38000  0.10520  0.19329  0.19800  0.945E-02  0.497E-02  0.284E-02  0.471E-02  0.858E-03  0.259E-03  0.575E-02  0.000E+00  0.000E+00  0.000E+00
  0.38000  0.10500  0.19380  0.19850  0.947E-02  0.495E-02  0.280E-02  0.466E-02  0.891E-03  0.283E-03  0.578E-02  0.000E+00  0.000E+00  0.000E+00
  0.38000  0.10480  0.19431  0.19900  0.948E-02  0.490E-02  0.276E-02  0.462E-02  0.905E-03  0.284E-03  0.581E-02  0.000E+00  0.000E+00  0.000E+00
  0.38000  0.10460  0.19482  0.19950  0.948E-02  0.486E-02  0.273E-02  0.458E-02  0.918E-03  0.284E-03  0.584E-02  0.000E+00  0.000E+00  0.000E+00
  0.38000  0.10440  0.19533  0.20000  0.949E-02  0.482E-02  0.269E-02  0.453E-02  0.932E-03  0.285E-03  0.586E-02  0.000E+00  0.000E+00  0.000E+00
  0.38000  0.10420  0.19584  0.20050  0.949E-02  0.478E-02  0.265E-02  0.449E-02  0.945E-03  0.285E-03  0.589E-02  0.000E+00  0.000E+00  0.000E+00
  0.38000  0.10400  0.19635  0.20100  0.952E-02  0.476E-02  0.262E-02  0.445E-02  0.980E-03  0.312E-03  0.592E-02  0.000E+00  0.000E+00  0.000E+00
  0.38000  0.10380  0.19686  0.20150  0.953E-02  0.472E-02  0.258E-02  0.441E-02  0.994E-03  0.312E-03  0.595E-02  0.000E+00  0.000E+00  0.000E+00
  0.38000  0.10360  0.19737  0.20200  0.954E-02  0.468E-02  0.254E-02  0.437E-02  0.101E-02  0.312E-03  0.598E-02  0.000E+00  0.000E+00  0.000E+00
  0.38000  0.10339  0.19788  0.20250  0.955E-02  0.464E-02  0.251E-02  0.432E-02  0.102E-02  0.313E-03  0.602E-02  0.000E+00  0.000E+00  0.000E+00
  0.38000  0.10319  0.19838  0.20300  0.956E-02  0.460E-02  0.247E-02  0.428E-02  0.104E-02  0.314E-03  0.605E-02  0.000E+00  0.000E+00  0.000E+00
  0.38000  0.10299  0.19889  0.20350  0.957E-02  0.456E-02  0.244E-02  0.424E-02  0.105E-02  0.315E-03  0.608E-02  0.000E+00  0.000E+00  0.000E+00
  0.38000  0.10278  0.19940  0.20400  0.961E-02  0.454E-02  0.240E-02  0.420E-02  0.109E-02  0.343E-03  0.611E-02  0.000E+00  0.000E+00  0.000E+00
  0.38000  0.10258  0.19991  0.20450  0.962E-02  0.450E-02  0.237E-02  0.416E-02  0.111E-02  0.343E-03  0.614E-02  0.000E+00  0.000E+00  0.000E+00
  0.38000  0.10237  0.20042  0.20500  0.964E-02  0.447E-02  0.234E-02  0.412E-02  0.112E-02  0.344E-03  0.618E-02  0.000E+00  0.000E+00  0.000E+00
  0.38000  0.10217  0.20093  0.20550  0.965E-02  0.443E-02  0.230E-02  0.408E-02  0.114E-02  0.345E-03  0.621E-02  0.000E+00  0.000E+00  0.000E+00
  0.38000  0.10196  0.20144  0.20600  0.967E-02  0.439E-02  0.227E-02  0.404E-02  0.115E-02  0.346E-03  0.625E-02  0.000E+00  0.000E+00  0.000E+00
  0.38000  0.10176  0.20195  0.20650  0.971E-02  0.438E-02  0.224E-02  0.400E-02  0.119E-02  0.375E-03  0.628E-02  0.000E+00  0.000E+00  0.000E+00
  0.38000  0.10155  0.20246  0.20700  0.973E-02  0.434E-02  0.221E-02  0.397E-02  0.121E-02  0.375E-03  0.632E-02  0.000E+00  0.000E+00  0.000E+00
  0.38000  0.10134  0.20297  0.20750  0.975E-02  0.430E-02  0.217E-02  0.393E-02  0.123E-02  0.376E-03  0.635E-02  0.000E+00  0.000E+00  0.000E+00
  0.38000  0.10114  0.20348  0.20800  0.978E-02  0.427E-02  0.214E-02  0.389E-02  0.125E-02  0.377E-03  0.639E-02  0.000E+00  0.000E+00  0.000E+00
  0.38000  0.10093  0.20399  0.20850  0.980E-02  0.423E-02  0.211E-02  0.385E-02  0.126E-02  0.378E-03  0.643E-02  0.000E+00  0.000E+00  0.000E+00
  0.38000  0.10072  0.20449  0.20900  0.982E-02  0.419E-02  0.208E-02  0.381E-02  0.128E-02  0.380E-03  0.646E-02  0.000E+00  0.000E+00  0.000E+00
  0.38000  0.10051  0.20500  0.20950  0.987E-02  0.419E-02  0.205E-02  0.378E-02  0.132E-02  0.410E-03  0.650E-02  0.000E+00  0.000E+00  0.000E+00
  0.38000  0.10030  0.20551  0.21000  0.990E-02  0.415E-02  0.202E-02  0.374E-02  0.134E-02  0.410E-03  0.654E-02  0.000E+00  0.000E+00  0.000E+00
  0.38000  0.10009  0.20602  0.21050  0.993E-02  0.411E-02  0.199E-02  0.370E-02  0.136E-02  0.411E-03  0.658E-02  0.000E+00  0.000E+00  0.000E+00
  0.38000  0.09988  0.20653  0.21100  0.996E-02  0.408E-02  0.196E-02  0.367E-02  0.138E-02  0.413E-03  0.661E-02  0.000E+00  0.000E+00  0.000E+00
  0.38000  0.09967  0.20704  0.21150  0.999E-02  0.405E-02  0.193E-02  0.363E-02  0.140E-02  0.414E-03  0.665E-02  0.000E+00  0.000E+00  0.000E+00
  0.38000  0.09946  0.20755  0.21200  0.100E-01  0.404E-02  0.190E-02  0.360E-02  0.144E-02  0.446E-03  0.669E-02  0.000E+00  0.000E+00  0.000E+00
  0.38000  0.09924  0.20806  0.21250  0.101E-01  0.401E-02  0.188E-02  0.356E-02  0.146E-02  0.447E-03  0.673E-02  0.000E+00  0.000E+00  0.000E+00
  0.38000  0.09903  0.20857  0.21300  0.101E-01  0.397E-02  0.185E-02  0.352E-02  0.148E-02  0.448E-03  0.677E-02  0.000E+00  0.000E+00  0.000E+00
  0.38000  0.09882  0.20908  0.21350  0.101E-01  0.394E-02  0.182E-02  0.349E-02  0.150E-02  0.449E-03  0.681E-02  0.000E+00  0.000E+00  0.000E+00
  0.38000  0.09860  0.20959  0.21400  0.102E-01  0.391E-02  0.179E-02  0.345E-02  0.153E-02  0.451E-03  0.685E-02  0.000E+00  0.000E+00  0.000E+00
  0.38000  0.09839  0.21010  0.21450  0.102E-01  0.387E-02  0.176E-02  0.342E-02  0.155E-02  0.453E-03  0.689E-02  0.000E+00  0.000E+00  0.000E+00
  0.38000  0.09817  0.21061  0.21500  0.103E-01  0.387E-02  0.174E-02  0.339E-02  0.159E-02  0.485E-03  0.694E-02  0.000E+00  0.000E+00  0.000E+00
  0.38000  0.09796  0.21112  0.21550  0.103E-01  0.384E-02  0.171E-02  0.335E-02  0.161E-02  0.486E-03  0.698E-02  0.000E+00  0.000E+00  0.000E+00
  0.38000  0.09774  0.21163  0.21600  0.103E-01  0.381E-02  0.169E-02  0.332E-02  0.164E-02  0.488E-03  0.702E-02  0.000E+00  0.000E+00  0.000E+00
  0.38000  0.09753  0.21214  0.21650  0.104E-01  0.377E-02  0.166E-02  0.328E-02  0.166E-02  0.490E-03  0.706E-02  0.000E+00  0.000E+00  0.000E+00
  0.38000  0.09731  0.21265  0.21700  0.104E-01  0.374E-02  0.163E-02  0.325E-02  0.168E-02  0.492E-03  0.711E-02  0.000E+00  0.000E+00  0.000E+00
  0.38000  0.09709  0.21316  0.21750  0.105E-01  0.374E-02  0.161E-02  0.322E-02  0.173E-02  0.526E-03  0.715E-02  0.000E+00  0.000E+00  0.000E+00
  0.38000  0.09688  0.21367  0.21800  0.105E-01  0.371E-02  0.158E-02  0.319E-02  0.175E-02  0.527E-03  0.719E-02  0.000E+00  0.000E+00  0.000E+00
  0.38000  0.09666  0.21418  0.21850  0.106E-01  0.368E-02  0.156E-02  0.315E-02  0.178E-02  0.528E-03  0.724E-02  0.000E+00  0.000E+00  0.000E+00
  0.38000  0.09644  0.21469  0.21900  0.106E-01  0.365E-02  0.153E-02  0.312E-02  0.180E-02  0.530E-03  0.728E-02  0.000E+00  0.000E+00  0.000E+00
  0.38000  0.09622  0.21520  0.21950  0.107E-01  0.362E-02  0.151E-02  0.309E-02  0.183E-02  0.533E-03  0.732E-02  0.000E+00  0.000E+00  0.000E+00
  0.38000  0.09600  0.21571  0.22000  0.107E-01  0.359E-02  0.149E-02  0.306E-02  0.185E-02  0.535E-03  0.737E-02  0.000E+00  0.000E+00  0.000E+00
  0.38000  0.09578  0.21622  0.22050  0.108E-01  0.360E-02  0.146E-02  0.303E-02  0.190E-02  0.570E-03  0.741E-02  0.000E+00  0.000E+00  0.000E+00
  0.38000  0.09556  0.21673  0.22100  0.108E-01  0.357E-02  0.144E-02  0.299E-02  0.193E-02  0.571E-03  0.746E-02  0.000E+00  0.000E+00  0.000E+00
  0.38000  0.09534  0.21724  0.22150  0.109E-01  0.354E-02  0.142E-02  0.296E-02  0.196E-02  0.573E-03  0.750E-02  0.000E+00  0.000E+00  0.000E+00
  0.38000  0.09512  0.21775  0.22200  0.109E-01  0.351E-02  0.139E-02  0.293E-02  0.198E-02  0.576E-03  0.755E-02  0.000E+00  0.000E+00  0.000E+00
  0.38000  0.09489  0.21826  0.22250  0.110E-01  0.348E-02  0.137E-02  0.290E-02  0.201E-02  0.579E-03  0.759E-02  0.000E+00  0.000E+00  0.000E+00
  0.38000  0.09467  0.21877  0.22300  0.111E-01  0.349E-02  0.135E-02  0.287E-02  0.206E-02  0.615E-03  0.764E-02  0.000E+00  0.000E+00  0.000E+00
  0.38000  0.09445  0.21928  0.22350  0.111E-01  0.346E-02  0.133E-02  0.284E-02  0.209E-02  0.616E-03  0.769E-02  0.000E+00  0.000E+00  0.000E+00
  0.38000  0.09422  0.21979  0.22400  0.112E-01  0.343E-02  0.131E-02  0.281E-02  0.212E-02  0.619E-03  0.773E-02  0.000E+00  0.000E+00  0.000E+00
  0.38000  0.09400  0.22030  0.22450  0.112E-01  0.340E-02  0.128E-02  0.278E-02  0.215E-02  0.621E-03  0.778E-02  0.000E+00  0.000E+00  0.000E+00
  0.38000  0.09377  0.22081  0.22500  0.113E-01  0.338E-02  0.126E-02  0.275E-02  0.218E-02  0.624E-03  0.783E-02  0.000E+00  0.000E+00  0.000E+00
  0.38000  0.09355  0.22132  0.22550  0.113E-01  0.339E-02  0.124E-02  0.272E-02  0.223E-02  0.662E-03  0.787E-02  0.000E+00  0.000E+00  0.000E+00
  0.38000  0.09332  0.22183  0.22600  0.114E-01  0.336E-02  0.122E-02  0.270E-02  0.226E-02  0.664E-03  0.792E-02  0.000E+00  0.000E+00  0.000E+00
  0.38000  0.09310  0.22234  0.22650  0.115E-01  0.333E-02  0.120E-02  0.267E-02  0.229E-02  0.666E-03  0.797E-02  0.000E+00  0.000E+00  0.000E+00
  0.38000  0.09287  0.22285  0.22700  0.115E-01  0.331E-02  0.118E-02  0.264E-02  0.232E-02  0.669E-03  0.802E-02  0.000E+00  0.000E+00  0.000E+00
  0.38000  0.09264  0.22336  0.22750  0.116E-01  0.328E-02  0.116E-02  0.261E-02  0.235E-02  0.672E-03  0.806E-02  0.000E+00  0.000E+00  0.000E+00
  0.38000  0.09242  0.22387  0.22800  0.116E-01  0.326E-02  0.114E-02  0.258E-02  0.239E-02  0.676E-03  0.811E-02  0.000E+00  0.000E+00  0.000E+00
  0.38000  0.09219  0.22438  0.22850  0.117E-01  0.327E-02  0.112E-02  0.255E-02  0.244E-02  0.713E-03  0.816E-02  0.000E+00  0.000E+00  0.000E+00
  0.38000  0.09196  0.22489  0.22900  0.118E-01  0.324E-02  0.110E-02  0.253E-02  0.247E-02  0.715E-03  0.821E-02  0.000E+00  0.000E+00  0.000E+00
  0.38000  0.09173  0.22540  0.22950  0.118E-01  0.322E-02  0.108E-02  0.250E-02  0.251E-02  0.719E-03  0.825E-02  0.000E+00  0.000E+00  0.000E+00
  0.38000  0.09150  0.22591  0.23000  0.119E-01  0.319E-02  0.107E-02  0.247E-02  0.254E-02  0.722E-03  0.830E-02  0.000E+00  0.000E+00  0.000E+00
  0.38000  0.09127  0.22642  0.23050  0.120E-01  0.317E-02  0.105E-02  0.245E-02  0.257E-02  0.726E-03  0.835E-02  0.000E+00  0.000E+00  0.000E+00
  0.38000  0.09104  0.22693  0.23100  0.121E-01  0.318E-02  0.103E-02  0.242E-02  0.263E-02  0.765E-03  0.840E-02  0.000E+00  0.000E+00  0.000E+00
  0.38000  0.09081  0.22744  0.23150  0.121E-01  0.316E-02  0.101E-02  0.239E-02  0.267E-02  0.767E-03  0.845E-02  0.000E+00  0.000E+00  0.000E+00
  0.38000  0.09058  0.22795  0.23200  0.122E-01  0.314E-02  0.994E-03  0.237E-02  0.270E-02  0.771E-03  0.850E-02  0.000E+00  0.000E+00  0.000E+00
  0.38000  0.09034  0.22846  0.23250  0.123E-01  0.311E-02  0.977E-03  0.234E-02  0.274E-02  0.774E-03  0.854E-02  0.000E+00  0.000E+00  0.000E+00
  0.38000  0.09011  0.22897  0.23300  0.123E-01  0.309E-02  0.960E-03  0.231E-02  0.277E-02  0.778E-03  0.859E-02  0.000E+00  0.000E+00  0.000E+00
  0.38000  0.08988  0.22948  0.23350  0.124E-01  0.307E-02  0.943E-03  0.229E-02  0.281E-02  0.783E-03  0.864E-02  0.000E+00  0.000E+00  0.000E+00
  0.38000  0.08964  0.22999  0.23400  0.125E-01  0.309E-02  0.926E-03  0.226E-02  0.287E-02  0.822E-03  0.869E-02  0.000E+00  0.000E+00  0.000E+00
  0.38000  0.08941  0.23050  0.23450  0.126E-01  0.306E-02  0.909E-03  0.224E-02  0.291E-02  0.825E-03  0.874E-02  0.000E+00  0.000E+00  0.000E+00
  0.38000  0.08917  0.23101  0.23500  0.126E-01  0.304E-02  0.893E-03  0.221E-02  0.295E-02  0.829E-03  0.879E-02  0.000E+00  0.000E+00  0.000E+00
  0.38000  0.08894  0.23152  0.23550  0.127E-01  0.302E-02  0.877E-03  0.219E-02  0.299E-02  0.833E-03  0.884E-02  0.000E+00  0.000E+00  0.000E+00
  0.38000  0.08870  0.23203  0.23600  0.128E-01  0.300E-02  0.861E-03  0.216E-02  0.302E-02  0.838E-03  0.889E-02  0.000E+00  0.000E+00  0.000E+00
  0.38000  0.08847  0.23254  0.23650  0.129E-01  0.302E-02  0.845E-03  0.214E-02  0.309E-02  0.878E-03  0.893E-02  0.000E+00  0.000E+00  0.000E+00
  0.38000  0.08823  0.23305  0.23700  0.129E-01  0.300E-02  0.830E-03  0.212E-02  0.313E-02  0.882E-03  0.898E-02  0.000E+00  0.000E+00  0.000E+00
  0.38000  0.08799  0.23356  0.23750  0.130E-01  0.298E-02  0.815E-03  0.209E-02  0.317E-02  0.886E-03  0.903E-02  0.000E+00  0.000E+00  0.000E+00
  0.38000  0.08776  0.23407  0.23800  0.131E-01  0.296E-02  0.800E-03  0.207E-02  0.321E-02  0.891E-03  0.908E-02  0.000E+00  0.000E+00  0.000E+00
  0.38000  0.08752  0.23459  0.23850  0.132E-01  0.294E-02  0.785E-03  0.204E-02  0.325E-02  0.896E-03  0.913E-02  0.000E+00  0.000E+00  0.000E+00
  0.38000  0.08728  0.23510  0.23900  0.133E-01  0.296E-02  0.770E-03  0.202E-02  0.331E-02  0.937E-03  0.918E-02  0.000E+00  0.000E+00  0.000E+00
  0.38000  0.08704  0.23561  0.23950  0.133E-01  0.294E-02  0.756E-03  0.200E-02  0.336E-02  0.941E-03  0.923E-02  0.000E+00  0.000E+00  0.000E+00
  0.38000  0.08680  0.23612  0.24000  0.134E-01  0.292E-02  0.742E-03  0.197E-02  0.340E-02  0.945E-03  0.928E-02  0.000E+00  0.000E+00  0.000E+00
  0.38000  0.08656  0.23663  0.24050  0.135E-01  0.290E-02  0.728E-03  0.195E-02  0.344E-02  0.950E-03  0.932E-02  0.000E+00  0.000E+00  0.000E+00
  0.38000  0.08632  0.23714  0.24100  0.136E-01  0.288E-02  0.714E-03  0.193E-02  0.349E-02  0.956E-03  0.937E-02  0.000E+00  0.000E+00  0.000E+00
  0.38000  0.08608  0.23765  0.24150  0.137E-01  0.287E-02  0.700E-03  0.191E-02  0.353E-02  0.962E-03  0.942E-02  0.000E+00  0.000E+00  0.000E+00
  0.38000  0.08584  0.23816  0.24200  0.138E-01  0.289E-02  0.687E-03  0.188E-02  0.360E-02  0.100E-02  0.947E-02  0.000E+00  0.000E+00  0.000E+00
  0.38000  0.08559  0.23867  0.24250  0.138E-01  0.287E-02  0.673E-03  0.186E-02  0.364E-02  0.101E-02  0.952E-02  0.000E+00  0.000E+00  0.000E+00
  0.38000  0.08535  0.23918  0.24300  0.139E-01  0.285E-02  0.660E-03  0.184E-02  0.369E-02  0.101E-02  0.957E-02  0.000E+00  0.000E+00  0.000E+00
  0.38000  0.08511  0.23969  0.24350  0.140E-01  0.284E-02  0.647E-03  0.182E-02  0.374E-02  0.102E-02  0.961E-02  0.000E+00  0.000E+00  0.000E+00
  0.38000  0.08486  0.24020  0.24400  0.141E-01  0.282E-02  0.635E-03  0.180E-02  0.378E-02  0.102E-02  0.966E-02  0.000E+00  0.000E+00  0.000E+00
  0.38000  0.08462  0.24071  0.24450  0.142E-01  0.284E-02  0.622E-03  0.177E-02  0.385E-02  0.107E-02  0.971E-02  0.000E+00  0.000E+00  0.000E+00
  0.38000  0.08437  0.24123  0.24500  0.143E-01  0.282E-02  0.610E-03  0.175E-02  0.390E-02  0.107E-02  0.976E-02  0.000E+00  0.000E+00  0.000E+00
  0.38000  0.08413  0.24174  0.24550  0.144E-01  0.281E-02  0.598E-03  0.173E-02  0.395E-02  0.108E-02  0.980E-02  0.000E+00  0.000E+00  0.000E+00
  0.38000  0.08388  0.24225  0.24600  0.144E-01  0.279E-02  0.586E-03  0.171E-02  0.400E-02  0.108E-02  0.985E-02  0.000E+00  0.000E+00  0.000E+00
  0.38000  0.08364  0.24276  0.24650  0.145E-01  0.278E-02  0.574E-03  0.169E-02  0.405E-02  0.109E-02  0.990E-02  0.000E+00  0.000E+00  0.000E+00
  0.38000  0.08339  0.24327  0.24700  0.146E-01  0.280E-02  0.562E-03  0.167E-02  0.412E-02  0.113E-02  0.995E-02  0.000E+00  0.000E+00  0.000E+00
  0.38000  0.08314  0.24378  0.24750  0.147E-01  0.279E-02  0.551E-03  0.165E-02  0.417E-02  0.114E-02  0.999E-02  0.000E+00  0.000E+00  0.000E+00
  0.38000  0.08290  0.24429  0.24800  0.148E-01  0.277E-02  0.540E-03  0.163E-02  0.422E-02  0.114E-02  0.100E-01  0.000E+00  0.000E+00  0.000E+00
  0.38000  0.08265  0.24480  0.24850  0.149E-01  0.276E-02  0.528E-03  0.161E-02  0.427E-02  0.115E-02  0.101E-01  0.000E+00  0.000E+00  0.000E+00
  0.38000  0.08240  0.24531  0.24900  0.150E-01  0.275E-02  0.518E-03  0.159E-02  0.433E-02  0.116E-02  0.101E-01  0.000E+00  0.000E+00  0.000E+00
  0.38000  0.08215  0.24583  0.24950  0.151E-01  0.274E-02  0.507E-03  0.157E-02  0.438E-02  0.117E-02  0.102E-01  0.000E+00  0.000E+00  0.000E+00
  0.38000  0.08190  0.24634  0.25000  0.152E-01  0.276E-02  0.496E-03  0.155E-02  0.445E-02  0.121E-02  0.102E-01  0.000E+00  0.000E+00  0.000E+00
  0.38000  0.08165  0.24685  0.25050  0.153E-01  0.274E-02  0.486E-03  0.153E-02  0.451E-02  0.121E-02  0.103E-01  0.000E+00  0.000E+00  0.000E+00
  0.38000  0.08140  0.24736  0.25100  0.154E-01  0.273E-02  0.475E-03  0.151E-02  0.456E-02  0.122E-02  0.103E-01  0.000E+00  0.000E+00  0.000E+00
  0.38000  0.08115  0.24787  0.25150  0.154E-01  0.272E-02  0.465E-03  0.149E-02  0.462E-02  0.123E-02  0.104E-01  0.000E+00  0.000E+00  0.000E+00
  0.38000  0.08090  0.24838  0.25200  0.155E-01  0.271E-02  0.455E-03  0.147E-02  0.467E-02  0.124E-02  0.104E-01  0.000E+00  0.000E+00  0.000E+00
  0.38000  0.08064  0.24889  0.25250  0.156E-01  0.273E-02  0.445E-03  0.145E-02  0.475E-02  0.128E-02  0.105E-01  0.000E+00  0.000E+00  0.000E+00
  0.38000  0.08039  0.24940  0.25300  0.157E-01  0.272E-02  0.436E-03  0.144E-02  0.481E-02  0.129E-02  0.105E-01  0.000E+00  0.000E+00  0.000E+00
  0.38000  0.08014  0.24992  0.25350  0.158E-01  0.271E-02  0.426E-03  0.142E-02  0.486E-02  0.129E-02  0.105E-01  0.000E+00  0.000E+00  0.000E+00
  0.38000  0.07988  0.25043  0.25400  0.159E-01  0.270E-02  0.417E-03  0.140E-02  0.492E-02  0.130E-02  0.106E-01  0.000E+00  0.000E+00  0.000E+00
  0.38000  0.07963  0.25094  0.25450  0.160E-01  0.269E-02  0.408E-03  0.138E-02  0.498E-02  0.131E-02  0.106E-01  0.000E+00  0.000E+00  0.000E+00
  0.38000  0.07937  0.25145  0.25500  0.161E-01  0.271E-02  0.399E-03  0.136E-02  0.506E-02  0.135E-02  0.107E-01  0.000E+00  0.000E+00  0.000E+00
  0.38000  0.07912  0.25196  0.25550  0.162E-01  0.270E-02  0.390E-03  0.134E-02  0.512E-02  0.136E-02  0.107E-01  0.000E+00  0.000E+00  0.000E+00
  0.38000  0.07886  0.25247  0.25600  0.163E-01  0.270E-02  0.381E-03  0.133E-02  0.518E-02  0.137E-02  0.108E-01  0.000E+00  0.000E+00  0.000E+00
  0.38000  0.07861  0.25298  0.25650  0.164E-01  0.269E-02  0.372E-03  0.131E-02  0.524E-02  0.138E-02  0.108E-01  0.000E+00  0.000E+00  0.000E+00
  0.38000  0.07835  0.25350  0.25700  0.165E-01  0.268E-02  0.364E-03  0.129E-02  0.530E-02  0.139E-02  0.108E-01  0.000E+00  0.000E+00  0.000E+00
  0.38000  0.07809  0.25401  0.25750  0.166E-01  0.270E-02  0.355E-03  0.127E-02  0.538E-02  0.143E-02  0.109E-01  0.000E+00  0.000E+00  0.000E+00
  0.38000  0.07784  0.25452  0.25800  0.167E-01  0.270E-02  0.347E-03  0.126E-02  0.544E-02  0.144E-02  0.109E-01  0.000E+00  0.000E+00  0.000E+00
  0.38000  0.07758  0.25503  0.25850  0.168E-01  0.269E-02  0.339E-03  0.124E-02  0.550E-02  0.145E-02  0.110E-01  0.000E+00  0.000E+00  0.000E+00
  0.38000  0.07732  0.25554  0.25900  0.169E-01  0.268E-02  0.331E-03  0.122E-02  0.557E-02  0.146E-02  0.110E-01  0.000E+00  0.000E+00  0.000E+00
  0.38000  0.07706  0.25605  0.25950  0.170E-01  0.267E-02  0.323E-03  0.121E-02  0.563E-02  0.147E-02  0.111E-01  0.000E+00  0.000E+00  0.000E+00
  0.38000  0.07680  0.25656  0.26000  0.171E-01  0.267E-02  0.316E-03  0.119E-02  0.570E-02  0.148E-02  0.111E-01  0.000E+00  0.000E+00  0.000E+00
  0.38000  0.07654  0.25708  0.26050  0.172E-01  0.269E-02  0.308E-03  0.117E-02  0.578E-02  0.152E-02  0.111E-01  0.000E+00  0.000E+00  0.000E+00
  0.38000  0.07628  0.25759  0.26100  0.173E-01  0.269E-02  0.301E-03  0.116E-02  0.584E-02  0.153E-02  0.112E-01  0.000E+00  0.000E+00  0.000E+00
  0.38000  0.07602  0.25810  0.26150  0.174E-01  0.268E-02  0.293E-03  0.114E-02  0.591E-02  0.154E-02  0.112E-01  0.000E+00  0.000E+00  0.000E+00
  0.38000  0.07576  0.25861  0.26200  0.175E-01  0.267E-02  0.286E-03  0.113E-02  0.598E-02  0.155E-02  0.113E-01  0.000E+00  0.000E+00  0.000E+00
  0.38000  0.07549  0.25912  0.26250  0.176E-01  0.267E-02  0.279E-03  0.111E-02  0.604E-02  0.156E-02  0.113E-01  0.000E+00  0.000E+00  0.000E+00
  0.38000  0.07523  0.25963  0.26300  0.177E-01  0.269E-02  0.272E-03  0.110E-02  0.613E-02  0.160E-02  0.113E-01  0.000E+00  0.000E+00  0.000E+00
  0.38000  0.07497  0.26015  0.26350  0.178E-01  0.269E-02  0.266E-03  0.108E-02  0.620E-02  0.161E-02  0.114E-01  0.000E+00  0.000E+00  0.000E+00
  0.38000  0.07470  0.26066  0.26400  0.179E-01  0.268E-02  0.259E-03  0.106E-02  0.627E-02  0.162E-02  0.114E-01  0.000E+00  0.000E+00  0.000E+00
  0.38000  0.07444  0.26117  0.26450  0.180E-01  0.268E-02  0.252E-03  0.105E-02  0.634E-02  0.163E-02  0.114E-01  0.000E+00  0.000E+00  0.000E+00
  0.38000  0.07417  0.26168  0.26500  0.181E-01  0.268E-02  0.246E-03  0.103E-02  0.641E-02  0.164E-02  0.115E-01  0.000E+00  0.000E+00  0.000E+00
  0.38000  0.07391  0.26219  0.26550  0.182E-01  0.270E-02  0.240E-03  0.102E-02  0.649E-02  0.168E-02  0.115E-01  0.000E+00  0.000E+00  0.000E+00
  0.38000  0.07364  0.26271  0.26600  0.183E-01  0.270E-02  0.233E-03  0.100E-02  0.656E-02  0.170E-02  0.116E-01  0.000E+00  0.000E+00  0.000E+00
  0.38000  0.07338  0.26322  0.26650  0.185E-01  0.270E-02  0.227E-03  0.989E-03  0.663E-02  0.171E-02  0.116E-01  0.000E+00  0.000E+00  0.000E+00
  0.38000  0.07311  0.26373  0.26700  0.186E-01  0.269E-02  0.221E-03  0.975E-03  0.671E-02  0.172E-02  0.116E-01  0.000E+00  0.000E+00  0.000E+00
  0.38000  0.07284  0.26424  0.26750  0.187E-01  0.269E-02  0.215E-03  0.960E-03  0.678E-02  0.173E-02  0.117E-01  0.000E+00  0.000E+00  0.000E+00
  0.38000  0.07258  0.26475  0.26800  0.188E-01  0.272E-02  0.210E-03  0.946E-03  0.687E-02  0.177E-02  0.117E-01  0.000E+00  0.000E+00  0.000E+00
  0.38000  0.07231  0.26527  0.26850  0.189E-01  0.272E-02  0.204E-03  0.932E-03  0.694E-02  0.178E-02  0.117E-01  0.000E+00  0.000E+00  0.000E+00
  0.38000  0.07204  0.26578  0.26900  0.190E-01  0.271E-02  0.199E-03  0.918E-03  0.702E-02  0.180E-02  0.118E-01  0.000E+00  0.000E+00  0.000E+00
  0.38000  0.07177  0.26629  0.26950  0.191E-01  0.271E-02  0.193E-03  0.904E-03  0.709E-02  0.181E-02  0.118E-01  0.000E+00  0.000E+00  0.000E+00
  0.38000  0.07150  0.26680  0.27000  0.192E-01  0.271E-02  0.188E-03  0.890E-03  0.717E-02  0.182E-02  0.118E-01  0.000E+00  0.000E+00  0.000E+00
  0.38000  0.07123  0.26731  0.27050  0.193E-01  0.271E-02  0.183E-03  0.877E-03  0.724E-02  0.184E-02  0.119E-01  0.000E+00  0.000E+00  0.000E+00
  0.38000  0.07096  0.26783  0.27100  0.194E-01  0.274E-02  0.177E-03  0.863E-03  0.733E-02  0.188E-02  0.119E-01  0.000E+00  0.000E+00  0.000E+00
  0.38000  0.07069  0.26834  0.27150  0.195E-01  0.274E-02  0.172E-03  0.850E-03  0.741E-02  0.189E-02  0.119E-01  0.000E+00  0.000E+00  0.000E+00
  0.38000  0.07042  0.26885  0.27200  0.196E-01  0.274E-02  0.168E-03  0.836E-03  0.749E-02  0.190E-02  0.120E-01  0.000E+00  0.000E+00  0.000E+00
  0.38000  0.07014  0.26936  0.27250  0.197E-01  0.274E-02  0.163E-03  0.823E-03  0.756E-02  0.192E-02  0.120E-01  0.000E+00  0.000E+00  0.000E+00
  0.38000  0.06987  0.26987  0.27300  0.198E-01  0.274E-02  0.158E-03  0.810E-03  0.764E-02  0.193E-02  0.120E-01  0.000E+00  0.000E+00  0.000E+00
  0.38000  0.06960  0.27039  0.27350  0.199E-01  0.277E-02  0.153E-03  0.797E-03  0.773E-02  0.197E-02  0.121E-01  0.000E+00  0.000E+00  0.000E+00
  0.38000  0.06932  0.27090  0.27400  0.200E-01  0.277E-02  0.149E-03  0.785E-03  0.781E-02  0.198E-02  0.121E-01  0.000E+00  0.000E+00  0.000E+00
  0.38000  0.06905  0.27141  0.27450  0.202E-01  0.277E-02  0.144E-03  0.772E-03  0.789E-02  0.200E-02  0.121E-01  0.000E+00  0.000E+00  0.000E+00
  0.38000  0.06877  0.27192  0.27500  0.203E-01  0.277E-02  0.140E-03  0.759E-03  0.797E-02  0.201E-02  0.121E-01  0.000E+00  0.000E+00  0.000E+00
  0.38000  0.06850  0.27244  0.27550  0.204E-01  0.278E-02  0.136E-03  0.747E-03  0.805E-02  0.203E-02  0.122E-01  0.000E+00  0.000E+00  0.000E+00
  0.38000  0.06822  0.27295  0.27600  0.205E-01  0.280E-02  0.132E-03  0.735E-03  0.815E-02  0.207E-02  0.122E-01  0.000E+00  0.000E+00  0.000E+00
  0.38000  0.06795  0.27346  0.27650  0.206E-01  0.280E-02  0.128E-03  0.723E-03  0.823E-02  0.208E-02  0.122E-01  0.000E+00  0.000E+00  0.000E+00
  0.38000  0.06767  0.27397  0.27700  0.207E-01  0.281E-02  0.124E-03  0.710E-03  0.831E-02  0.210E-02  0.123E-01  0.000E+00  0.000E+00  0.000E+00
  0.38000  0.06739  0.27449  0.27750  0.208E-01  0.281E-02  0.120E-03  0.699E-03  0.839E-02  0.211E-02  0.123E-01  0.000E+00  0.000E+00  0.000E+00
  0.38000  0.06712  0.27500  0.27800  0.209E-01  0.282E-02  0.116E-03  0.687E-03  0.848E-02  0.213E-02  0.123E-01  0.000E+00  0.000E+00  0.000E+00
  0.38000  0.06684  0.27551  0.27850  0.210E-01  0.284E-02  0.112E-03  0.675E-03  0.857E-02  0.217E-02  0.123E-01  0.000E+00  0.000E+00  0.000E+00
  0.38000  0.06656  0.27602  0.27900  0.211E-01  0.285E-02  0.109E-03  0.663E-03  0.865E-02  0.218E-02  0.124E-01  0.000E+00  0.000E+00  0.000E+00
  0.38000  0.06628  0.27654  0.27950  0.212E-01  0.285E-02  0.105E-03  0.652E-03  0.874E-02  0.220E-02  0.124E-01  0.000E+00  0.000E+00  0.000E+00
  0.38000  0.06600  0.27705  0.28000  0.213E-01  0.286E-02  0.102E-03  0.641E-03  0.882E-02  0.222E-02  0.124E-01  0.000E+00  0.000E+00  0.000E+00
  0.38000  0.06572  0.27756  0.28050  0.214E-01  0.286E-02  0.982E-04  0.629E-03  0.891E-02  0.223E-02  0.124E-01  0.000E+00  0.000E+00  0.000E+00
  0.38000  0.06544  0.27807  0.28100  0.216E-01  0.289E-02  0.949E-04  0.618E-03  0.900E-02  0.227E-02  0.125E-01  0.000E+00  0.000E+00  0.000E+00
  0.38000  0.06516  0.27859  0.28150  0.217E-01  0.289E-02  0.916E-04  0.607E-03  0.909E-02  0.229E-02  0.125E-01  0.000E+00  0.000E+00  0.000E+00
  0.38000  0.06488  0.27910  0.28200  0.218E-01  0.290E-02  0.885E-04  0.596E-03  0.918E-02  0.230E-02  0.125E-01  0.000E+00  0.000E+00  0.000E+00
  0.38000  0.06459  0.27961  0.28250  0.219E-01  0.291E-02  0.854E-04  0.585E-03  0.926E-02  0.232E-02  0.125E-01  0.000E+00  0.000E+00  0.000E+00
  0.38000  0.06431  0.28012  0.28300  0.220E-01  0.291E-02  0.824E-04  0.575E-03  0.935E-02  0.234E-02  0.125E-01  0.000E+00  0.000E+00  0.000E+00
  0.38000  0.06403  0.28064  0.28350  0.221E-01  0.294E-02  0.794E-04  0.564E-03  0.945E-02  0.238E-02  0.126E-01  0.000E+00  0.000E+00  0.000E+00
  0.38000  0.06374  0.28115  0.28400  0.222E-01  0.295E-02  0.766E-04  0.554E-03  0.953E-02  0.239E-02  0.126E-01  0.000E+00  0.000E+00  0.000E+00
  0.38000  0.06346  0.28166  0.28450  0.223E-01  0.296E-02  0.738E-04  0.543E-03  0.962E-02  0.241E-02  0.126E-01  0.000E+00  0.000E+00  0.000E+00
  0.38000  0.06317  0.28217  0.28500  0.224E-01  0.296E-02  0.711E-04  0.533E-03  0.971E-02  0.243E-02  0.126E-01  0.000E+00  0.000E+00  0.000E+00
  0.38000  0.06289  0.28269  0.28550  0.225E-01  0.297E-02  0.684E-04  0.523E-03  0.980E-02  0.245E-02  0.127E-01  0.000E+00  0.000E+00  0.000E+00
  0.38000  0.06260  0.28320  0.28600  0.226E-01  0.298E-02  0.658E-04  0.513E-03  0.989E-02  0.247E-02  0.127E-01  0.000E+00  0.000E+00  0.000E+00
  0.38000  0.06232  0.28371  0.28650  0.227E-01  0.301E-02  0.633E-04  0.503E-03  0.999E-02  0.250E-02  0.127E-01  0.000E+00  0.000E+00  0.000E+00
  0.38000  0.06203  0.28423  0.28700  0.228E-01  0.302E-02  0.608E-04  0.493E-03  0.101E-01  0.252E-02  0.127E-01  0.000E+00  0.000E+00  0.000E+00
  0.38000  0.06174  0.28474  0.28750  0.230E-01  0.303E-02  0.585E-04  0.483E-03  0.102E-01  0.254E-02  0.127E-01  0.000E+00  0.000E+00  0.000E+00
  0.38000  0.06146  0.28525  0.28800  0.231E-01  0.304E-02  0.561E-04  0.474E-03  0.103E-01  0.256E-02  0.127E-01  0.000E+00  0.000E+00  0.000E+00
  0.38000  0.06117  0.28576  0.28850  0.232E-01  0.305E-02  0.539E-04  0.464E-03  0.103E-01  0.258E-02  0.128E-01  0.000E+00  0.000E+00  0.000E+00
  0.38000  0.06088  0.28628  0.28900  0.233E-01  0.307E-02  0.517E-04  0.455E-03  0.104E-01  0.262E-02  0.128E-01  0.000E+00  0.000E+00  0.000E+00
  0.38000  0.06059  0.28679  0.28950  0.234E-01  0.308E-02  0.495E-04  0.445E-03  0.105E-01  0.264E-02  0.128E-01  0.000E+00  0.000E+00  0.000E+00
  0.38000  0.06030  0.28730  0.29000  0.235E-01  0.309E-02  0.475E-04  0.436E-03  0.106E-01  0.266E-02  0.128E-01  0.000E+00  0.000E+00  0.000E+00
  0.38000  0.06001  0.28782  0.29050  0.236E-01  0.311E-02  0.454E-04  0.427E-03  0.107E-01  0.268E-02  0.128E-01  0.000E+00  0.000E+00  0.000E+00
  0.38000  0.05972  0.28833  0.29100  0.237E-01  0.312E-02  0.435E-04  0.418E-03  0.108E-01  0.270E-02  0.128E-01  0.000E+00  0.000E+00  0.000E+00
  0.38000  0.05943  0.28884  0.29150  0.238E-01  0.314E-02  0.416E-04  0.409E-03  0.109E-01  0.273E-02  0.129E-01  0.000E+00  0.000E+00  0.000E+00
  0.38000  0.05914  0.28935  0.29200  0.239E-01  0.316E-02  0.397E-04  0.400E-03  0.110E-01  0.276E-02  0.129E-01  0.000E+00  0.000E+00  0.000E+00
  0.38000  0.05884  0.28987  0.29250  0.240E-01  0.317E-02  0.379E-04  0.392E-03  0.111E-01  0.278E-02  0.129E-01  0.000E+00  0.000E+00  0.000E+00
  0.38000  0.05855  0.29038  0.29300  0.241E-01  0.318E-02  0.362E-04  0.383E-03  0.112E-01  0.280E-02  0.129E-01  0.000E+00  0.000E+00  0.000E+00
  0.38000  0.05826  0.29089  0.29350  0.242E-01  0.319E-02  0.345E-04  0.375E-03  0.113E-01  0.282E-02  0.129E-01  0.000E+00  0.000E+00  0.000E+00
  0.38000  0.05796  0.29141  0.29400  0.243E-01  0.322E-02  0.329E-04  0.366E-03  0.114E-01  0.286E-02  0.129E-01  0.000E+00  0.000E+00  0.000E+00
  0.38000  0.05767  0.29192  0.29450  0.244E-01  0.323E-02  0.313E-04  0.358E-03  0.115E-01  0.288E-02  0.129E-01  0.000E+00  0.000E+00  0.000E+00
  0.38000  0.05737  0.29243  0.29500  0.245E-01  0.325E-02  0.298E-04  0.350E-03  0.116E-01  0.290E-02  0.129E-01  0.000E+00  0.000E+00  0.000E+00
  0.38000  0.05708  0.29295  0.29550  0.246E-01  0.326E-02  0.283E-04  0.342E-03  0.117E-01  0.292E-02  0.129E-01  0.000E+00  0.000E+00  0.000E+00
  0.38000  0.05678  0.29346  0.29600  0.247E-01  0.328E-02  0.269E-04  0.334E-03  0.118E-01  0.294E-02  0.130E-01  0.000E+00  0.000E+00  0.000E+00
  0.38000  0.05649  0.29397  0.29650  0.248E-01  0.330E-02  0.255E-04  0.326E-03  0.118E-01  0.298E-02  0.130E-01  0.000E+00  0.000E+00  0.000E+00
  0.38000  0.05619  0.29449  0.29700  0.249E-01  0.332E-02  0.242E-04  0.318E-03  0.119E-01  0.300E-02  0.130E-01  0.000E+00  0.000E+00  0.000E+00
  0.38000  0.05589  0.29500  0.29750  0.250E-01  0.333E-02  0.229E-04  0.310E-03  0.120E-01  0.302E-02  0.130E-01  0.000E+00  0.000E+00  0.000E+00
  0.38000  0.05560  0.29551  0.29800  0.251E-01  0.335E-02  0.216E-04  0.303E-03  0.121E-01  0.305E-02  0.130E-01  0.000E+00  0.000E+00  0.000E+00
  0.38000  0.05530  0.29603  0.29850  0.252E-01  0.337E-02  0.204E-04  0.295E-03  0.122E-01  0.307E-02  0.130E-01  0.000E+00  0.000E+00  0.000E+00
  0.38000  0.05500  0.29654  0.29900  0.253E-01  0.339E-02  0.193E-04  0.288E-03  0.123E-01  0.311E-02  0.130E-01  0.000E+00  0.000E+00  0.000E+00
  0.38000  0.05470  0.29705  0.29950  0.254E-01  0.341E-02  0.182E-04  0.280E-03  0.124E-01  0.313E-02  0.130E-01  0.000E+00  0.000E+00  0.000E+00
  0.38000  0.05440  0.29757  0.30000  0.255E-01  0.343E-02  0.171E-04  0.273E-03  0.125E-01  0.315E-02  0.130E-01  0.000E+00  0.000E+00  0.000E+00
  0.38000  0.05410  0.29808  0.30050  0.256E-01  0.344E-02  0.161E-04  0.266E-03  0.126E-01  0.318E-02  0.130E-01  0.000E+00  0.000E+00  0.000E+00
  0.38000  0.05380  0.29859  0.30100  0.257E-01  0.346E-02  0.151E-04  0.259E-03  0.127E-01  0.320E-02  0.130E-01  0.000E+00  0.000E+00  0.000E+00
  0.38000  0.05350  0.29911  0.30150  0.258E-01  0.349E-02  0.141E-04  0.252E-03  0.128E-01  0.324E-02  0.130E-01  0.000E+00  0.000E+00  0.000E+00
  0.38000  0.05320  0.29962  0.30200  0.259E-01  0.351E-02  0.132E-04  0.245E-03  0.129E-01  0.326E-02  0.130E-01  0.000E+00  0.000E+00  0.000E+00
  0.38000  0.05289  0.30013  0.30250  0.260E-01  0.352E-02  0.123E-04  0.238E-03  0.130E-01  0.329E-02  0.130E-01  0.000E+00  0.000E+00  0.000E+00
  0.38000  0.05259  0.30065  0.30300  0.261E-01  0.354E-02  0.115E-04  0.232E-03  0.131E-01  0.331E-02  0.130E-01  0.000E+00  0.000E+00  0.000E+00
  0.38000  0.05229  0.30116  0.30350  0.262E-01  0.356E-02  0.107E-04  0.225E-03  0.132E-01  0.334E-02  0.130E-01  0.000E+00  0.000E+00  0.000E+00
  0.38000  0.05198  0.30167  0.30400  0.263E-01  0.359E-02  0.991E-05  0.219E-03  0.133E-01  0.337E-02  0.130E-01  0.000E+00  0.000E+00  0.000E+00
  0.38000  0.05168  0.30219  0.30450  0.264E-01  0.361E-02  0.918E-05  0.212E-03  0.134E-01  0.340E-02  0.131E-01  0.000E+00  0.000E+00  0.000E+00
  0.38000  0.05137  0.30270  0.30500  0.265E-01  0.363E-02  0.848E-05  0.206E-03  0.135E-01  0.342E-02  0.131E-01  0.000E+00  0.000E+00  0.000E+00
  0.38000  0.05107  0.30322  0.30550  0.266E-01  0.365E-02  0.781E-05  0.200E-03  0.135E-01  0.345E-02  0.131E-01  0.000E+00  0.000E+00  0.000E+00
  0.38000  0.05076  0.30373  0.30600  0.267E-01  0.367E-02  0.717E-05  0.194E-03  0.136E-01  0.347E-02  0.131E-01  0.000E+00  0.000E+00  0.000E+00
  0.38000  0.05046  0.30424  0.30650  0.268E-01  0.370E-02  0.657E-05  0.188E-03  0.137E-01  0.351E-02  0.131E-01  0.000E+00  0.000E+00  0.000E+00
  0.38000  0.05015  0.30476  0.30700  0.269E-01  0.372E-02  0.599E-05  0.182E-03  0.138E-01  0.353E-02  0.131E-01  0.000E+00  0.000E+00  0.000E+00
  0.38000  0.04984  0.30527  0.30750  0.270E-01  0.374E-02  0.544E-05  0.176E-03  0.139E-01  0.356E-02  0.131E-01  0.000E+00  0.000E+00  0.000E+00
  0.38000  0.04954  0.30578  0.30800  0.271E-01  0.376E-02  0.493E-05  0.170E-03  0.140E-01  0.359E-02  0.131E-01  0.000E+00  0.000E+00  0.000E+00
  0.38000  0.04923  0.30630  0.30850  0.272E-01  0.378E-02  0.444E-05  0.164E-03  0.141E-01  0.362E-02  0.130E-01  0.000E+00  0.000E+00  0.000E+00
  0.38000  0.04892  0.30681  0.30900  0.273E-01  0.381E-02  0.397E-05  0.159E-03  0.142E-01  0.365E-02  0.130E-01  0.000E+00  0.000E+00  0.000E+00
  0.38000  0.04861  0.30733  0.30950  0.273E-01  0.383E-02  0.354E-05  0.153E-03  0.143E-01  0.368E-02  0.130E-01  0.000E+00  0.000E+00  0.000E+00
  0.38000  0.04830  0.30784  0.31000  0.274E-01  0.385E-02  0.313E-05  0.148E-03  0.144E-01  0.370E-02  0.130E-01  0.000E+00  0.000E+00  0.000E+00
  0.38000  0.04799  0.30835  0.31050  0.275E-01  0.388E-02  0.274E-05  0.143E-03  0.145E-01  0.373E-02  0.130E-01  0.000E+00  0.000E+00  0.000E+00
  0.38000  0.04768  0.30887  0.31100  0.276E-01  0.390E-02  0.238E-05  0.138E-03  0.146E-01  0.376E-02  0.130E-01  0.000E+00  0.000E+00  0.000E+00
  0.38000  0.04737  0.30938  0.31150  0.277E-01  0.393E-02  0.204E-05  0.132E-03  0.147E-01  0.380E-02  0.130E-01  0.000E+00  0.000E+00  0.000E+00
  0.38000  0.04706  0.30990  0.31200  0.278E-01  0.395E-02  0.172E-05  0.127E-03  0.147E-01  0.382E-02  0.130E-01  0.000E+00  0.000E+00  0.000E+00
  0.38000  0.04674  0.31041  0.31250  0.279E-01  0.398E-02  0.143E-05  0.123E-03  0.148E-01  0.385E-02  0.130E-01  0.000E+00  0.000E+00  0.000E+00
  0.38000  0.04643  0.31092  0.31300  0.279E-01  0.400E-02  0.116E-05  0.118E-03  0.149E-01  0.388E-02  0.130E-01  0.000E+00  0.000E+00  0.000E+00
  0.38000  0.04612  0.31144  0.31350  0.280E-01  0.402E-02  0.903E-06  0.113E-03  0.150E-01  0.391E-02  0.130E-01  0.000E+00  0.000E+00  0.000E+00
  0.38000  0.04580  0.31195  0.31400  0.281E-01  0.405E-02  0.670E-06  0.108E-03  0.151E-01  0.395E-02  0.130E-01  0.000E+00  0.000E+00  0.000E+00
  0.38000  0.04549  0.31247  0.31450  0.282E-01  0.408E-02  0.456E-06  0.104E-03  0.152E-01  0.398E-02  0.130E-01  0.000E+00  0.000E+00  0.000E+00
  0.38000  0.04517  0.31298  0.31500  0.283E-01  0.410E-02  0.261E-06  0.993E-04  0.153E-01  0.400E-02  0.130E-01  0.000E+00  0.000E+00  0.000E+00
  0.38000  0.04486  0.31349  0.31550  0.284E-01  0.413E-02  0.827E-07  0.949E-04  0.154E-01  0.403E-02  0.130E-01  0.000E+00  0.000E+00  0.000E+00
  0.38000  0.04454  0.31401  0.31600  0.284E-01  0.415E-02  0.000E+00  0.905E-04  0.155E-01  0.406E-02  0.130E-01  0.000E+00  0.000E+00  0.000E+00
  0.38000  0.04423  0.31452  0.31650  0.285E-01  0.419E-02  0.000E+00  0.861E-04  0.155E-01  0.410E-02  0.130E-01  0.000E+00  0.000E+00  0.000E+00
  0.38000  0.04391  0.31504  0.31700  0.286E-01  0.421E-02  0.000E+00  0.817E-04  0.156E-01  0.413E-02  0.130E-01  0.000E+00  0.000E+00  0.000E+00
  0.38000  0.04359  0.31555  0.31750  0.287E-01  0.424E-02  0.000E+00  0.775E-04  0.157E-01  0.416E-02  0.129E-01  0.000E+00  0.000E+00  0.000E+00
  0.38000  0.04328  0.31606  0.31800  0.287E-01  0.427E-02  0.000E+00  0.735E-04  0.158E-01  0.419E-02  0.129E-01  0.000E+00  0.000E+00  0.000E+00
  0.38000  0.04296  0.31658  0.31850  0.288E-01  0.429E-02  0.000E+00  0.695E-04  0.159E-01  0.422E-02  0.129E-01  0.000E+00  0.000E+00  0.000E+00
  0.38000  0.04264  0.31709  0.31900  0.289E-01  0.432E-02  0.000E+00  0.656E-04  0.160E-01  0.426E-02  0.129E-01  0.000E+00  0.000E+00  0.000E+00
  0.38000  0.04232  0.31761  0.31950  0.290E-01  0.435E-02  0.000E+00  0.619E-04  0.161E-01  0.429E-02  0.129E-01  0.000E+00  0.000E+00  0.000E+00
  0.38000  0.04200  0.31812  0.32000  0.290E-01  0.438E-02  0.000E+00  0.582E-04  0.161E-01  0.432E-02  0.129E-01  0.000E+00  0.000E+00  0.000E+00
  0.38000  0.04168  0.31864  0.32050  0.291E-01  0.441E-02  0.000E+00  0.547E-04  0.162E-01  0.435E-02  0.129E-01  0.000E+00  0.000E+00  0.000E+00
  0.38000  0.04136  0.31915  0.32100  0.292E-01  0.444E-02  0.000E+00  0.513E-04  0.163E-01  0.439E-02  0.129E-01  0.000E+00  0.000E+00  0.000E+00
  0.38000  0.04104  0.31966  0.32150  0.292E-01  0.447E-02  0.000E+00  0.480E-04  0.164E-01  0.442E-02  0.128E-01  0.000E+00  0.000E+00  0.000E+00
  0.38000  0.04072  0.32018  0.32200  0.293E-01  0.450E-02  0.000E+00  0.448E-04  0.165E-01  0.446E-02  0.128E-01  0.000E+00  0.000E+00  0.000E+00
  0.38000  0.04039  0.32069  0.32250  0.294E-01  0.453E-02  0.000E+00  0.417E-04  0.166E-01  0.449E-02  0.128E-01  0.000E+00  0.000E+00  0.000E+00
  0.38000  0.04007  0.32121  0.32300  0.294E-01  0.456E-02  0.000E+00  0.388E-04  0.166E-01  0.452E-02  0.128E-01  0.000E+00  0.000E+00  0.000E+00
  0.38000  0.03975  0.32172  0.32350  0.295E-01  0.459E-02  0.000E+00  0.359E-04  0.167E-01  0.455E-02  0.128E-01  0.000E+00  0.000E+00  0.000E+00
  0.38000  0.03942  0.32224  0.32400  0.296E-01  0.463E-02  0.000E+00  0.331E-04  0.168E-01  0.459E-02  0.128E-01  0.000E+00  0.000E+00  0.000E+00
  0.38000  0.03910  0.32275  0.32450  0.296E-01  0.466E-02  0.000E+00  0.305E-04  0.169E-01  0.463E-02  0.128E-01  0.000E+00  0.000E+00  0.000E+00
  0.38000  0.03877  0.32327  0.32500  0.297E-01  0.469E-02  0.000E+00  0.280E-04  0.170E-01  0.466E-02  0.127E-01  0.000E+00  0.000E+00  0.000E+00
  0.38000  0.03845  0.32378  0.32550  0.298E-01  0.472E-02  0.000E+00  0.255E-04  0.170E-01  0.469E-02  0.127E-01  0.000E+00  0.000E+00  0.000E+00
  0.38000  0.03812  0.32429  0.32600  0.298E-01  0.475E-02  0.000E+00  0.232E-04  0.171E-01  0.473E-02  0.127E-01  0.000E+00  0.000E+00  0.000E+00
  0.38000  0.03780  0.32481  0.32650  0.299E-01  0.479E-02  0.000E+00  0.210E-04  0.172E-01  0.477E-02  0.127E-01  0.000E+00  0.000E+00  0.000E+00
  0.38000  0.03747  0.32532  0.32700  0.299E-01  0.482E-02  0.000E+00  0.189E-04  0.173E-01  0.480E-02  0.127E-01  0.000E+00  0.000E+00  0.000E+00
  0.38000  0.03714  0.32584  0.32750  0.300E-01  0.486E-02  0.000E+00  0.169E-04  0.173E-01  0.484E-02  0.127E-01  0.000E+00  0.000E+00  0.000E+00
  0.38000  0.03682  0.32635  0.32800  0.301E-01  0.489E-02  0.000E+00  0.151E-04  0.174E-01  0.487E-02  0.126E-01  0.000E+00  0.000E+00  0.000E+00
  0.38000  0.03649  0.32687  0.32850  0.301E-01  0.492E-02  0.000E+00  0.133E-04  0.175E-01  0.491E-02  0.126E-01  0.000E+00  0.000E+00  0.000E+00
  0.38000  0.03616  0.32738  0.32900  0.302E-01  0.496E-02  0.000E+00  0.116E-04  0.175E-01  0.495E-02  0.126E-01  0.000E+00  0.000E+00  0.000E+00
  0.38000  0.03583  0.32790  0.32950  0.302E-01  0.500E-02  0.000E+00  0.101E-04  0.176E-01  0.499E-02  0.126E-01  0.000E+00  0.000E+00  0.000E+00
  0.38000  0.03550  0.32841  0.33000  0.303E-01  0.503E-02  0.000E+00  0.863E-05  0.177E-01  0.503E-02  0.126E-01  0.000E+00  0.000E+00  0.000E+00
  0.38000  0.03517  0.32893  0.33050  0.303E-01  0.507E-02  0.000E+00  0.730E-05  0.178E-01  0.506E-02  0.126E-01  0.000E+00  0.000E+00  0.000E+00
  0.38000  0.03484  0.32944  0.33100  0.304E-01  0.511E-02  0.000E+00  0.608E-05  0.178E-01  0.510E-02  0.125E-01  0.000E+00  0.000E+00  0.000E+00
  0.38000  0.03451  0.32996  0.33150  0.304E-01  0.515E-02  0.000E+00  0.497E-05  0.179E-01  0.514E-02  0.125E-01  0.000E+00  0.000E+00  0.000E+00
  0.38000  0.03418  0.33047  0.33200  0.305E-01  0.519E-02  0.000E+00  0.397E-05  0.180E-01  0.518E-02  0.125E-01  0.000E+00  0.000E+00  0.000E+00
  0.38000  0.03384  0.33099  0.33250  0.305E-01  0.522E-02  0.000E+00  0.308E-05  0.180E-01  0.522E-02  0.125E-01  0.000E+00  0.000E+00  0.000E+00
  0.38000  0.03351  0.33150  0.33300  0.305E-01  0.526E-02  0.000E+00  0.230E-05  0.181E-01  0.526E-02  0.124E-01  0.000E+00  0.000E+00  0.000E+00
  0.38000  0.03318  0.33202  0.33350  0.306E-01  0.530E-02  0.000E+00  0.164E-05  0.182E-01  0.530E-02  0.124E-01  0.000E+00  0.000E+00  0.000E+00
  0.38000  0.03284  0.33253  0.33400  0.306E-01  0.534E-02  0.000E+00  0.108E-05  0.182E-01  0.534E-02  0.124E-01  0.000E+00  0.000E+00  0.000E+00
  0.38000  0.03251  0.33305  0.33450  0.307E-01  0.539E-02  0.000E+00  0.643E-06  0.183E-01  0.538E-02  0.124E-01  0.000E+00  0.000E+00  0.000E+00
  0.38000  0.03217  0.33356  0.33500  0.307E-01  0.543E-02  0.000E+00  0.316E-06  0.184E-01  0.543E-02  0.124E-01  0.000E+00  0.000E+00  0.000E+00
  0.38000  0.03184  0.33408  0.33550  0.308E-01  0.547E-02  0.000E+00  0.104E-06  0.184E-01  0.547E-02  0.123E-01  0.000E+00  0.000E+00  0.000E+00
  0.38000  0.03150  0.33459  0.33600  0.308E-01  0.551E-02  0.000E+00  0.656E-08  0.185E-01  0.551E-02  0.123E-01  0.000E+00  0.000E+00  0.000E+00
  0.38000  0.03117  0.33511  0.33650  0.308E-01  0.556E-02 -0.000E+00  0.000E+00  0.185E-01  0.556E-02  0.123E-01  0.000E+00  0.000E+00  0.000E+00
  0.38000  0.03083  0.33562  0.33700  0.309E-01  0.560E-02 -0.000E+00  0.000E+00  0.186E-01  0.560E-02  0.123E-01  0.000E+00  0.000E+00  0.000E+00
  0.38000  0.03049  0.33614  0.33750  0.309E-01  0.565E-02 -0.000E+00  0.000E+00  0.186E-01  0.565E-02  0.122E-01  0.000E+00  0.000E+00  0.000E+00
  0.38000  0.03016  0.33665  0.33800  0.309E-01  0.569E-02 -0.000E+00  0.000E+00  0.187E-01  0.569E-02  0.122E-01  0.000E+00  0.000E+00  0.000E+00
  0.38000  0.02982  0.33717  0.33850  0.310E-01  0.574E-02 -0.000E+00  0.000E+00  0.188E-01  0.574E-02  0.122E-01  0.000E+00  0.000E+00  0.000E+00
  0.38000  0.02948  0.33768  0.33900  0.310E-01  0.578E-02 -0.000E+00  0.000E+00  0.188E-01  0.578E-02  0.122E-01  0.000E+00  0.000E+00  0.000E+00
  0.38000  0.02914  0.33820  0.33950  0.310E-01  0.583E-02 -0.000E+00  0.000E+00  0.189E-01  0.583E-02  0.121E-01  0.000E+00  0.000E+00  0.000E+00
  0.38000  0.02880  0.33871  0.34000  0.310E-01  0.588E-02 -0.000E+00  0.000E+00  0.189E-01  0.588E-02  0.121E-01  0.000E+00  0.000E+00  0.000E+00
  0.38000  0.02846  0.33923  0.34050  0.311E-01  0.593E-02 -0.000E+00  0.000E+00  0.190E-01  0.593E-02  0.121E-01  0.000E+00  0.000E+00  0.000E+00
  0.38000  0.02812  0.33974  0.34100  0.311E-01  0.598E-02 -0.000E+00  0.000E+00  0.190E-01  0.598E-02  0.121E-01  0.000E+00  0.000E+00  0.000E+00
  0.38000  0.02778  0.34026  0.34150  0.311E-01  0.603E-02 -0.000E+00  0.000E+00  0.191E-01  0.603E-02  0.120E-01  0.000E+00  0.000E+00  0.000E+00
  0.38000  0.02744  0.34077  0.34200  0.311E-01  0.608E-02 -0.000E+00  0.000E+00  0.191E-01  0.608E-02  0.120E-01  0.000E+00  0.000E+00  0.000E+00
  0.38000  0.02709  0.34129  0.34250  0.312E-01  0.614E-02 -0.000E+00  0.000E+00  0.192E-01  0.614E-02  0.120E-01  0.000E+00  0.000E+00  0.000E+00
  0.38000  0.02675  0.34180  0.34300  0.312E-01  0.619E-02 -0.000E+00  0.000E+00  0.192E-01  0.619E-02  0.120E-01  0.000E+00  0.000E+00  0.000E+00
  0.38000  0.02641  0.34232  0.34350  0.312E-01  0.624E-02 -0.000E+00  0.000E+00  0.193E-01  0.624E-02  0.119E-01  0.000E+00  0.000E+00  0.000E+00
  0.38000  0.02606  0.34283  0.34400  0.312E-01  0.630E-02 -0.000E+00  0.000E+00  0.193E-01  0.630E-02  0.119E-01  0.000E+00  0.000E+00  0.000E+00
  0.38000  0.02572  0.34335  0.34450  0.312E-01  0.636E-02 -0.000E+00  0.000E+00  0.194E-01  0.636E-02  0.119E-01  0.000E+00  0.000E+00  0.000E+00
  0.38000  0.02537  0.34386  0.34500  0.313E-01  0.642E-02 -0.000E+00  0.000E+00  0.194E-01  0.642E-02  0.119E-01  0.000E+00  0.000E+00  0.000E+00
  0.38000  0.02503  0.34438  0.34550  0.313E-01  0.648E-02 -0.000E+00  0.000E+00  0.194E-01  0.648E-02  0.118E-01  0.000E+00  0.000E+00  0.000E+00
  0.38000  0.02468  0.34490  0.34600  0.313E-01  0.654E-02 -0.000E+00  0.000E+00  0.195E-01  0.654E-02  0.118E-01  0.000E+00  0.000E+00  0.000E+00
  0.38000  0.02434  0.34541  0.34650  0.313E-01  0.660E-02 -0.000E+00  0.000E+00  0.195E-01  0.660E-02  0.118E-01  0.000E+00  0.000E+00  0.000E+00
  0.38000  0.02399  0.34593  0.34700  0.313E-01  0.667E-02 -0.000E+00  0.000E+00  0.196E-01  0.667E-02  0.117E-01  0.000E+00  0.000E+00  0.000E+00
  0.38000  0.02364  0.34644  0.34750  0.313E-01  0.673E-02 -0.000E+00  0.000E+00  0.196E-01  0.673E-02  0.117E-01  0.000E+00  0.000E+00  0.000E+00
  0.38000  0.02330  0.34696  0.34800  0.313E-01  0.680E-02 -0.000E+00  0.000E+00  0.196E-01  0.680E-02  0.117E-01  0.000E+00  0.000E+00  0.000E+00
  0.38000  0.02295  0.34747  0.34850  0.313E-01  0.687E-02 -0.000E+00  0.000E+00  0.197E-01  0.687E-02  0.117E-01  0.000E+00  0.000E+00  0.000E+00
  0.38000  0.02260  0.34799  0.34900  0.313E-01  0.695E-02 -0.000E+00  0.000E+00  0.197E-01  0.695E-02  0.116E-01  0.000E+00  0.000E+00  0.000E+00
  0.38000  0.02225  0.34850  0.34950  0.314E-01  0.702E-02 -0.000E+00  0.000E+00  0.197E-01  0.702E-02  0.116E-01  0.000E+00  0.000E+00  0.000E+00
  0.38000  0.02190  0.34902  0.35000  0.314E-01  0.710E-02 -0.000E+00  0.000E+00  0.198E-01  0.710E-02  0.116E-01  0.000E+00  0.000E+00  0.000E+00
  0.38000  0.02155  0.34954  0.35050  0.314E-01  0.718E-02 -0.000E+00  0.000E+00  0.198E-01  0.718E-02  0.115E-01  0.000E+00  0.000E+00  0.000E+00
  0.38000  0.02120  0.35005  0.35100  0.314E-01  0.726E-02 -0.000E+00  0.000E+00  0.198E-01  0.726E-02  0.115E-01  0.000E+00  0.000E+00  0.000E+00
  0.38000  0.02085  0.35057  0.35150  0.314E-01  0.735E-02 -0.000E+00  0.000E+00  0.199E-01  0.735E-02  0.115E-01  0.000E+00  0.000E+00  0.000E+00
  0.38000  0.02050  0.35108  0.35200  0.314E-01  0.743E-02 -0.000E+00  0.000E+00  0.199E-01  0.743E-02  0.115E-01  0.000E+00  0.000E+00  0.000E+00
  0.38000  0.02014  0.35160  0.35250  0.314E-01  0.753E-02 -0.000E+00  0.000E+00  0.199E-01  0.753E-02  0.114E-01  0.000E+00  0.000E+00  0.000E+00
  0.38000  0.01979  0.35211  0.35300  0.314E-01  0.762E-02 -0.000E+00  0.000E+00  0.200E-01  0.762E-02  0.114E-01  0.000E+00  0.000E+00  0.000E+00
  0.38000  0.01944  0.35263  0.35350  0.314E-01  0.772E-02 -0.000E+00  0.000E+00  0.200E-01  0.772E-02  0.114E-01  0.000E+00  0.000E+00  0.000E+00
  0.38000  0.01908  0.35315  0.35400  0.314E-01  0.782E-02 -0.000E+00  0.000E+00  0.200E-01  0.782E-02  0.113E-01  0.000E+00  0.000E+00  0.000E+00
  0.38000  0.01873  0.35366  0.35450  0.314E-01  0.793E-02 -0.000E+00  0.000E+00  0.200E-01  0.793E-02  0.113E-01  0.000E+00  0.000E+00  0.000E+00
  0.38000  0.01837  0.35418  0.35500  0.314E-01  0.804E-02 -0.000E+00  0.000E+00  0.201E-01  0.804E-02  0.113E-01  0.000E+00  0.000E+00  0.000E+00
  0.38000  0.01802  0.35469  0.35550  0.313E-01  0.816E-02 -0.000E+00  0.000E+00  0.201E-01  0.816E-02  0.113E-01  0.000E+00  0.000E+00  0.000E+00
  0.38000  0.01766  0.35521  0.35600  0.313E-01  0.828E-02 -0.000E+00  0.000E+00  0.201E-01  0.828E-02  0.112E-01  0.000E+00  0.000E+00  0.000E+00
  0.38000  0.01731  0.35573  0.35650  0.313E-01  0.841E-02 -0.000E+00  0.000E+00  0.201E-01  0.841E-02  0.112E-01  0.000E+00  0.000E+00  0.000E+00
  0.38000  0.01695  0.35624  0.35700  0.313E-01  0.855E-02 -0.000E+00  0.000E+00  0.201E-01  0.855E-02  0.112E-01  0.000E+00  0.000E+00  0.000E+00
  0.38000  0.01659  0.35676  0.35750  0.313E-01  0.869E-02 -0.000E+00  0.000E+00  0.202E-01  0.869E-02  0.111E-01  0.000E+00  0.000E+00  0.000E+00
  0.38000  0.01624  0.35727  0.35800  0.313E-01  0.884E-02 -0.000E+00  0.000E+00  0.202E-01  0.884E-02  0.111E-01  0.000E+00  0.000E+00  0.000E+00
  0.38000  0.01588  0.35779  0.35850  0.313E-01  0.900E-02 -0.000E+00  0.000E+00  0.202E-01  0.900E-02  0.111E-01  0.000E+00  0.000E+00  0.000E+00
  0.38000  0.01552  0.35831  0.35900  0.313E-01  0.917E-02 -0.000E+00  0.000E+00  0.202E-01  0.917E-02  0.111E-01  0.000E+00  0.000E+00  0.000E+00
  0.38000  0.01516  0.35882  0.35950  0.313E-01  0.935E-02 -0.000E+00  0.000E+00  0.202E-01  0.935E-02  0.110E-01  0.000E+00  0.000E+00  0.000E+00
  0.38000  0.01480  0.35934  0.36000  0.313E-01  0.954E-02 -0.000E+00  0.000E+00  0.202E-01  0.954E-02  0.110E-01  0.000E+00  0.000E+00  0.000E+00
  0.38000  0.01444  0.35985  0.36050  0.312E-01  0.974E-02 -0.000E+00  0.000E+00  0.203E-01  0.974E-02  0.110E-01  0.000E+00  0.000E+00  0.000E+00
  0.38000  0.01408  0.36037  0.36100  0.312E-01  0.995E-02 -0.000E+00  0.000E+00  0.203E-01  0.995E-02  0.110E-01  0.000E+00  0.000E+00  0.000E+00
  0.38000  0.01372  0.36089  0.36150  0.312E-01  0.102E-01 -0.000E+00  0.000E+00  0.203E-01  0.102E-01  0.109E-01  0.000E+00  0.000E+00  0.000E+00
  0.38000  0.01336  0.36140  0.36200  0.312E-01  0.104E-01 -0.000E+00  0.000E+00  0.203E-01  0.104E-01  0.109E-01  0.000E+00  0.000E+00  0.000E+00
  0.38000  0.01299  0.36192  0.36250  0.312E-01  0.107E-01 -0.000E+00  0.000E+00  0.203E-01  0.107E-01  0.109E-01  0.000E+00  0.000E+00  0.000E+00
  0.38000  0.01263  0.36244  0.36300  0.312E-01  0.110E-01 -0.000E+00  0.000E+00  0.203E-01  0.110E-01  0.109E-01  0.000E+00  0.000E+00  0.000E+00
  0.38000  0.01227  0.36295  0.36350  0.312E-01  0.113E-01 -0.000E+00  0.000E+00  0.203E-01  0.113E-01  0.108E-01  0.000E+00  0.000E+00  0.000E+00
  0.38000  0.01190  0.36347  0.36400  0.311E-01  0.116E-01 -0.000E+00  0.000E+00  0.203E-01  0.116E-01  0.108E-01  0.000E+00  0.000E+00  0.000E+00
  0.38000  0.01154  0.36398  0.36450  0.311E-01  0.120E-01 -0.000E+00  0.000E+00  0.203E-01  0.120E-01  0.108E-01  0.000E+00  0.000E+00  0.000E+00
  0.38000  0.01117  0.36450  0.36500  0.311E-01  0.124E-01 -0.000E+00  0.000E+00  0.203E-01  0.124E-01  0.108E-01  0.000E+00  0.000E+00  0.000E+00
  0.38000  0.01081  0.36502  0.36550  0.311E-01  0.128E-01 -0.000E+00  0.000E+00  0.203E-01  0.128E-01  0.107E-01  0.000E+00  0.000E+00  0.000E+00
  0.38000  0.01044  0.36553  0.36600  0.311E-01  0.133E-01 -0.000E+00  0.000E+00  0.203E-01  0.133E-01  0.107E-01  0.000E+00  0.000E+00  0.000E+00
  0.38000  0.01008  0.36605  0.36650  0.311E-01  0.138E-01 -0.000E+00  0.000E+00  0.203E-01  0.138E-01  0.107E-01  0.000E+00  0.000E+00  0.000E+00
  0.38000  0.00971  0.36657  0.36700  0.310E-01  0.143E-01 -0.000E+00  0.000E+00  0.204E-01  0.143E-01  0.107E-01  0.000E+00  0.000E+00  0.000E+00
  0.38000  0.00934  0.36708  0.36750  0.310E-01  0.150E-01 -0.000E+00  0.000E+00  0.204E-01  0.150E-01  0.107E-01  0.000E+00  0.000E+00  0.000E+00
  0.38000  0.00898  0.36760  0.36800  0.310E-01  0.157E-01 -0.000E+00  0.000E+00  0.204E-01  0.157E-01  0.106E-01  0.000E+00  0.000E+00  0.000E+00
  0.38000  0.00861  0.36811  0.36850  0.310E-01  0.164E-01 -0.000E+00  0.000E+00  0.204E-01  0.164E-01  0.106E-01  0.000E+00  0.000E+00  0.000E+00
  0.38000  0.00824  0.36863  0.36900  0.310E-01  0.173E-01 -0.000E+00  0.000E+00  0.204E-01  0.173E-01  0.106E-01  0.000E+00  0.000E+00  0.000E+00
  0.38000  0.00787  0.36915  0.36950  0.309E-01  0.183E-01 -0.000E+00  0.000E+00  0.203E-01  0.183E-01  0.106E-01  0.000E+00  0.000E+00  0.000E+00
  0.38000  0.00750  0.36966  0.37000  0.309E-01  0.194E-01 -0.000E+00  0.000E+00  0.203E-01  0.194E-01  0.106E-01  0.000E+00  0.000E+00  0.000E+00
  0.38000  0.00713  0.37018  0.37050  0.309E-01  0.206E-01 -0.000E+00  0.000E+00  0.203E-01  0.206E-01  0.106E-01  0.000E+00  0.000E+00  0.000E+00
  0.38000  0.00676  0.37070  0.37100  0.309E-01  0.220E-01 -0.000E+00  0.000E+00  0.203E-01  0.220E-01  0.106E-01  0.000E+00  0.000E+00  0.000E+00
  0.38000  0.00639  0.37121  0.37150  0.309E-01  0.237E-01 -0.000E+00  0.000E+00  0.203E-01  0.237E-01  0.106E-01  0.000E+00  0.000E+00  0.000E+00
  0.38000  0.00602  0.37173  0.37200  0.309E-01  0.256E-01 -0.000E+00  0.000E+00  0.203E-01  0.256E-01  0.105E-01  0.000E+00  0.000E+00  0.000E+00
  0.38000  0.00564  0.37225  0.37250  0.309E-01  0.278E-01 -0.000E+00  0.000E+00  0.203E-01  0.278E-01  0.105E-01  0.000E+00  0.000E+00  0.000E+00
  0.38000  0.00527  0.37276  0.37300  0.309E-01  0.304E-01 -0.000E+00  0.000E+00  0.203E-01  0.304E-01  0.105E-01  0.000E+00  0.000E+00  0.000E+00
  0.38000  0.00490  0.37328  0.37350  0.308E-01  0.334E-01 -0.000E+00  0.000E+00  0.203E-01  0.334E-01  0.105E-01  0.000E+00  0.000E+00  0.000E+00
  0.38000  0.00452  0.37380  0.37400  0.308E-01  0.371E-01 -0.000E+00  0.000E+00  0.203E-01  0.371E-01  0.105E-01  0.000E+00  0.000E+00  0.000E+00
  0.38000  0.00415  0.37431  0.37450  0.308E-01  0.416E-01 -0.000E+00  0.000E+00  0.203E-01  0.416E-01  0.105E-01  0.000E+00  0.000E+00  0.000E+00
  0.38000  0.00377  0.37483  0.37500  0.308E-01  0.470E-01 -0.000E+00  0.000E+00  0.203E-01  0.470E-01  0.105E-01  0.000E+00  0.000E+00  0.000E+00
  0.38000  0.00340  0.37535  0.37550  0.308E-01  0.538E-01 -0.000E+00  0.000E+00  0.203E-01  0.538E-01  0.105E-01  0.000E+00  0.000E+00  0.000E+00
  0.38000  0.00302  0.37586  0.37600  0.308E-01  0.623E-01 -0.000E+00  0.000E+00  0.203E-01  0.623E-01  0.106E-01  0.000E+00  0.000E+00  0.000E+00
  0.38000  0.00265  0.37638  0.37650  0.308E-01  0.732E-01 -0.000E+00  0.000E+00  0.203E-01  0.732E-01  0.106E-01  0.000E+00  0.000E+00  0.000E+00
  0.38000  0.00227  0.37690  0.37700  0.308E-01  0.875E-01 -0.000E+00  0.000E+00  0.202E-01  0.875E-01  0.106E-01  0.000E+00  0.000E+00  0.000E+00
  0.38000  0.00189  0.37742  0.37750  0.308E-01  0.107E+00 -0.000E+00  0.000E+00  0.202E-01  0.107E+00  0.106E-01  0.000E+00  0.000E+00  0.000E+00
  0.38000  0.00152  0.37793  0.37800  0.308E-01  0.133E+00 -0.000E+00  0.000E+00  0.202E-01  0.133E+00  0.106E-01  0.000E+00  0.000E+00  0.000E+00
  0.38000  0.00114  0.37845  0.37850  0.309E-01  0.171E+00 -0.000E+00  0.000E+00  0.202E-01  0.171E+00  0.106E-01  0.000E+00  0.000E+00  0.000E+00
  0.38000  0.00076  0.37897  0.37900  0.309E-01  0.228E+00 -0.000E+00  0.000E+00  0.202E-01  0.228E+00  0.107E-01  0.000E+00  0.000E+00  0.000E+00
  0.38000  0.00038  0.37948  0.37950  0.309E-01  0.319E+00 -0.000E+00  0.000E+00  0.202E-01  0.319E+00  0.107E-01  0.000E+00  0.000E+00  0.000E+00
