  0.57000  0.32490 -0.01403  0.00050  0.214E-16  0.477E-12  0.000E+00  0.000E+00  0.000E+00  0.000E+00  0.000E+00  0.000E+00  0.214E-16  0.477E-12
  0.57000  0.32490 -0.01353  0.00100  0.347E-16  0.682E-12  0.000E+00  0.000E+00  0.000E+00  0.000E+00  0.000E+00  0.000E+00  0.347E-16  0.682E-12
  0.57000  0.32490 -0.01303  0.00150  0.561E-16  0.971E-12  0.000E+00  0.000E+00  0.000E+00  0.000E+00  0.000E+00  0.000E+00  0.561E-16  0.971E-12
  0.57000  0.32490 -0.01253  0.00200  0.902E-16  0.138E-11  0.000E+00  0.000E+00  0.000E+00  0.000E+00  0.000E+00  0.000E+00  0.902E-16  0.138E-11
  0.57000  0.32489 -0.01203  0.00250  0.144E-15  0.196E-11  0.000E+00  0.000E+00  0.000E+00  0.000E+00  0.000E+00  0.000E+00  0.144E-15  0.196E-11
  0.57000  0.32489 -0.01153  0.00300  0.230E-15  0.277E-11  0.000E+00  0.000E+00  0.000E+00  0.000E+00  0.000E+00  0.000E+00  0.230E-15  0.277E-11
  0.57000  0.32489 -0.01103  0.00350  0.363E-15  0.393E-11  0.000E+00  0.000E+00  0.000E+00  0.000E+00  0.000E+00  0.000E+00  0.363E-15  0.393E-11
  0.57000  0.32488 -0.01053  0.00400  0.572E-15  0.564E-11  0.000E+00  0.000E+00  0.000E+00  0.000E+00  0.000E+00  0.000E+00  0.572E-15  0.564E-11
  0.57000  0.32488 -0.01003  0.00450  0.895E-15  0.830E-11  0.000E+00  0.000E+00  0.000E+00  0.000E+00  0.000E+00  0.000E+00  0.895E-15  0.830E-11
  0.57000  0.32487 -0.00953  0.00500  0.139E-14  0.128E-10  0.000E+00  0.000E+00  0.000E+00  0.000E+00  0.000E+00  0.000E+00  0.139E-14  0.128E-10
  0.57000  0.32487 -0.00903  0.00550  0.216E-14  0.216E-10  0.000E+00  0.000E+00  0.000E+00  0.000E+00  0.000E+00  0.000E+00  0.216E-14  0.216E-10
  0.57000  0.32486 -0.00853  0.00600  0.333E-14  0.408E-10  0.000E+00  0.000E+00  0.000E+00  0.000E+00  0.000E+00  0.000E+00  0.333E-14  0.408E-10
  0.57000  0.32486 -0.00803  0.00650  0.510E-14  0.858E-10  0.000E+00  0.000E+00  0.000E+00  0.000E+00  0.000E+00  0.000E+00  0.510E-14  0.858E-10
  0.57000  0.32485 -0.00753  0.00700  0.777E-14  0.195E-09  0.000E+00  0.000E+00  0.000E+00  0.000E+00  0.000E+00  0.000E+00  0.777E-14  0.195E-09
  0.57000  0.32484 -0.00703  0.00750  0.118E-13  0.462E-09  0.000E+00  0.000E+00  0.000E+00  0.000E+00  0.000E+00  0.000E+00  0.118E-13  0.462E-09
  0.57000  0.32484 -0.00653  0.00800  0.178E-13  0.110E-08  0.000E+00  0.000E+00  0.000E+00  0.000E+00  0.000E+00  0.000E+00  0.178E-13  0.110E-08
  0.57000  0.32483 -0.00603  0.00850  0.266E-13  0.256E-08  0.000E+00  0.000E+00  0.000E+00  0.000E+00  0.000E+00  0.000E+00  0.266E-13  0.256E-08
  0.57000  0.32482 -0.00553  0.00900  0.398E-13  0.581E-08  0.000E+00  0.000E+00  0.000E+00  0.000E+00  0.000E+00  0.000E+00  0.398E-13  0.581E-08
  0.57000  0.32481 -0.00503  0.00950  0.590E-13  0.128E-07  0.000E+00  0.000E+00  0.000E+00  0.000E+00  0.000E+00  0.000E+00  0.590E-13  0.128E-07
  0.57000  0.32480 -0.00453  0.01000  0.871E-13  0.271E-07  0.000E+00  0.000E+00  0.000E+00  0.000E+00  0.000E+00  0.000E+00  0.871E-13  0.271E-07
  0.57000  0.32479 -0.00403  0.01050  0.128E-12  0.552E-07  0.000E+00  0.000E+00  0.000E+00  0.000E+00  0.000E+00  0.000E+00  0.128E-12  0.552E-07
  0.57000  0.32478 -0.00353  0.01100  0.187E-12  0.108E-06  0.000E+00  0.000E+00  0.000E+00  0.000E+00  0.000E+00  0.000E+00  0.187E-12  0.108E-06
  0.57000  0.32477 -0.00303  0.01150  0.271E-12  0.204E-06  0.000E+00  0.000E+00  0.000E+00  0.000E+00  0.000E+00  0.000E+00  0.271E-12  0.204E-06
  0.57000  0.32476 -0.00253  0.01200  0.392E-12  0.371E-06  0.000E+00  0.000E+00  0.000E+00  0.000E+00  0.000E+00  0.000E+00  0.392E-12  0.371E-06
  0.57000  0.32474 -0.00203  0.01250  0.564E-12  0.649E-06  0.000E+00  0.000E+00  0.000E+00  0.000E+00  0.000E+00  0.000E+00  0.564E-12  0.649E-06
  0.57000  0.32473 -0.00153  0.01300  0.809E-12  0.109E-05  0.000E+00  0.000E+00  0.000E+00  0.000E+00  0.000E+00  0.000E+00  0.809E-12  0.109E-05
  0.57000  0.32472 -0.00102  0.01350  0.116E-11  0.177E-05  0.000E+00  0.000E+00  0.000E+00  0.000E+00  0.000E+00  0.000E+00  0.116E-11  0.177E-05
  0.57000  0.32470 -0.00052  0.01400  0.168E-11  0.277E-05  0.000E+00  0.000E+00  0.000E+00  0.000E+00  0.000E+00  0.000E+00  0.168E-11  0.277E-05
  0.57000  0.32469 -0.00002  0.01450  0.252E-11  0.418E-05  0.000E+00  0.000E+00  0.000E+00  0.000E+00  0.000E+00  0.000E+00  0.252E-11  0.418E-05
  0.57000  0.32467  0.00048  0.01500  0.409E-11  0.611E-05  0.000E+00  0.000E+00  0.000E+00  0.000E+00  0.000E+00  0.000E+00  0.409E-11  0.611E-05
  0.57000  0.32466  0.00098  0.01550  0.761E-11  0.864E-05  0.000E+00  0.000E+00  0.000E+00  0.000E+00  0.000E+00  0.000E+00  0.761E-11  0.864E-05
  0.57000  0.32464  0.00148  0.01600  0.169E-10  0.119E-04  0.000E+00  0.000E+00  0.000E+00  0.000E+00  0.000E+00  0.000E+00  0.169E-10  0.119E-04
  0.57000  0.32463  0.00198  0.01650  0.477E-10  0.159E-04  0.438E-11  0.195E-11  0.000E+00  0.000E+00  0.000E+00  0.000E+00  0.433E-10  0.159E-04
  0.57000  0.32461  0.00248  0.01700  0.959E-06  0.211E-04  0.958E-06  0.426E-06  0.000E+00  0.000E+00  0.000E+00  0.000E+00  0.120E-09  0.207E-04
  0.57000  0.32459  0.00298  0.01750  0.357E-05  0.279E-04  0.357E-05  0.159E-05  0.000E+00  0.000E+00  0.000E+00  0.000E+00  0.341E-09  0.264E-04
  0.57000  0.32458  0.00348  0.01800  0.750E-05  0.362E-04  0.750E-05  0.334E-05  0.000E+00  0.000E+00  0.000E+00  0.000E+00  0.956E-09  0.329E-04
  0.57000  0.32456  0.00398  0.01850  0.125E-04  0.458E-04  0.125E-04  0.556E-05  0.000E+00  0.000E+00  0.000E+00  0.000E+00  0.261E-08  0.402E-04
  0.57000  0.32454  0.00448  0.01900  0.184E-04  0.564E-04  0.184E-04  0.817E-05  0.000E+00  0.000E+00  0.000E+00  0.000E+00  0.687E-08  0.483E-04
  0.57000  0.32452  0.00498  0.01950  0.249E-04  0.679E-04  0.249E-04  0.111E-04  0.000E+00  0.000E+00  0.000E+00  0.000E+00  0.174E-07  0.568E-04
  0.57000  0.32450  0.00548  0.02000  0.321E-04  0.800E-04  0.321E-04  0.143E-04  0.000E+00  0.000E+00  0.000E+00  0.000E+00  0.424E-07  0.657E-04
  0.57000  0.32448  0.00599  0.02050  0.398E-04  0.920E-04  0.397E-04  0.177E-04  0.000E+00  0.000E+00  0.000E+00  0.000E+00  0.994E-07  0.744E-04
  0.57000  0.32446  0.00649  0.02100  0.479E-04  0.104E-03  0.476E-04  0.212E-04  0.000E+00  0.000E+00  0.000E+00  0.000E+00  0.224E-06  0.824E-04
  0.57000  0.32444  0.00699  0.02150  0.564E-04  0.114E-03  0.560E-04  0.250E-04  0.000E+00  0.000E+00  0.000E+00  0.000E+00  0.483E-06  0.891E-04
  0.57000  0.32442  0.00749  0.02200  0.655E-04  0.123E-03  0.645E-04  0.288E-04  0.000E+00  0.000E+00  0.000E+00  0.000E+00  0.100E-05  0.941E-04
  0.57000  0.32439  0.00799  0.02250  0.753E-04  0.130E-03  0.733E-04  0.327E-04  0.000E+00  0.000E+00  0.000E+00  0.000E+00  0.199E-05  0.968E-04
  0.57000  0.32437  0.00849  0.02300  0.862E-04  0.134E-03  0.823E-04  0.368E-04  0.000E+00  0.000E+00  0.000E+00  0.000E+00  0.381E-05  0.970E-04
  0.57000  0.32435  0.00899  0.02350  0.985E-04  0.135E-03  0.915E-04  0.409E-04  0.000E+00  0.000E+00  0.000E+00  0.000E+00  0.699E-05  0.945E-04
  0.57000  0.32432  0.00949  0.02400  0.113E-03  0.135E-03  0.101E-03  0.451E-04  0.000E+00  0.000E+00  0.000E+00  0.000E+00  0.123E-04  0.895E-04
  0.57000  0.32430  0.00999  0.02450  0.131E-03  0.132E-03  0.110E-03  0.493E-04  0.000E+00  0.000E+00  0.000E+00  0.000E+00  0.208E-04  0.825E-04
  0.57000  0.32427  0.01049  0.02500  0.154E-03  0.128E-03  0.120E-03  0.536E-04  0.000E+00  0.000E+00  0.000E+00  0.000E+00  0.338E-04  0.740E-04
  0.57000  0.32425  0.01100  0.02550  0.182E-03  0.123E-03  0.129E-03  0.579E-04  0.000E+00  0.000E+00  0.000E+00  0.000E+00  0.528E-04  0.648E-04
  0.57000  0.32422  0.01150  0.02600  0.218E-03  0.118E-03  0.139E-03  0.623E-04  0.000E+00  0.000E+00  0.000E+00  0.000E+00  0.790E-04  0.555E-04
  0.57000  0.32420  0.01200  0.02650  0.263E-03  0.113E-03  0.149E-03  0.667E-04  0.000E+00  0.000E+00  0.000E+00  0.000E+00  0.113E-03  0.466E-04
  0.57000  0.32417  0.01250  0.02700  0.316E-03  0.110E-03  0.159E-03  0.712E-04  0.000E+00  0.000E+00  0.000E+00  0.000E+00  0.157E-03  0.385E-04
  0.57000  0.32414  0.01300  0.02750  0.376E-03  0.107E-03  0.169E-03  0.757E-04  0.000E+00  0.000E+00  0.000E+00  0.000E+00  0.207E-03  0.317E-04
  0.57000  0.32412  0.01350  0.02800  0.443E-03  0.106E-03  0.179E-03  0.803E-04  0.000E+00  0.000E+00  0.000E+00  0.000E+00  0.264E-03  0.260E-04
  0.57000  0.32409  0.01400  0.02850  0.511E-03  0.106E-03  0.189E-03  0.849E-04  0.000E+00  0.000E+00  0.000E+00  0.000E+00  0.322E-03  0.214E-04
  0.57000  0.32406  0.01450  0.02900  0.577E-03  0.107E-03  0.200E-03  0.895E-04  0.000E+00  0.000E+00  0.000E+00  0.000E+00  0.377E-03  0.179E-04
  0.57000  0.32403  0.01501  0.02950  0.635E-03  0.109E-03  0.210E-03  0.942E-04  0.000E+00  0.000E+00  0.000E+00  0.000E+00  0.425E-03  0.152E-04
  0.57000  0.32400  0.01551  0.03000  0.679E-03  0.112E-03  0.220E-03  0.990E-04  0.000E+00  0.000E+00  0.000E+00  0.000E+00  0.459E-03  0.131E-04
  0.57000  0.32397  0.01601  0.03050  0.707E-03  0.115E-03  0.231E-03  0.104E-03  0.000E+00  0.000E+00  0.000E+00  0.000E+00  0.476E-03  0.116E-04
  0.57000  0.32394  0.01651  0.03100  0.961E-03  0.119E-03  0.242E-03  0.109E-03  0.000E+00  0.000E+00  0.244E-03  0.000E+00  0.475E-03  0.106E-04
  0.57000  0.32391  0.01701  0.03150  0.963E-03  0.123E-03  0.252E-03  0.113E-03  0.000E+00  0.000E+00  0.256E-03  0.000E+00  0.455E-03  0.986E-05
  0.57000  0.32388  0.01751  0.03200  0.950E-03  0.128E-03  0.263E-03  0.118E-03  0.000E+00  0.000E+00  0.269E-03  0.000E+00  0.418E-03  0.950E-05
  0.57000  0.32384  0.01801  0.03250  0.925E-03  0.133E-03  0.274E-03  0.123E-03  0.000E+00  0.000E+00  0.281E-03  0.000E+00  0.370E-03  0.946E-05
  0.57000  0.32381  0.01852  0.03300  0.893E-03  0.138E-03  0.285E-03  0.128E-03  0.000E+00  0.000E+00  0.294E-03  0.000E+00  0.314E-03  0.974E-05
  0.57000  0.32378  0.01902  0.03350  0.859E-03  0.144E-03  0.296E-03  0.133E-03  0.000E+00  0.000E+00  0.306E-03  0.000E+00  0.257E-03  0.103E-04
  0.57000  0.32374  0.01952  0.03400  0.829E-03  0.150E-03  0.308E-03  0.139E-03  0.000E+00  0.000E+00  0.319E-03  0.000E+00  0.202E-03  0.112E-04
  0.57000  0.32371  0.02002  0.03450  0.805E-03  0.156E-03  0.319E-03  0.144E-03  0.000E+00  0.000E+00  0.332E-03  0.000E+00  0.153E-03  0.124E-04
  0.57000  0.32367  0.02052  0.03500  0.788E-03  0.163E-03  0.331E-03  0.149E-03  0.000E+00  0.000E+00  0.345E-03  0.000E+00  0.112E-03  0.139E-04
  0.57000  0.32364  0.02102  0.03550  0.780E-03  0.170E-03  0.342E-03  0.154E-03  0.000E+00  0.000E+00  0.359E-03  0.000E+00  0.797E-04  0.156E-04
  0.57000  0.32360  0.02152  0.03600  0.781E-03  0.177E-03  0.354E-03  0.160E-03  0.000E+00  0.000E+00  0.372E-03  0.000E+00  0.548E-04  0.177E-04
  0.57000  0.32357  0.02203  0.03650  0.788E-03  0.185E-03  0.366E-03  0.165E-03  0.000E+00  0.000E+00  0.386E-03  0.000E+00  0.367E-04  0.200E-04
  0.57000  0.32353  0.02253  0.03700  0.802E-03  0.193E-03  0.378E-03  0.171E-03  0.000E+00  0.000E+00  0.400E-03  0.000E+00  0.241E-04  0.226E-04
  0.57000  0.32349  0.02303  0.03750  0.819E-03  0.202E-03  0.390E-03  0.176E-03  0.000E+00  0.000E+00  0.414E-03  0.000E+00  0.155E-04  0.255E-04
  0.57000  0.32346  0.02353  0.03800  0.840E-03  0.211E-03  0.403E-03  0.182E-03  0.000E+00  0.000E+00  0.428E-03  0.000E+00  0.987E-05  0.287E-04
  0.57000  0.32342  0.02403  0.03850  0.864E-03  0.220E-03  0.415E-03  0.188E-03  0.000E+00  0.000E+00  0.442E-03  0.000E+00  0.624E-05  0.323E-04
  0.57000  0.32338  0.02453  0.03900  0.889E-03  0.230E-03  0.428E-03  0.194E-03  0.000E+00  0.000E+00  0.457E-03  0.000E+00  0.394E-05  0.361E-04
  0.57000  0.32334  0.02504  0.03950  0.915E-03  0.240E-03  0.441E-03  0.199E-03  0.000E+00  0.000E+00  0.472E-03  0.000E+00  0.249E-05  0.403E-04
  0.57000  0.32330  0.02554  0.04000  0.942E-03  0.250E-03  0.454E-03  0.205E-03  0.000E+00  0.000E+00  0.487E-03  0.000E+00  0.159E-05  0.449E-04
  0.57000  0.32326  0.02604  0.04050  0.970E-03  0.261E-03  0.467E-03  0.211E-03  0.000E+00  0.000E+00  0.502E-03  0.000E+00  0.103E-05  0.498E-04
  0.57000  0.32322  0.02654  0.04100  0.998E-03  0.273E-03  0.480E-03  0.218E-03  0.000E+00  0.000E+00  0.517E-03  0.000E+00  0.679E-06  0.551E-04
  0.57000  0.32318  0.02704  0.04150  0.103E-02  0.285E-03  0.494E-03  0.224E-03  0.000E+00  0.000E+00  0.533E-03  0.000E+00  0.464E-06  0.608E-04
  0.57000  0.32314  0.02755  0.04200  0.106E-02  0.297E-03  0.508E-03  0.230E-03  0.000E+00  0.000E+00  0.548E-03  0.000E+00  0.332E-06  0.668E-04
  0.57000  0.32309  0.02805  0.04250  0.109E-02  0.310E-03  0.521E-03  0.237E-03  0.000E+00  0.000E+00  0.564E-03  0.000E+00  0.252E-06  0.732E-04
  0.57000  0.32305  0.02855  0.04300  0.112E-02  0.323E-03  0.536E-03  0.243E-03  0.000E+00  0.000E+00  0.580E-03  0.000E+00  0.202E-06  0.799E-04
  0.57000  0.32301  0.02905  0.04350  0.115E-02  0.337E-03  0.550E-03  0.250E-03  0.000E+00  0.000E+00  0.597E-03  0.000E+00  0.171E-06  0.870E-04
  0.57000  0.32296  0.02955  0.04400  0.118E-02  0.351E-03  0.565E-03  0.257E-03  0.000E+00  0.000E+00  0.613E-03  0.000E+00  0.151E-06  0.943E-04
  0.57000  0.32292  0.03006  0.04450  0.121E-02  0.365E-03  0.579E-03  0.263E-03  0.000E+00  0.000E+00  0.630E-03  0.000E+00  0.138E-06  0.102E-03
  0.57000  0.32287  0.03056  0.04500  0.124E-02  0.380E-03  0.594E-03  0.270E-03  0.000E+00  0.000E+00  0.647E-03  0.000E+00  0.128E-06  0.110E-03
  0.57000  0.32283  0.03106  0.04550  0.127E-02  0.396E-03  0.610E-03  0.277E-03  0.000E+00  0.000E+00  0.664E-03  0.000E+00  0.121E-06  0.118E-03
  0.57000  0.32278  0.03156  0.04600  0.131E-02  0.411E-03  0.625E-03  0.285E-03  0.000E+00  0.000E+00  0.681E-03  0.000E+00  0.115E-06  0.127E-03
  0.57000  0.32274  0.03206  0.04650  0.134E-02  0.427E-03  0.641E-03  0.292E-03  0.000E+00  0.000E+00  0.698E-03  0.000E+00  0.110E-06  0.135E-03
  0.57000  0.32269  0.03257  0.04700  0.137E-02  0.443E-03  0.657E-03  0.299E-03  0.000E+00  0.000E+00  0.716E-03  0.000E+00  0.105E-06  0.144E-03
  0.57000  0.32264  0.03307  0.04750  0.141E-02  0.459E-03  0.673E-03  0.307E-03  0.000E+00  0.000E+00  0.734E-03  0.000E+00  0.101E-06  0.153E-03
  0.57000  0.32260  0.03357  0.04800  0.144E-02  0.476E-03  0.689E-03  0.314E-03  0.000E+00  0.000E+00  0.752E-03  0.000E+00  0.972E-07  0.161E-03
  0.57000  0.32255  0.03407  0.04850  0.148E-02  0.492E-03  0.706E-03  0.322E-03  0.000E+00  0.000E+00  0.770E-03  0.000E+00  0.934E-07  0.170E-03
  0.57000  0.32250  0.03457  0.04900  0.151E-02  0.509E-03  0.723E-03  0.330E-03  0.000E+00  0.000E+00  0.788E-03  0.000E+00  0.897E-07  0.179E-03
  0.57000  0.32245  0.03508  0.04950  0.155E-02  0.525E-03  0.740E-03  0.338E-03  0.000E+00  0.000E+00  0.807E-03  0.000E+00  0.858E-07  0.187E-03
  0.57000  0.32240  0.03558  0.05000  0.158E-02  0.541E-03  0.757E-03  0.346E-03  0.000E+00  0.000E+00  0.826E-03  0.000E+00  0.819E-07  0.195E-03
  0.57000  0.32235  0.03608  0.05050  0.162E-02  0.558E-03  0.775E-03  0.354E-03  0.000E+00  0.000E+00  0.845E-03  0.000E+00  0.779E-07  0.203E-03
  0.57000  0.32230  0.03658  0.05100  0.166E-02  0.574E-03  0.793E-03  0.363E-03  0.000E+00  0.000E+00  0.864E-03  0.000E+00  0.737E-07  0.211E-03
  0.57000  0.32225  0.03709  0.05150  0.170E-02  0.589E-03  0.812E-03  0.371E-03  0.000E+00  0.000E+00  0.884E-03  0.000E+00  0.695E-07  0.218E-03
  0.57000  0.32220  0.03759  0.05200  0.173E-02  0.605E-03  0.830E-03  0.380E-03  0.000E+00  0.000E+00  0.903E-03  0.000E+00  0.651E-07  0.224E-03
  0.57000  0.32214  0.03809  0.05250  0.177E-02  0.620E-03  0.849E-03  0.389E-03  0.000E+00  0.000E+00  0.923E-03  0.000E+00  0.608E-07  0.231E-03
  0.57000  0.32209  0.03859  0.05300  0.181E-02  0.634E-03  0.868E-03  0.398E-03  0.000E+00  0.000E+00  0.943E-03  0.000E+00  0.564E-07  0.236E-03
  0.57000  0.32204  0.03909  0.05350  0.185E-02  0.648E-03  0.888E-03  0.407E-03  0.000E+00  0.000E+00  0.964E-03  0.000E+00  0.521E-07  0.241E-03
  0.57000  0.32198  0.03960  0.05400  0.189E-02  0.661E-03  0.908E-03  0.416E-03  0.000E+00  0.000E+00  0.984E-03  0.000E+00  0.479E-07  0.245E-03
  0.57000  0.32193  0.04010  0.05450  0.193E-02  0.674E-03  0.928E-03  0.426E-03  0.000E+00  0.000E+00  0.100E-02  0.000E+00  0.438E-07  0.248E-03
  0.57000  0.32187  0.04060  0.05500  0.197E-02  0.687E-03  0.948E-03  0.436E-03  0.000E+00  0.000E+00  0.103E-02  0.000E+00  0.398E-07  0.251E-03
  0.57000  0.32182  0.04110  0.05550  0.202E-02  0.698E-03  0.969E-03  0.445E-03  0.000E+00  0.000E+00  0.105E-02  0.000E+00  0.360E-07  0.253E-03
  0.57000  0.32176  0.04161  0.05600  0.206E-02  0.709E-03  0.990E-03  0.455E-03  0.000E+00  0.000E+00  0.107E-02  0.000E+00  0.323E-07  0.254E-03
  0.57000  0.32171  0.04211  0.05650  0.210E-02  0.720E-03  0.101E-02  0.465E-03  0.000E+00  0.000E+00  0.109E-02  0.000E+00  0.289E-07  0.254E-03
  0.57000  0.32165  0.04261  0.05700  0.215E-02  0.729E-03  0.103E-02  0.476E-03  0.000E+00  0.000E+00  0.111E-02  0.000E+00  0.257E-07  0.254E-03
  0.57000  0.32159  0.04311  0.05750  0.219E-02  0.738E-03  0.106E-02  0.486E-03  0.000E+00  0.000E+00  0.113E-02  0.000E+00  0.228E-07  0.252E-03
  0.57000  0.32154  0.04362  0.05800  0.223E-02  0.747E-03  0.108E-02  0.497E-03  0.000E+00  0.000E+00  0.116E-02  0.000E+00  0.200E-07  0.250E-03
  0.57000  0.32148  0.04412  0.05850  0.228E-02  0.755E-03  0.110E-02  0.507E-03  0.000E+00  0.000E+00  0.118E-02  0.000E+00  0.175E-07  0.247E-03
  0.57000  0.32142  0.04462  0.05900  0.233E-02  0.762E-03  0.112E-02  0.518E-03  0.000E+00  0.000E+00  0.120E-02  0.000E+00  0.153E-07  0.243E-03
  0.57000  0.32136  0.04513  0.05950  0.237E-02  0.768E-03  0.115E-02  0.530E-03  0.000E+00  0.000E+00  0.122E-02  0.000E+00  0.132E-07  0.239E-03
  0.57000  0.32130  0.04563  0.06000  0.242E-02  0.775E-03  0.117E-02  0.541E-03  0.000E+00  0.000E+00  0.125E-02  0.000E+00  0.114E-07  0.234E-03
  0.57000  0.32124  0.04613  0.06050  0.247E-02  0.780E-03  0.120E-02  0.553E-03  0.000E+00  0.000E+00  0.127E-02  0.000E+00  0.974E-08  0.228E-03
  0.57000  0.32118  0.04663  0.06100  0.251E-02  0.786E-03  0.122E-02  0.564E-03  0.000E+00  0.000E+00  0.129E-02  0.000E+00  0.829E-08  0.222E-03
  0.57000  0.32112  0.04714  0.06150  0.256E-02  0.791E-03  0.125E-02  0.576E-03  0.000E+00  0.000E+00  0.132E-02  0.000E+00  0.703E-08  0.215E-03
  0.57000  0.32106  0.04764  0.06200  0.261E-02  0.796E-03  0.127E-02  0.588E-03  0.000E+00  0.000E+00  0.134E-02  0.000E+00  0.592E-08  0.207E-03
  0.57000  0.32099  0.04814  0.06250  0.266E-02  0.800E-03  0.130E-02  0.601E-03  0.000E+00  0.000E+00  0.137E-02  0.000E+00  0.496E-08  0.200E-03
  0.57000  0.32093  0.04864  0.06300  0.271E-02  0.805E-03  0.132E-02  0.613E-03  0.000E+00  0.000E+00  0.139E-02  0.000E+00  0.414E-08  0.192E-03
  0.57000  0.32087  0.04915  0.06350  0.277E-02  0.809E-03  0.135E-02  0.626E-03  0.000E+00  0.000E+00  0.141E-02  0.000E+00  0.343E-08  0.183E-03
  0.57000  0.32080  0.04965  0.06400  0.282E-02  0.814E-03  0.138E-02  0.639E-03  0.000E+00  0.000E+00  0.144E-02  0.000E+00  0.283E-08  0.175E-03
  0.57000  0.32074  0.05015  0.06450  0.287E-02  0.818E-03  0.140E-02  0.652E-03  0.000E+00  0.000E+00  0.146E-02  0.000E+00  0.232E-08  0.166E-03
  0.57000  0.32067  0.05066  0.06500  0.292E-02  0.823E-03  0.143E-02  0.665E-03  0.000E+00  0.000E+00  0.149E-02  0.000E+00  0.189E-08  0.157E-03
  0.57000  0.32061  0.05116  0.06550  0.298E-02  0.827E-03  0.146E-02  0.679E-03  0.000E+00  0.000E+00  0.152E-02  0.000E+00  0.153E-08  0.149E-03
  0.57000  0.32054  0.05166  0.06600  0.303E-02  0.832E-03  0.149E-02  0.692E-03  0.000E+00  0.000E+00  0.154E-02  0.000E+00  0.124E-08  0.140E-03
  0.57000  0.32048  0.05216  0.06650  0.309E-02  0.838E-03  0.152E-02  0.706E-03  0.000E+00  0.000E+00  0.157E-02  0.000E+00  0.992E-09  0.131E-03
  0.57000  0.32041  0.05267  0.06700  0.314E-02  0.843E-03  0.155E-02  0.721E-03  0.000E+00  0.000E+00  0.159E-02  0.000E+00  0.792E-09  0.123E-03
  0.57000  0.32034  0.05317  0.06750  0.320E-02  0.849E-03  0.158E-02  0.735E-03  0.000E+00  0.000E+00  0.162E-02  0.000E+00  0.628E-09  0.114E-03
  0.57000  0.32028  0.05367  0.06800  0.326E-02  0.856E-03  0.161E-02  0.750E-03  0.000E+00  0.000E+00  0.165E-02  0.000E+00  0.496E-09  0.106E-03
  0.57000  0.32021  0.05418  0.06850  0.331E-02  0.863E-03  0.164E-02  0.765E-03  0.000E+00  0.000E+00  0.167E-02  0.000E+00  0.389E-09  0.984E-04
  0.57000  0.32014  0.05468  0.06900  0.337E-02  0.871E-03  0.167E-02  0.780E-03  0.000E+00  0.000E+00  0.170E-02  0.000E+00  0.304E-09  0.909E-04
  0.57000  0.32007  0.05518  0.06950  0.343E-02  0.879E-03  0.170E-02  0.795E-03  0.000E+00  0.000E+00  0.173E-02  0.000E+00  0.236E-09  0.836E-04
  0.57000  0.32000  0.05569  0.07000  0.349E-02  0.887E-03  0.174E-02  0.811E-03  0.000E+00  0.000E+00  0.175E-02  0.000E+00  0.182E-09  0.767E-04
  0.57000  0.31993  0.05619  0.07050  0.355E-02  0.897E-03  0.177E-02  0.826E-03  0.000E+00  0.000E+00  0.178E-02  0.000E+00  0.140E-09  0.701E-04
  0.57000  0.31986  0.05669  0.07100  0.361E-02  0.906E-03  0.180E-02  0.842E-03  0.000E+00  0.000E+00  0.181E-02  0.000E+00  0.107E-09  0.639E-04
  0.57000  0.31979  0.05720  0.07150  0.367E-02  0.917E-03  0.184E-02  0.859E-03  0.000E+00  0.000E+00  0.184E-02  0.000E+00  0.814E-10  0.580E-04
  0.57000  0.31972  0.05770  0.07200  0.374E-02  0.928E-03  0.187E-02  0.875E-03  0.000E+00  0.000E+00  0.187E-02  0.000E+00  0.615E-10  0.525E-04
  0.57000  0.31964  0.05820  0.07250  0.380E-02  0.939E-03  0.191E-02  0.892E-03  0.000E+00  0.000E+00  0.190E-02  0.000E+00  0.462E-10  0.474E-04
  0.57000  0.31957  0.05871  0.07300  0.386E-02  0.952E-03  0.194E-02  0.909E-03  0.000E+00  0.000E+00  0.192E-02  0.000E+00  0.345E-10  0.426E-04
  0.57000  0.31950  0.05921  0.07350  0.393E-02  0.965E-03  0.198E-02  0.926E-03  0.000E+00  0.000E+00  0.195E-02  0.000E+00  0.257E-10  0.382E-04
  0.57000  0.31942  0.05971  0.07400  0.399E-02  0.978E-03  0.201E-02  0.944E-03  0.000E+00  0.000E+00  0.198E-02  0.000E+00  0.190E-10  0.341E-04
  0.57000  0.31935  0.06022  0.07450  0.406E-02  0.992E-03  0.205E-02  0.962E-03  0.000E+00  0.000E+00  0.201E-02  0.000E+00  0.140E-10  0.304E-04
  0.57000  0.31927  0.06072  0.07500  0.413E-02  0.101E-02  0.209E-02  0.980E-03  0.000E+00  0.000E+00  0.204E-02  0.000E+00  0.102E-10  0.270E-04
  0.57000  0.31920  0.06122  0.07550  0.419E-02  0.102E-02  0.212E-02  0.998E-03  0.000E+00  0.000E+00  0.207E-02  0.000E+00  0.743E-11  0.239E-04
  0.57000  0.31912  0.06173  0.07600  0.426E-02  0.104E-02  0.216E-02  0.102E-02  0.000E+00  0.000E+00  0.210E-02  0.000E+00  0.538E-11  0.211E-04
  0.57000  0.31905  0.06223  0.07650  0.433E-02  0.105E-02  0.220E-02  0.104E-02  0.000E+00  0.000E+00  0.213E-02  0.000E+00  0.387E-11  0.185E-04
  0.57000  0.31897  0.06273  0.07700  0.440E-02  0.107E-02  0.224E-02  0.105E-02  0.000E+00  0.000E+00  0.216E-02  0.000E+00  0.277E-11  0.162E-04
  0.57000  0.31889  0.06324  0.07750  0.447E-02  0.109E-02  0.228E-02  0.107E-02  0.000E+00  0.000E+00  0.219E-02  0.000E+00  0.197E-11  0.142E-04
  0.57000  0.31882  0.06374  0.07800  0.454E-02  0.111E-02  0.232E-02  0.109E-02  0.000E+00  0.000E+00  0.222E-02  0.000E+00  0.140E-11  0.124E-04
  0.57000  0.31874  0.06424  0.07850  0.461E-02  0.112E-02  0.236E-02  0.111E-02  0.000E+00  0.000E+00  0.225E-02  0.000E+00  0.983E-12  0.107E-04
  0.57000  0.31866  0.06475  0.07900  0.469E-02  0.114E-02  0.240E-02  0.113E-02  0.000E+00  0.000E+00  0.229E-02  0.000E+00  0.688E-12  0.927E-05
  0.57000  0.31858  0.06525  0.07950  0.476E-02  0.116E-02  0.244E-02  0.115E-02  0.000E+00  0.000E+00  0.232E-02  0.000E+00  0.479E-12  0.799E-05
  0.57000  0.31850  0.06575  0.08000  0.483E-02  0.118E-02  0.249E-02  0.117E-02  0.000E+00  0.000E+00  0.235E-02  0.000E+00  0.332E-12  0.687E-05
  0.57000  0.31842  0.06626  0.08050  0.491E-02  0.120E-02  0.253E-02  0.119E-02  0.000E+00  0.000E+00  0.238E-02  0.000E+00  0.229E-12  0.589E-05
  0.57000  0.31834  0.06676  0.08100  0.498E-02  0.122E-02  0.257E-02  0.122E-02  0.000E+00  0.000E+00  0.241E-02  0.000E+00  0.157E-12  0.503E-05
  0.57000  0.31826  0.06726  0.08150  0.506E-02  0.124E-02  0.261E-02  0.124E-02  0.000E+00  0.000E+00  0.244E-02  0.000E+00  0.107E-12  0.428E-05
  0.57000  0.31818  0.06777  0.08200  0.514E-02  0.126E-02  0.266E-02  0.126E-02  0.000E+00  0.000E+00  0.248E-02  0.000E+00  0.724E-13  0.363E-05
  0.57000  0.31809  0.06827  0.08250  0.521E-02  0.128E-02  0.270E-02  0.128E-02  0.000E+00  0.000E+00  0.251E-02  0.000E+00  0.488E-13  0.307E-05
  0.57000  0.31801  0.06878  0.08300  0.529E-02  0.131E-02  0.275E-02  0.130E-02  0.000E+00  0.000E+00  0.254E-02  0.000E+00  0.327E-13  0.259E-05
  0.57000  0.31793  0.06928  0.08350  0.537E-02  0.133E-02  0.279E-02  0.133E-02  0.000E+00  0.000E+00  0.258E-02  0.000E+00  0.218E-13  0.217E-05
  0.57000  0.31784  0.06978  0.08400  0.545E-02  0.135E-02  0.284E-02  0.135E-02  0.000E+00  0.000E+00  0.261E-02  0.000E+00  0.145E-13  0.182E-05
  0.57000  0.31776  0.07029  0.08450  0.553E-02  0.137E-02  0.289E-02  0.137E-02  0.000E+00  0.000E+00  0.264E-02  0.000E+00  0.953E-14  0.152E-05
  0.57000  0.31767  0.07079  0.08500  0.561E-02  0.140E-02  0.293E-02  0.140E-02  0.000E+00  0.000E+00  0.268E-02  0.000E+00  0.625E-14  0.126E-05
  0.57000  0.31759  0.07129  0.08550  0.569E-02  0.142E-02  0.298E-02  0.142E-02  0.000E+00  0.000E+00  0.271E-02  0.000E+00  0.408E-14  0.105E-05
  0.57000  0.31750  0.07180  0.08600  0.577E-02  0.144E-02  0.303E-02  0.144E-02  0.000E+00  0.000E+00  0.274E-02  0.000E+00  0.264E-14  0.866E-06
  0.57000  0.31742  0.07230  0.08650  0.586E-02  0.147E-02  0.308E-02  0.147E-02  0.000E+00  0.000E+00  0.278E-02  0.000E+00  0.171E-14  0.713E-06
  0.57000  0.31733  0.07281  0.08700  0.594E-02  0.149E-02  0.313E-02  0.149E-02  0.000E+00  0.000E+00  0.281E-02  0.000E+00  0.109E-14  0.586E-06
  0.57000  0.31724  0.07331  0.08750  0.602E-02  0.152E-02  0.318E-02  0.152E-02  0.000E+00  0.000E+00  0.285E-02  0.000E+00  0.699E-15  0.479E-06
  0.57000  0.31716  0.07381  0.08800  0.611E-02  0.154E-02  0.323E-02  0.154E-02  0.552E-07  0.180E-07  0.288E-02  0.000E+00  0.444E-15  0.391E-06
  0.57000  0.31707  0.07432  0.08850  0.619E-02  0.157E-02  0.328E-02  0.157E-02  0.576E-07  0.177E-07  0.292E-02  0.000E+00  0.280E-15  0.318E-06
  0.57000  0.31698  0.07482  0.08900  0.628E-02  0.159E-02  0.333E-02  0.159E-02  0.599E-07  0.175E-07  0.295E-02  0.000E+00  0.176E-15  0.258E-06
  0.57000  0.31689  0.07533  0.08950  0.637E-02  0.162E-02  0.338E-02  0.162E-02  0.620E-07  0.174E-07  0.299E-02  0.000E+00  0.110E-15  0.208E-06
  0.57000  0.31680  0.07583  0.09000  0.645E-02  0.164E-02  0.343E-02  0.164E-02  0.641E-07  0.173E-07  0.302E-02  0.000E+00  0.681E-16  0.168E-06
  0.57000  0.31671  0.07633  0.09050  0.654E-02  0.167E-02  0.349E-02  0.167E-02  0.661E-07  0.173E-07  0.306E-02  0.000E+00  0.421E-16  0.135E-06
  0.57000  0.31662  0.07684  0.09100  0.663E-02  0.170E-02  0.354E-02  0.170E-02  0.680E-07  0.173E-07  0.309E-02  0.000E+00  0.258E-16  0.108E-06
  0.57000  0.31653  0.07734  0.09150  0.672E-02  0.172E-02  0.359E-02  0.172E-02  0.700E-07  0.173E-07  0.313E-02  0.000E+00  0.158E-16  0.858E-07
  0.57000  0.31644  0.07785  0.09200  0.681E-02  0.175E-02  0.365E-02  0.175E-02  0.719E-07  0.174E-07  0.317E-02  0.000E+00  0.959E-17  0.682E-07
  0.57000  0.31634  0.07835  0.09250  0.690E-02  0.178E-02  0.370E-02  0.178E-02  0.143E-06  0.417E-07  0.320E-02  0.000E+00  0.580E-17  0.540E-07
  0.57000  0.31625  0.07885  0.09300  0.699E-02  0.180E-02  0.375E-02  0.180E-02  0.148E-06  0.414E-07  0.324E-02  0.000E+00  0.348E-17  0.427E-07
  0.57000  0.31616  0.07936  0.09350  0.708E-02  0.183E-02  0.381E-02  0.183E-02  0.153E-06  0.412E-07  0.327E-02  0.000E+00  0.208E-17  0.336E-07
  0.57000  0.31606  0.07986  0.09400  0.718E-02  0.186E-02  0.387E-02  0.186E-02  0.158E-06  0.411E-07  0.331E-02  0.000E+00  0.000E+00  0.263E-07
  0.57000  0.31597  0.08037  0.09450  0.727E-02  0.189E-02  0.392E-02  0.189E-02  0.162E-06  0.411E-07  0.335E-02  0.000E+00  0.000E+00  0.206E-07
  0.57000  0.31587  0.08087  0.09500  0.736E-02  0.192E-02  0.398E-02  0.192E-02  0.167E-06  0.411E-07  0.338E-02  0.000E+00  0.000E+00  0.161E-07
  0.57000  0.31578  0.08137  0.09550  0.746E-02  0.195E-02  0.403E-02  0.195E-02  0.171E-06  0.412E-07  0.342E-02  0.000E+00  0.000E+00  0.125E-07
  0.57000  0.31568  0.08188  0.09600  0.755E-02  0.197E-02  0.409E-02  0.197E-02  0.175E-06  0.413E-07  0.346E-02  0.000E+00  0.000E+00  0.966E-08
  0.57000  0.31559  0.08238  0.09650  0.765E-02  0.200E-02  0.415E-02  0.200E-02  0.180E-06  0.415E-07  0.350E-02  0.000E+00  0.000E+00  0.745E-08
  0.57000  0.31549  0.08289  0.09700  0.774E-02  0.203E-02  0.421E-02  0.203E-02  0.272E-06  0.743E-07  0.353E-02  0.000E+00  0.000E+00  0.573E-08
  0.57000  0.31539  0.08339  0.09750  0.784E-02  0.206E-02  0.427E-02  0.206E-02  0.280E-06  0.739E-07  0.357E-02  0.000E+00  0.000E+00  0.440E-08
  0.57000  0.31530  0.08390  0.09800  0.794E-02  0.209E-02  0.433E-02  0.209E-02  0.288E-06  0.737E-07  0.361E-02  0.000E+00  0.000E+00  0.336E-08
  0.57000  0.31520  0.08440  0.09850  0.803E-02  0.212E-02  0.438E-02  0.212E-02  0.296E-06  0.737E-07  0.365E-02  0.000E+00  0.000E+00  0.256E-08
  0.57000  0.31510  0.08491  0.09900  0.813E-02  0.215E-02  0.444E-02  0.215E-02  0.303E-06  0.738E-07  0.369E-02  0.000E+00  0.000E+00  0.194E-08
  0.57000  0.31500  0.08541  0.09950  0.823E-02  0.218E-02  0.450E-02  0.218E-02  0.311E-06  0.739E-07  0.372E-02  0.000E+00  0.000E+00  0.147E-08
  0.57000  0.31490  0.08591  0.10000  0.833E-02  0.221E-02  0.456E-02  0.221E-02  0.319E-06  0.742E-07  0.376E-02  0.000E+00  0.000E+00  0.111E-08
  0.57000  0.31480  0.08642  0.10050  0.843E-02  0.225E-02  0.462E-02  0.225E-02  0.326E-06  0.745E-07  0.380E-02  0.000E+00  0.000E+00  0.834E-09
  0.57000  0.31470  0.08692  0.10100  0.853E-02  0.228E-02  0.469E-02  0.228E-02  0.334E-06  0.748E-07  0.384E-02  0.000E+00  0.000E+00  0.625E-09
  0.57000  0.31460  0.08743  0.10150  0.863E-02  0.231E-02  0.475E-02  0.231E-02  0.451E-06  0.119E-06  0.388E-02  0.000E+00  0.000E+00  0.467E-09
  0.57000  0.31450  0.08793  0.10200  0.873E-02  0.234E-02  0.481E-02  0.234E-02  0.463E-06  0.118E-06  0.392E-02  0.000E+00  0.000E+00  0.348E-09
  0.57000  0.31439  0.08844  0.10250  0.883E-02  0.237E-02  0.487E-02  0.237E-02  0.475E-06  0.118E-06  0.396E-02  0.000E+00  0.000E+00  0.258E-09
  0.57000  0.31429  0.08894  0.10300  0.893E-02  0.240E-02  0.493E-02  0.240E-02  0.487E-06  0.118E-06  0.399E-02  0.000E+00  0.000E+00  0.191E-09
  0.57000  0.31419  0.08945  0.10350  0.903E-02  0.244E-02  0.500E-02  0.244E-02  0.499E-06  0.118E-06  0.403E-02  0.000E+00  0.000E+00  0.141E-09
  0.57000  0.31408  0.08995  0.10400  0.913E-02  0.247E-02  0.506E-02  0.247E-02  0.511E-06  0.119E-06  0.407E-02  0.000E+00  0.000E+00  0.103E-09
  0.57000  0.31398  0.09046  0.10450  0.923E-02  0.250E-02  0.512E-02  0.250E-02  0.523E-06  0.119E-06  0.411E-02  0.000E+00  0.000E+00  0.757E-10
  0.57000  0.31387  0.09096  0.10500  0.934E-02  0.253E-02  0.518E-02  0.253E-02  0.534E-06  0.120E-06  0.415E-02  0.000E+00  0.000E+00  0.553E-10
  0.57000  0.31377  0.09146  0.10550  0.944E-02  0.257E-02  0.525E-02  0.257E-02  0.546E-06  0.120E-06  0.419E-02  0.000E+00  0.000E+00  0.402E-10
  0.57000  0.31366  0.09197  0.10600  0.954E-02  0.260E-02  0.531E-02  0.260E-02  0.695E-06  0.178E-06  0.423E-02  0.000E+00  0.000E+00  0.292E-10
  0.57000  0.31356  0.09247  0.10650  0.965E-02  0.263E-02  0.538E-02  0.263E-02  0.713E-06  0.178E-06  0.427E-02  0.000E+00  0.000E+00  0.211E-10
  0.57000  0.31345  0.09298  0.10700  0.975E-02  0.267E-02  0.544E-02  0.267E-02  0.730E-06  0.178E-06  0.431E-02  0.000E+00  0.000E+00  0.152E-10
  0.57000  0.31334  0.09348  0.10750  0.985E-02  0.270E-02  0.550E-02  0.270E-02  0.748E-06  0.178E-06  0.435E-02  0.000E+00  0.000E+00  0.109E-10
  0.57000  0.31324  0.09399  0.10800  0.996E-02  0.273E-02  0.557E-02  0.273E-02  0.765E-06  0.178E-06  0.439E-02  0.000E+00  0.000E+00  0.781E-11
  0.57000  0.31313  0.09449  0.10850  0.101E-01  0.277E-02  0.563E-02  0.277E-02  0.782E-06  0.179E-06  0.443E-02  0.000E+00  0.000E+00  0.557E-11
  0.57000  0.31302  0.09500  0.10900  0.102E-01  0.280E-02  0.570E-02  0.280E-02  0.799E-06  0.180E-06  0.447E-02  0.000E+00  0.000E+00  0.396E-11
  0.57000  0.31291  0.09550  0.10950  0.103E-01  0.284E-02  0.576E-02  0.284E-02  0.816E-06  0.181E-06  0.451E-02  0.000E+00  0.000E+00  0.281E-11
  0.57000  0.31280  0.09601  0.11000  0.104E-01  0.287E-02  0.583E-02  0.287E-02  0.833E-06  0.182E-06  0.455E-02  0.000E+00  0.000E+00  0.199E-11
  0.57000  0.31269  0.09651  0.11050  0.105E-01  0.290E-02  0.589E-02  0.290E-02  0.102E-05  0.258E-06  0.459E-02  0.000E+00  0.000E+00  0.140E-11
  0.57000  0.31258  0.09702  0.11100  0.106E-01  0.294E-02  0.596E-02  0.294E-02  0.105E-05  0.257E-06  0.463E-02  0.000E+00  0.000E+00  0.981E-12
  0.57000  0.31247  0.09752  0.11150  0.107E-01  0.297E-02  0.603E-02  0.297E-02  0.107E-05  0.257E-06  0.467E-02  0.000E+00  0.000E+00  0.686E-12
  0.57000  0.31236  0.09803  0.11200  0.108E-01  0.301E-02  0.609E-02  0.301E-02  0.110E-05  0.258E-06  0.471E-02  0.000E+00  0.000E+00  0.479E-12
  0.57000  0.31224  0.09853  0.11250  0.109E-01  0.304E-02  0.616E-02  0.304E-02  0.112E-05  0.258E-06  0.475E-02  0.000E+00  0.000E+00  0.333E-12
  0.57000  0.31213  0.09904  0.11300  0.110E-01  0.308E-02  0.622E-02  0.308E-02  0.114E-05  0.259E-06  0.479E-02  0.000E+00  0.000E+00  0.230E-12
  0.57000  0.31202  0.09954  0.11350  0.111E-01  0.311E-02  0.629E-02  0.311E-02  0.117E-05  0.261E-06  0.483E-02  0.000E+00  0.000E+00  0.159E-12
  0.57000  0.31190  0.10005  0.11400  0.112E-01  0.315E-02  0.636E-02  0.315E-02  0.119E-05  0.262E-06  0.487E-02  0.000E+00  0.000E+00  0.110E-12
  0.57000  0.31179  0.10055  0.11450  0.113E-01  0.318E-02  0.642E-02  0.318E-02  0.122E-05  0.263E-06  0.491E-02  0.000E+00  0.000E+00  0.751E-13
  0.57000  0.31167  0.10106  0.11500  0.114E-01  0.322E-02  0.649E-02  0.322E-02  0.145E-05  0.362E-06  0.495E-02  0.000E+00  0.000E+00  0.514E-13
  0.57000  0.31156  0.10156  0.11550  0.115E-01  0.326E-02  0.655E-02  0.325E-02  0.149E-05  0.361E-06  0.499E-02  0.000E+00  0.000E+00  0.350E-13
  0.57000  0.31144  0.10207  0.11600  0.117E-01  0.329E-02  0.662E-02  0.329E-02  0.152E-05  0.362E-06  0.503E-02  0.000E+00  0.000E+00  0.238E-13
  0.57000  0.31133  0.10257  0.11650  0.118E-01  0.333E-02  0.669E-02  0.333E-02  0.155E-05  0.363E-06  0.507E-02  0.000E+00  0.000E+00  0.161E-13
  0.57000  0.31121  0.10308  0.11700  0.119E-01  0.336E-02  0.675E-02  0.336E-02  0.159E-05  0.364E-06  0.511E-02  0.000E+00  0.000E+00  0.109E-13
  0.57000  0.31109  0.10358  0.11750  0.120E-01  0.340E-02  0.682E-02  0.340E-02  0.162E-05  0.365E-06  0.515E-02  0.000E+00  0.000E+00  0.731E-14
  0.57000  0.31098  0.10409  0.11800  0.121E-01  0.343E-02  0.689E-02  0.343E-02  0.165E-05  0.367E-06  0.519E-02  0.000E+00  0.000E+00  0.490E-14
  0.57000  0.31086  0.10460  0.11850  0.122E-01  0.347E-02  0.695E-02  0.347E-02  0.169E-05  0.369E-06  0.523E-02  0.000E+00  0.000E+00  0.000E+00
  0.57000  0.31074  0.10510  0.11900  0.123E-01  0.350E-02  0.702E-02  0.350E-02  0.172E-05  0.371E-06  0.527E-02  0.000E+00  0.000E+00  0.000E+00
  0.57000  0.31062  0.10561  0.11950  0.124E-01  0.354E-02  0.708E-02  0.354E-02  0.201E-05  0.498E-06  0.531E-02  0.000E+00  0.000E+00  0.000E+00
  0.57000  0.31050  0.10611  0.12000  0.125E-01  0.358E-02  0.715E-02  0.358E-02  0.206E-05  0.498E-06  0.535E-02  0.000E+00  0.000E+00  0.000E+00
  0.57000  0.31038  0.10662  0.12050  0.126E-01  0.361E-02  0.722E-02  0.361E-02  0.210E-05  0.498E-06  0.539E-02  0.000E+00  0.000E+00  0.000E+00
  0.57000  0.31026  0.10712  0.12100  0.127E-01  0.365E-02  0.728E-02  0.365E-02  0.215E-05  0.500E-06  0.543E-02  0.000E+00  0.000E+00  0.000E+00
  0.57000  0.31014  0.10763  0.12150  0.128E-01  0.368E-02  0.735E-02  0.368E-02  0.219E-05  0.502E-06  0.547E-02  0.000E+00  0.000E+00  0.000E+00
  0.57000  0.31002  0.10813  0.12200  0.129E-01  0.372E-02  0.741E-02  0.372E-02  0.224E-05  0.504E-06  0.551E-02  0.000E+00  0.000E+00  0.000E+00
  0.57000  0.30989  0.10864  0.12250  0.130E-01  0.376E-02  0.748E-02  0.376E-02  0.228E-05  0.506E-06  0.555E-02  0.000E+00  0.000E+00  0.000E+00
  0.57000  0.30977  0.10914  0.12300  0.131E-01  0.379E-02  0.754E-02  0.379E-02  0.233E-05  0.509E-06  0.559E-02  0.000E+00  0.000E+00  0.000E+00
  0.57000  0.30965  0.10965  0.12350  0.132E-01  0.383E-02  0.761E-02  0.383E-02  0.237E-05  0.512E-06  0.563E-02  0.000E+00  0.000E+00  0.000E+00
  0.57000  0.30952  0.11015  0.12400  0.134E-01  0.386E-02  0.767E-02  0.386E-02  0.274E-05  0.674E-06  0.567E-02  0.000E+00  0.000E+00  0.000E+00
  0.57000  0.30940  0.11066  0.12450  0.135E-01  0.390E-02  0.774E-02  0.390E-02  0.280E-05  0.674E-06  0.571E-02  0.000E+00  0.000E+00  0.000E+00
  0.57000  0.30927  0.11117  0.12500  0.136E-01  0.394E-02  0.780E-02  0.394E-02  0.286E-05  0.675E-06  0.575E-02  0.000E+00  0.000E+00  0.000E+00
  0.57000  0.30915  0.11167  0.12550  0.137E-01  0.397E-02  0.787E-02  0.397E-02  0.292E-05  0.677E-06  0.579E-02  0.000E+00  0.000E+00  0.000E+00
  0.57000  0.30902  0.11218  0.12600  0.138E-01  0.401E-02  0.793E-02  0.401E-02  0.298E-05  0.680E-06  0.583E-02  0.000E+00  0.000E+00  0.000E+00
  0.57000  0.30890  0.11268  0.12650  0.139E-01  0.404E-02  0.800E-02  0.404E-02  0.304E-05  0.683E-06  0.587E-02  0.000E+00  0.000E+00  0.000E+00
  0.57000  0.30877  0.11319  0.12700  0.140E-01  0.408E-02  0.806E-02  0.408E-02  0.309E-05  0.686E-06  0.591E-02  0.000E+00  0.000E+00  0.000E+00
  0.57000  0.30864  0.11369  0.12750  0.141E-01  0.412E-02  0.812E-02  0.411E-02  0.315E-05  0.690E-06  0.595E-02  0.000E+00  0.000E+00  0.000E+00
  0.57000  0.30852  0.11420  0.12800  0.142E-01  0.415E-02  0.819E-02  0.415E-02  0.321E-05  0.694E-06  0.599E-02  0.000E+00  0.000E+00  0.000E+00
  0.57000  0.30839  0.11471  0.12850  0.143E-01  0.419E-02  0.825E-02  0.419E-02  0.367E-05  0.900E-06  0.603E-02  0.000E+00  0.000E+00  0.000E+00
  0.57000  0.30826  0.11521  0.12900  0.144E-01  0.422E-02  0.831E-02  0.422E-02  0.375E-05  0.900E-06  0.607E-02  0.000E+00  0.000E+00  0.000E+00
  0.57000  0.30813  0.11572  0.12950  0.145E-01  0.426E-02  0.838E-02  0.426E-02  0.382E-05  0.902E-06  0.610E-02  0.000E+00  0.000E+00  0.000E+00
  0.57000  0.30800  0.11622  0.13000  0.146E-01  0.429E-02  0.844E-02  0.429E-02  0.390E-05  0.905E-06  0.614E-02  0.000E+00  0.000E+00  0.000E+00
  0.57000  0.30787  0.11673  0.13050  0.147E-01  0.433E-02  0.850E-02  0.433E-02  0.398E-05  0.909E-06  0.618E-02  0.000E+00  0.000E+00  0.000E+00
  0.57000  0.30774  0.11723  0.13100  0.148E-01  0.436E-02  0.856E-02  0.436E-02  0.406E-05  0.913E-06  0.622E-02  0.000E+00  0.000E+00  0.000E+00
  0.57000  0.30761  0.11774  0.13150  0.149E-01  0.440E-02  0.862E-02  0.440E-02  0.413E-05  0.918E-06  0.626E-02  0.000E+00  0.000E+00  0.000E+00
  0.57000  0.30748  0.11825  0.13200  0.150E-01  0.443E-02  0.869E-02  0.443E-02  0.421E-05  0.923E-06  0.630E-02  0.000E+00  0.000E+00  0.000E+00
  0.57000  0.30734  0.11875  0.13250  0.151E-01  0.447E-02  0.875E-02  0.447E-02  0.429E-05  0.928E-06  0.633E-02  0.000E+00  0.000E+00  0.000E+00
  0.57000  0.30721  0.11926  0.13300  0.152E-01  0.450E-02  0.881E-02  0.450E-02  0.485E-05  0.119E-05  0.637E-02  0.000E+00  0.000E+00  0.000E+00
  0.57000  0.30708  0.11976  0.13350  0.153E-01  0.454E-02  0.887E-02  0.454E-02  0.495E-05  0.119E-05  0.641E-02  0.000E+00  0.000E+00  0.000E+00
  0.57000  0.30694  0.12027  0.13400  0.154E-01  0.457E-02  0.893E-02  0.457E-02  0.505E-05  0.119E-05  0.645E-02  0.000E+00  0.000E+00  0.000E+00
  0.57000  0.30681  0.12078  0.13450  0.155E-01  0.461E-02  0.899E-02  0.461E-02  0.515E-05  0.120E-05  0.648E-02  0.000E+00  0.000E+00  0.000E+00
  0.57000  0.30667  0.12128  0.13500  0.156E-01  0.464E-02  0.904E-02  0.464E-02  0.525E-05  0.120E-05  0.652E-02  0.000E+00  0.000E+00  0.000E+00
  0.57000  0.30654  0.12179  0.13550  0.157E-01  0.468E-02  0.910E-02  0.467E-02  0.535E-05  0.121E-05  0.656E-02  0.000E+00  0.000E+00  0.000E+00
  0.57000  0.30640  0.12229  0.13600  0.158E-01  0.471E-02  0.916E-02  0.471E-02  0.545E-05  0.121E-05  0.659E-02  0.000E+00  0.000E+00  0.000E+00
  0.57000  0.30627  0.12280  0.13650  0.159E-01  0.474E-02  0.922E-02  0.474E-02  0.555E-05  0.122E-05  0.663E-02  0.000E+00  0.000E+00  0.000E+00
  0.57000  0.30613  0.12331  0.13700  0.159E-01  0.478E-02  0.928E-02  0.478E-02  0.565E-05  0.123E-05  0.667E-02  0.000E+00  0.000E+00  0.000E+00
  0.57000  0.30599  0.12381  0.13750  0.160E-01  0.481E-02  0.933E-02  0.481E-02  0.634E-05  0.155E-05  0.670E-02  0.000E+00  0.000E+00  0.000E+00
  0.57000  0.30586  0.12432  0.13800  0.161E-01  0.485E-02  0.939E-02  0.484E-02  0.647E-05  0.155E-05  0.674E-02  0.000E+00  0.000E+00  0.000E+00
  0.57000  0.30572  0.12482  0.13850  0.162E-01  0.488E-02  0.945E-02  0.488E-02  0.659E-05  0.156E-05  0.677E-02  0.000E+00  0.000E+00  0.000E+00
  0.57000  0.30558  0.12533  0.13900  0.163E-01  0.491E-02  0.950E-02  0.491E-02  0.672E-05  0.156E-05  0.681E-02  0.000E+00  0.000E+00  0.000E+00
  0.57000  0.30544  0.12584  0.13950  0.164E-01  0.495E-02  0.956E-02  0.494E-02  0.685E-05  0.157E-05  0.684E-02  0.000E+00  0.000E+00  0.000E+00
  0.57000  0.30530  0.12634  0.14000  0.165E-01  0.498E-02  0.961E-02  0.498E-02  0.698E-05  0.158E-05  0.688E-02  0.000E+00  0.000E+00  0.000E+00
  0.57000  0.30516  0.12685  0.14050  0.166E-01  0.501E-02  0.967E-02  0.501E-02  0.711E-05  0.159E-05  0.691E-02  0.000E+00  0.000E+00  0.000E+00
  0.57000  0.30502  0.12736  0.14100  0.167E-01  0.504E-02  0.972E-02  0.504E-02  0.724E-05  0.160E-05  0.695E-02  0.000E+00  0.000E+00  0.000E+00
  0.57000  0.30488  0.12786  0.14150  0.168E-01  0.508E-02  0.977E-02  0.507E-02  0.737E-05  0.161E-05  0.698E-02  0.000E+00  0.000E+00  0.000E+00
  0.57000  0.30474  0.12837  0.14200  0.169E-01  0.511E-02  0.983E-02  0.511E-02  0.821E-05  0.201E-05  0.702E-02  0.000E+00  0.000E+00  0.000E+00
  0.57000  0.30459  0.12888  0.14250  0.169E-01  0.514E-02  0.988E-02  0.514E-02  0.837E-05  0.201E-05  0.705E-02  0.000E+00  0.000E+00  0.000E+00
  0.57000  0.30445  0.12938  0.14300  0.170E-01  0.517E-02  0.993E-02  0.517E-02  0.853E-05  0.202E-05  0.708E-02  0.000E+00  0.000E+00  0.000E+00
  0.57000  0.30431  0.12989  0.14350  0.171E-01  0.520E-02  0.998E-02  0.520E-02  0.870E-05  0.202E-05  0.712E-02  0.000E+00  0.000E+00  0.000E+00
  0.57000  0.30416  0.13039  0.14400  0.172E-01  0.524E-02  0.100E-01  0.523E-02  0.886E-05  0.203E-05  0.715E-02  0.000E+00  0.000E+00  0.000E+00
  0.57000  0.30402  0.13090  0.14450  0.173E-01  0.527E-02  0.101E-01  0.526E-02  0.902E-05  0.204E-05  0.718E-02  0.000E+00  0.000E+00  0.000E+00
  0.57000  0.30387  0.13141  0.14500  0.174E-01  0.530E-02  0.101E-01  0.530E-02  0.919E-05  0.206E-05  0.721E-02  0.000E+00  0.000E+00  0.000E+00
  0.57000  0.30373  0.13191  0.14550  0.174E-01  0.533E-02  0.102E-01  0.533E-02  0.935E-05  0.207E-05  0.724E-02  0.000E+00  0.000E+00  0.000E+00
  0.57000  0.30358  0.13242  0.14600  0.175E-01  0.536E-02  0.102E-01  0.536E-02  0.103E-04  0.257E-05  0.728E-02  0.000E+00  0.000E+00  0.000E+00
  0.57000  0.30344  0.13293  0.14650  0.176E-01  0.539E-02  0.103E-01  0.539E-02  0.105E-04  0.258E-05  0.731E-02  0.000E+00  0.000E+00  0.000E+00
  0.57000  0.30329  0.13343  0.14700  0.177E-01  0.542E-02  0.103E-01  0.542E-02  0.107E-04  0.258E-05  0.734E-02  0.000E+00  0.000E+00  0.000E+00
  0.57000  0.30314  0.13394  0.14750  0.178E-01  0.545E-02  0.104E-01  0.545E-02  0.109E-04  0.259E-05  0.737E-02  0.000E+00  0.000E+00  0.000E+00
  0.57000  0.30300  0.13445  0.14800  0.178E-01  0.548E-02  0.104E-01  0.548E-02  0.112E-04  0.260E-05  0.740E-02  0.000E+00  0.000E+00  0.000E+00
  0.57000  0.30285  0.13495  0.14850  0.179E-01  0.551E-02  0.105E-01  0.551E-02  0.114E-04  0.261E-05  0.743E-02  0.000E+00  0.000E+00  0.000E+00
  0.57000  0.30270  0.13546  0.14900  0.180E-01  0.554E-02  0.105E-01  0.554E-02  0.116E-04  0.263E-05  0.746E-02  0.000E+00  0.000E+00  0.000E+00
  0.57000  0.30255  0.13597  0.14950  0.181E-01  0.557E-02  0.106E-01  0.556E-02  0.118E-04  0.264E-05  0.749E-02  0.000E+00  0.000E+00  0.000E+00
  0.57000  0.30240  0.13647  0.15000  0.181E-01  0.560E-02  0.106E-01  0.559E-02  0.120E-04  0.266E-05  0.752E-02  0.000E+00  0.000E+00  0.000E+00
  0.57000  0.30225  0.13698  0.15050  0.182E-01  0.562E-02  0.106E-01  0.562E-02  0.132E-04  0.328E-05  0.755E-02  0.000E+00  0.000E+00  0.000E+00
  0.57000  0.30210  0.13749  0.15100  0.183E-01  0.565E-02  0.107E-01  0.565E-02  0.134E-04  0.328E-05  0.758E-02  0.000E+00  0.000E+00  0.000E+00
  0.57000  0.30195  0.13799  0.15150  0.183E-01  0.568E-02  0.107E-01  0.568E-02  0.137E-04  0.329E-05  0.760E-02  0.000E+00  0.000E+00  0.000E+00
  0.57000  0.30180  0.13850  0.15200  0.184E-01  0.571E-02  0.108E-01  0.570E-02  0.139E-04  0.330E-05  0.763E-02  0.000E+00  0.000E+00  0.000E+00
  0.57000  0.30164  0.13901  0.15250  0.185E-01  0.574E-02  0.108E-01  0.573E-02  0.142E-04  0.332E-05  0.766E-02  0.000E+00  0.000E+00  0.000E+00
  0.57000  0.30149  0.13951  0.15300  0.186E-01  0.576E-02  0.109E-01  0.576E-02  0.145E-04  0.333E-05  0.769E-02  0.000E+00  0.000E+00  0.000E+00
  0.57000  0.30134  0.14002  0.15350  0.186E-01  0.579E-02  0.109E-01  0.579E-02  0.147E-04  0.335E-05  0.771E-02  0.000E+00  0.000E+00  0.000E+00
  0.57000  0.30118  0.14053  0.15400  0.187E-01  0.582E-02  0.109E-01  0.581E-02  0.150E-04  0.337E-05  0.774E-02  0.000E+00  0.000E+00  0.000E+00
  0.57000  0.30103  0.14103  0.15450  0.188E-01  0.584E-02  0.110E-01  0.584E-02  0.152E-04  0.339E-05  0.777E-02  0.000E+00  0.000E+00  0.000E+00
  0.57000  0.30087  0.14154  0.15500  0.188E-01  0.587E-02  0.110E-01  0.586E-02  0.167E-04  0.415E-05  0.779E-02  0.000E+00  0.000E+00  0.000E+00
  0.57000  0.30072  0.14205  0.15550  0.189E-01  0.589E-02  0.110E-01  0.589E-02  0.170E-04  0.415E-05  0.782E-02  0.000E+00  0.000E+00  0.000E+00
  0.57000  0.30056  0.14256  0.15600  0.189E-01  0.592E-02  0.111E-01  0.592E-02  0.173E-04  0.417E-05  0.784E-02  0.000E+00  0.000E+00  0.000E+00
  0.57000  0.30041  0.14306  0.15650  0.190E-01  0.595E-02  0.111E-01  0.594E-02  0.176E-04  0.418E-05  0.787E-02  0.000E+00  0.000E+00  0.000E+00
  0.57000  0.30025  0.14357  0.15700  0.191E-01  0.597E-02  0.112E-01  0.597E-02  0.180E-04  0.420E-05  0.789E-02  0.000E+00  0.000E+00  0.000E+00
  0.57000  0.30009  0.14408  0.15750  0.191E-01  0.599E-02  0.112E-01  0.599E-02  0.183E-04  0.422E-05  0.791E-02  0.000E+00  0.000E+00  0.000E+00
  0.57000  0.29994  0.14458  0.15800  0.192E-01  0.602E-02  0.112E-01  0.601E-02  0.186E-04  0.425E-05  0.794E-02  0.000E+00  0.000E+00  0.000E+00
  0.57000  0.29978  0.14509  0.15850  0.192E-01  0.604E-02  0.113E-01  0.604E-02  0.189E-04  0.427E-05  0.796E-02  0.000E+00  0.000E+00  0.000E+00
  0.57000  0.29962  0.14560  0.15900  0.193E-01  0.607E-02  0.113E-01  0.606E-02  0.206E-04  0.520E-05  0.798E-02  0.000E+00  0.000E+00  0.000E+00
  0.57000  0.29946  0.14610  0.15950  0.193E-01  0.609E-02  0.113E-01  0.609E-02  0.210E-04  0.521E-05  0.800E-02  0.000E+00  0.000E+00  0.000E+00
  0.57000  0.29930  0.14661  0.16000  0.194E-01  0.611E-02  0.113E-01  0.611E-02  0.214E-04  0.522E-05  0.803E-02  0.000E+00  0.000E+00  0.000E+00
  0.57000  0.29914  0.14712  0.16050  0.194E-01  0.614E-02  0.114E-01  0.613E-02  0.218E-04  0.524E-05  0.805E-02  0.000E+00  0.000E+00  0.000E+00
  0.57000  0.29898  0.14763  0.16100  0.195E-01  0.616E-02  0.114E-01  0.615E-02  0.222E-04  0.526E-05  0.807E-02  0.000E+00  0.000E+00  0.000E+00
  0.57000  0.29882  0.14813  0.16150  0.195E-01  0.618E-02  0.114E-01  0.618E-02  0.226E-04  0.529E-05  0.809E-02  0.000E+00  0.000E+00  0.000E+00
  0.57000  0.29866  0.14864  0.16200  0.196E-01  0.620E-02  0.115E-01  0.620E-02  0.230E-04  0.532E-05  0.811E-02  0.000E+00  0.000E+00  0.000E+00
  0.57000  0.29849  0.14915  0.16250  0.196E-01  0.622E-02  0.115E-01  0.622E-02  0.234E-04  0.535E-05  0.813E-02  0.000E+00  0.000E+00  0.000E+00
  0.57000  0.29833  0.14966  0.16300  0.197E-01  0.624E-02  0.115E-01  0.624E-02  0.238E-04  0.538E-05  0.815E-02  0.000E+00  0.000E+00  0.000E+00
  0.57000  0.29817  0.15016  0.16350  0.197E-01  0.627E-02  0.115E-01  0.626E-02  0.258E-04  0.649E-05  0.816E-02  0.000E+00  0.000E+00  0.000E+00
  0.57000  0.29800  0.15067  0.16400  0.198E-01  0.629E-02  0.116E-01  0.628E-02  0.262E-04  0.650E-05  0.818E-02  0.000E+00  0.000E+00  0.000E+00
  0.57000  0.29784  0.15118  0.16450  0.198E-01  0.631E-02  0.116E-01  0.630E-02  0.267E-04  0.652E-05  0.820E-02  0.000E+00  0.000E+00  0.000E+00
  0.57000  0.29767  0.15168  0.16500  0.199E-01  0.633E-02  0.116E-01  0.632E-02  0.272E-04  0.655E-05  0.822E-02  0.000E+00  0.000E+00  0.000E+00
  0.57000  0.29751  0.15219  0.16550  0.199E-01  0.635E-02  0.116E-01  0.634E-02  0.277E-04  0.658E-05  0.823E-02  0.000E+00  0.000E+00  0.000E+00
  0.57000  0.29734  0.15270  0.16600  0.199E-01  0.636E-02  0.117E-01  0.636E-02  0.282E-04  0.661E-05  0.825E-02  0.000E+00  0.000E+00  0.000E+00
  0.57000  0.29718  0.15321  0.16650  0.200E-01  0.638E-02  0.117E-01  0.638E-02  0.287E-04  0.665E-05  0.827E-02  0.000E+00  0.000E+00  0.000E+00
  0.57000  0.29701  0.15371  0.16700  0.200E-01  0.640E-02  0.117E-01  0.640E-02  0.292E-04  0.669E-05  0.828E-02  0.000E+00  0.000E+00  0.000E+00
  0.57000  0.29684  0.15422  0.16750  0.201E-01  0.642E-02  0.117E-01  0.641E-02  0.315E-04  0.805E-05  0.830E-02  0.000E+00  0.000E+00  0.000E+00
  0.57000  0.29668  0.15473  0.16800  0.201E-01  0.644E-02  0.117E-01  0.643E-02  0.321E-04  0.806E-05  0.831E-02  0.000E+00  0.000E+00  0.000E+00
  0.57000  0.29651  0.15524  0.16850  0.201E-01  0.646E-02  0.118E-01  0.645E-02  0.327E-04  0.807E-05  0.832E-02  0.000E+00  0.000E+00  0.000E+00
  0.57000  0.29634  0.15574  0.16900  0.202E-01  0.647E-02  0.118E-01  0.646E-02  0.332E-04  0.810E-05  0.834E-02  0.000E+00  0.000E+00  0.000E+00
  0.57000  0.29617  0.15625  0.16950  0.202E-01  0.649E-02  0.118E-01  0.648E-02  0.338E-04  0.814E-05  0.835E-02  0.000E+00  0.000E+00  0.000E+00
  0.57000  0.29600  0.15676  0.17000  0.202E-01  0.651E-02  0.118E-01  0.650E-02  0.344E-04  0.818E-05  0.836E-02  0.000E+00  0.000E+00  0.000E+00
  0.57000  0.29583  0.15727  0.17050  0.202E-01  0.652E-02  0.118E-01  0.651E-02  0.350E-04  0.822E-05  0.837E-02  0.000E+00  0.000E+00  0.000E+00
  0.57000  0.29566  0.15777  0.17100  0.203E-01  0.654E-02  0.118E-01  0.653E-02  0.356E-04  0.827E-05  0.839E-02  0.000E+00  0.000E+00  0.000E+00
  0.57000  0.29549  0.15828  0.17150  0.203E-01  0.655E-02  0.119E-01  0.654E-02  0.362E-04  0.832E-05  0.840E-02  0.000E+00  0.000E+00  0.000E+00
  0.57000  0.29532  0.15879  0.17200  0.203E-01  0.657E-02  0.119E-01  0.656E-02  0.390E-04  0.992E-05  0.841E-02  0.000E+00  0.000E+00  0.000E+00
  0.57000  0.29514  0.15930  0.17250  0.203E-01  0.658E-02  0.119E-01  0.657E-02  0.397E-04  0.994E-05  0.842E-02  0.000E+00  0.000E+00  0.000E+00
  0.57000  0.29497  0.15981  0.17300  0.204E-01  0.660E-02  0.119E-01  0.659E-02  0.404E-04  0.997E-05  0.843E-02  0.000E+00  0.000E+00  0.000E+00
  0.57000  0.29480  0.16031  0.17350  0.204E-01  0.661E-02  0.119E-01  0.660E-02  0.411E-04  0.100E-04  0.844E-02  0.000E+00  0.000E+00  0.000E+00
  0.57000  0.29462  0.16082  0.17400  0.204E-01  0.662E-02  0.119E-01  0.661E-02  0.419E-04  0.101E-04  0.844E-02  0.000E+00  0.000E+00  0.000E+00
  0.57000  0.29445  0.16133  0.17450  0.204E-01  0.664E-02  0.119E-01  0.663E-02  0.426E-04  0.101E-04  0.845E-02  0.000E+00  0.000E+00  0.000E+00
  0.57000  0.29427  0.16184  0.17500  0.204E-01  0.665E-02  0.119E-01  0.664E-02  0.433E-04  0.102E-04  0.846E-02  0.000E+00  0.000E+00  0.000E+00
  0.57000  0.29410  0.16234  0.17550  0.205E-01  0.666E-02  0.120E-01  0.665E-02  0.440E-04  0.102E-04  0.847E-02  0.000E+00  0.000E+00  0.000E+00
  0.57000  0.29392  0.16285  0.17600  0.205E-01  0.667E-02  0.120E-01  0.666E-02  0.472E-04  0.122E-04  0.847E-02  0.000E+00  0.000E+00  0.000E+00
  0.57000  0.29375  0.16336  0.17650  0.205E-01  0.668E-02  0.120E-01  0.667E-02  0.480E-04  0.122E-04  0.848E-02  0.000E+00  0.000E+00  0.000E+00
  0.57000  0.29357  0.16387  0.17700  0.205E-01  0.670E-02  0.120E-01  0.668E-02  0.489E-04  0.122E-04  0.848E-02  0.000E+00  0.000E+00  0.000E+00
  0.57000  0.29339  0.16438  0.17750  0.205E-01  0.671E-02  0.120E-01  0.669E-02  0.498E-04  0.122E-04  0.849E-02  0.000E+00  0.000E+00  0.000E+00
  0.57000  0.29322  0.16488  0.17800  0.205E-01  0.672E-02  0.120E-01  0.670E-02  0.506E-04  0.123E-04  0.849E-02  0.000E+00  0.000E+00  0.000E+00
  0.57000  0.29304  0.16539  0.17850  0.205E-01  0.673E-02  0.120E-01  0.671E-02  0.515E-04  0.124E-04  0.850E-02  0.000E+00  0.000E+00  0.000E+00
  0.57000  0.29286  0.16590  0.17900  0.205E-01  0.674E-02  0.120E-01  0.672E-02  0.524E-04  0.124E-04  0.850E-02  0.000E+00  0.000E+00  0.000E+00
  0.57000  0.29268  0.16641  0.17950  0.205E-01  0.674E-02  0.120E-01  0.673E-02  0.533E-04  0.125E-04  0.850E-02  0.000E+00  0.000E+00  0.000E+00
  0.57000  0.29250  0.16692  0.18000  0.205E-01  0.675E-02  0.120E-01  0.674E-02  0.542E-04  0.126E-04  0.850E-02  0.000E+00  0.000E+00  0.000E+00
  0.57000  0.29232  0.16742  0.18050  0.206E-01  0.676E-02  0.120E-01  0.675E-02  0.579E-04  0.148E-04  0.851E-02  0.000E+00  0.000E+00  0.000E+00
  0.57000  0.29214  0.16793  0.18100  0.206E-01  0.677E-02  0.120E-01  0.676E-02  0.589E-04  0.149E-04  0.851E-02  0.000E+00  0.000E+00  0.000E+00
  0.57000  0.29196  0.16844  0.18150  0.206E-01  0.678E-02  0.120E-01  0.676E-02  0.600E-04  0.149E-04  0.851E-02  0.000E+00  0.000E+00  0.000E+00
  0.57000  0.29178  0.16895  0.18200  0.206E-01  0.679E-02  0.120E-01  0.677E-02  0.610E-04  0.150E-04  0.851E-02  0.000E+00  0.000E+00  0.000E+00
  0.57000  0.29159  0.16946  0.18250  0.206E-01  0.679E-02  0.120E-01  0.678E-02  0.621E-04  0.150E-04  0.851E-02  0.000E+00  0.000E+00  0.000E+00
  0.57000  0.29141  0.16996  0.18300  0.206E-01  0.680E-02  0.120E-01  0.678E-02  0.631E-04  0.151E-04  0.851E-02  0.000E+00  0.000E+00  0.000E+00
  0.57000  0.29123  0.17047  0.18350  0.205E-01  0.680E-02  0.120E-01  0.679E-02  0.642E-04  0.152E-04  0.850E-02  0.000E+00  0.000E+00  0.000E+00
  0.57000  0.29104  0.17098  0.18400  0.205E-01  0.681E-02  0.120E-01  0.680E-02  0.653E-04  0.153E-04  0.850E-02  0.000E+00  0.000E+00  0.000E+00
  0.57000  0.29086  0.17149  0.18450  0.205E-01  0.682E-02  0.120E-01  0.680E-02  0.694E-04  0.180E-04  0.850E-02  0.000E+00  0.000E+00  0.000E+00
  0.57000  0.29067  0.17200  0.18500  0.205E-01  0.682E-02  0.120E-01  0.680E-02  0.707E-04  0.180E-04  0.850E-02  0.000E+00  0.000E+00  0.000E+00
  0.57000  0.29049  0.17251  0.18550  0.205E-01  0.683E-02  0.120E-01  0.681E-02  0.719E-04  0.181E-04  0.849E-02  0.000E+00  0.000E+00  0.000E+00
  0.57000  0.29030  0.17301  0.18600  0.205E-01  0.683E-02  0.119E-01  0.681E-02  0.732E-04  0.181E-04  0.849E-02  0.000E+00  0.000E+00  0.000E+00
  0.57000  0.29012  0.17352  0.18650  0.205E-01  0.683E-02  0.119E-01  0.682E-02  0.744E-04  0.182E-04  0.848E-02  0.000E+00  0.000E+00  0.000E+00
  0.57000  0.28993  0.17403  0.18700  0.205E-01  0.684E-02  0.119E-01  0.682E-02  0.757E-04  0.183E-04  0.848E-02  0.000E+00  0.000E+00  0.000E+00
  0.57000  0.28974  0.17454  0.18750  0.205E-01  0.684E-02  0.119E-01  0.682E-02  0.770E-04  0.184E-04  0.847E-02  0.000E+00  0.000E+00  0.000E+00
  0.57000  0.28956  0.17505  0.18800  0.205E-01  0.684E-02  0.119E-01  0.682E-02  0.783E-04  0.185E-04  0.847E-02  0.000E+00  0.000E+00  0.000E+00
  0.57000  0.28937  0.17556  0.18850  0.204E-01  0.685E-02  0.119E-01  0.683E-02  0.796E-04  0.186E-04  0.846E-02  0.000E+00  0.000E+00  0.000E+00
  0.57000  0.28918  0.17606  0.18900  0.204E-01  0.685E-02  0.119E-01  0.683E-02  0.845E-04  0.217E-04  0.845E-02  0.000E+00  0.000E+00  0.000E+00
  0.57000  0.28899  0.17657  0.18950  0.204E-01  0.685E-02  0.119E-01  0.683E-02  0.860E-04  0.218E-04  0.844E-02  0.000E+00  0.000E+00  0.000E+00
  0.57000  0.28880  0.17708  0.19000  0.204E-01  0.685E-02  0.119E-01  0.683E-02  0.875E-04  0.218E-04  0.844E-02  0.000E+00  0.000E+00  0.000E+00
  0.57000  0.28861  0.17759  0.19050  0.204E-01  0.685E-02  0.119E-01  0.683E-02  0.890E-04  0.219E-04  0.843E-02  0.000E+00  0.000E+00  0.000E+00
  0.57000  0.28842  0.17810  0.19100  0.203E-01  0.685E-02  0.118E-01  0.683E-02  0.905E-04  0.220E-04  0.842E-02  0.000E+00  0.000E+00  0.000E+00
  0.57000  0.28823  0.17861  0.19150  0.203E-01  0.685E-02  0.118E-01  0.683E-02  0.920E-04  0.222E-04  0.841E-02  0.000E+00  0.000E+00  0.000E+00
  0.57000  0.28804  0.17912  0.19200  0.203E-01  0.685E-02  0.118E-01  0.683E-02  0.935E-04  0.223E-04  0.840E-02  0.000E+00  0.000E+00  0.000E+00
  0.57000  0.28784  0.17962  0.19250  0.203E-01  0.685E-02  0.118E-01  0.683E-02  0.951E-04  0.224E-04  0.839E-02  0.000E+00  0.000E+00  0.000E+00
  0.57000  0.28765  0.18013  0.19300  0.202E-01  0.685E-02  0.118E-01  0.683E-02  0.101E-03  0.260E-04  0.837E-02  0.000E+00  0.000E+00  0.000E+00
  0.57000  0.28746  0.18064  0.19350  0.202E-01  0.685E-02  0.118E-01  0.683E-02  0.102E-03  0.261E-04  0.836E-02  0.000E+00  0.000E+00  0.000E+00
  0.57000  0.28726  0.18115  0.19400  0.202E-01  0.685E-02  0.117E-01  0.682E-02  0.104E-03  0.262E-04  0.835E-02  0.000E+00  0.000E+00  0.000E+00
  0.57000  0.28707  0.18166  0.19450  0.202E-01  0.685E-02  0.117E-01  0.682E-02  0.106E-03  0.263E-04  0.834E-02  0.000E+00  0.000E+00  0.000E+00
  0.57000  0.28687  0.18217  0.19500  0.201E-01  0.685E-02  0.117E-01  0.682E-02  0.108E-03  0.264E-04  0.832E-02  0.000E+00  0.000E+00  0.000E+00
  0.57000  0.28668  0.18268  0.19550  0.201E-01  0.684E-02  0.117E-01  0.682E-02  0.109E-03  0.266E-04  0.831E-02  0.000E+00  0.000E+00  0.000E+00
  0.57000  0.28648  0.18319  0.19600  0.201E-01  0.684E-02  0.117E-01  0.681E-02  0.111E-03  0.267E-04  0.829E-02  0.000E+00  0.000E+00  0.000E+00
  0.57000  0.28629  0.18369  0.19650  0.200E-01  0.683E-02  0.116E-01  0.681E-02  0.113E-03  0.269E-04  0.828E-02  0.000E+00  0.000E+00  0.000E+00
  0.57000  0.28609  0.18420  0.19700  0.200E-01  0.683E-02  0.116E-01  0.680E-02  0.119E-03  0.311E-04  0.826E-02  0.000E+00  0.000E+00  0.000E+00
  0.57000  0.28589  0.18471  0.19750  0.200E-01  0.683E-02  0.116E-01  0.680E-02  0.121E-03  0.311E-04  0.825E-02  0.000E+00  0.000E+00  0.000E+00
  0.57000  0.28570  0.18522  0.19800  0.199E-01  0.683E-02  0.116E-01  0.679E-02  0.123E-03  0.312E-04  0.823E-02  0.000E+00  0.000E+00  0.000E+00
  0.57000  0.28550  0.18573  0.19850  0.199E-01  0.682E-02  0.115E-01  0.679E-02  0.126E-03  0.314E-04  0.821E-02  0.000E+00  0.000E+00  0.000E+00
  0.57000  0.28530  0.18624  0.19900  0.198E-01  0.681E-02  0.115E-01  0.678E-02  0.128E-03  0.315E-04  0.820E-02  0.000E+00  0.000E+00  0.000E+00
  0.57000  0.28510  0.18675  0.19950  0.198E-01  0.681E-02  0.115E-01  0.678E-02  0.130E-03  0.317E-04  0.818E-02  0.000E+00  0.000E+00  0.000E+00
  0.57000  0.28490  0.18726  0.20000  0.198E-01  0.680E-02  0.115E-01  0.677E-02  0.132E-03  0.319E-04  0.816E-02  0.000E+00  0.000E+00  0.000E+00
  0.57000  0.28470  0.18777  0.20050  0.197E-01  0.680E-02  0.114E-01  0.676E-02  0.134E-03  0.321E-04  0.814E-02  0.000E+00  0.000E+00  0.000E+00
  0.57000  0.28450  0.18827  0.20100  0.197E-01  0.679E-02  0.114E-01  0.676E-02  0.136E-03  0.323E-04  0.812E-02  0.000E+00  0.000E+00  0.000E+00
  0.57000  0.28430  0.18878  0.20150  0.196E-01  0.679E-02  0.114E-01  0.675E-02  0.143E-03  0.370E-04  0.810E-02  0.000E+00  0.000E+00  0.000E+00
  0.57000  0.28410  0.18929  0.20200  0.196E-01  0.678E-02  0.114E-01  0.674E-02  0.146E-03  0.371E-04  0.808E-02  0.000E+00  0.000E+00  0.000E+00
  0.57000  0.28389  0.18980  0.20250  0.195E-01  0.677E-02  0.113E-01  0.673E-02  0.148E-03  0.373E-04  0.806E-02  0.000E+00  0.000E+00  0.000E+00
  0.57000  0.28369  0.19031  0.20300  0.195E-01  0.676E-02  0.113E-01  0.673E-02  0.151E-03  0.374E-04  0.804E-02  0.000E+00  0.000E+00  0.000E+00
  0.57000  0.28349  0.19082  0.20350  0.194E-01  0.676E-02  0.113E-01  0.672E-02  0.153E-03  0.376E-04  0.801E-02  0.000E+00  0.000E+00  0.000E+00
  0.57000  0.28328  0.19133  0.20400  0.194E-01  0.675E-02  0.112E-01  0.671E-02  0.156E-03  0.378E-04  0.799E-02  0.000E+00  0.000E+00  0.000E+00
  0.57000  0.28308  0.19184  0.20450  0.193E-01  0.674E-02  0.112E-01  0.670E-02  0.158E-03  0.381E-04  0.797E-02  0.000E+00  0.000E+00  0.000E+00
  0.57000  0.28287  0.19235  0.20500  0.193E-01  0.673E-02  0.112E-01  0.669E-02  0.161E-03  0.383E-04  0.795E-02  0.000E+00  0.000E+00  0.000E+00
  0.57000  0.28267  0.19286  0.20550  0.192E-01  0.672E-02  0.112E-01  0.668E-02  0.169E-03  0.438E-04  0.792E-02  0.000E+00  0.000E+00  0.000E+00
  0.57000  0.28246  0.19337  0.20600  0.192E-01  0.671E-02  0.111E-01  0.667E-02  0.172E-03  0.439E-04  0.790E-02  0.000E+00  0.000E+00  0.000E+00
  0.57000  0.28226  0.19387  0.20650  0.191E-01  0.670E-02  0.111E-01  0.666E-02  0.175E-03  0.440E-04  0.787E-02  0.000E+00  0.000E+00  0.000E+00
  0.57000  0.28205  0.19438  0.20700  0.191E-01  0.669E-02  0.111E-01  0.665E-02  0.178E-03  0.442E-04  0.785E-02  0.000E+00  0.000E+00  0.000E+00
  0.57000  0.28184  0.19489  0.20750  0.190E-01  0.668E-02  0.110E-01  0.664E-02  0.180E-03  0.445E-04  0.782E-02  0.000E+00  0.000E+00  0.000E+00
  0.57000  0.28164  0.19540  0.20800  0.190E-01  0.667E-02  0.110E-01  0.663E-02  0.183E-03  0.447E-04  0.779E-02  0.000E+00  0.000E+00  0.000E+00
  0.57000  0.28143  0.19591  0.20850  0.189E-01  0.666E-02  0.110E-01  0.661E-02  0.186E-03  0.450E-04  0.777E-02  0.000E+00  0.000E+00  0.000E+00
  0.57000  0.28122  0.19642  0.20900  0.189E-01  0.665E-02  0.109E-01  0.660E-02  0.189E-03  0.453E-04  0.774E-02  0.000E+00  0.000E+00  0.000E+00
  0.57000  0.28101  0.19693  0.20950  0.188E-01  0.664E-02  0.109E-01  0.659E-02  0.198E-03  0.515E-04  0.771E-02  0.000E+00  0.000E+00  0.000E+00
  0.57000  0.28080  0.19744  0.21000  0.187E-01  0.663E-02  0.109E-01  0.658E-02  0.202E-03  0.517E-04  0.769E-02  0.000E+00  0.000E+00  0.000E+00
  0.57000  0.28059  0.19795  0.21050  0.187E-01  0.662E-02  0.108E-01  0.657E-02  0.205E-03  0.519E-04  0.766E-02  0.000E+00  0.000E+00  0.000E+00
  0.57000  0.28038  0.19846  0.21100  0.186E-01  0.660E-02  0.108E-01  0.655E-02  0.208E-03  0.521E-04  0.763E-02  0.000E+00  0.000E+00  0.000E+00
  0.57000  0.28017  0.19897  0.21150  0.186E-01  0.659E-02  0.107E-01  0.654E-02  0.212E-03  0.524E-04  0.760E-02  0.000E+00  0.000E+00  0.000E+00
  0.57000  0.27996  0.19948  0.21200  0.185E-01  0.658E-02  0.107E-01  0.653E-02  0.215E-03  0.526E-04  0.757E-02  0.000E+00  0.000E+00  0.000E+00
  0.57000  0.27974  0.19999  0.21250  0.184E-01  0.657E-02  0.107E-01  0.651E-02  0.219E-03  0.530E-04  0.754E-02  0.000E+00  0.000E+00  0.000E+00
  0.57000  0.27953  0.20050  0.21300  0.184E-01  0.655E-02  0.106E-01  0.650E-02  0.222E-03  0.533E-04  0.751E-02  0.000E+00  0.000E+00  0.000E+00
  0.57000  0.27932  0.20101  0.21350  0.183E-01  0.654E-02  0.106E-01  0.648E-02  0.232E-03  0.604E-04  0.748E-02  0.000E+00  0.000E+00  0.000E+00
  0.57000  0.27910  0.20152  0.21400  0.182E-01  0.653E-02  0.106E-01  0.647E-02  0.236E-03  0.606E-04  0.745E-02  0.000E+00  0.000E+00  0.000E+00
  0.57000  0.27889  0.20202  0.21450  0.182E-01  0.652E-02  0.105E-01  0.645E-02  0.240E-03  0.608E-04  0.742E-02  0.000E+00  0.000E+00  0.000E+00
  0.57000  0.27867  0.20253  0.21500  0.181E-01  0.650E-02  0.105E-01  0.644E-02  0.244E-03  0.611E-04  0.738E-02  0.000E+00  0.000E+00  0.000E+00
  0.57000  0.27846  0.20304  0.21550  0.180E-01  0.649E-02  0.104E-01  0.642E-02  0.247E-03  0.614E-04  0.735E-02  0.000E+00  0.000E+00  0.000E+00
  0.57000  0.27824  0.20355  0.21600  0.180E-01  0.647E-02  0.104E-01  0.641E-02  0.251E-03  0.617E-04  0.732E-02  0.000E+00  0.000E+00  0.000E+00
  0.57000  0.27803  0.20406  0.21650  0.179E-01  0.646E-02  0.104E-01  0.639E-02  0.255E-03  0.621E-04  0.729E-02  0.000E+00  0.000E+00  0.000E+00
  0.57000  0.27781  0.20457  0.21700  0.178E-01  0.644E-02  0.103E-01  0.638E-02  0.259E-03  0.625E-04  0.725E-02  0.000E+00  0.000E+00  0.000E+00
  0.57000  0.27759  0.20508  0.21750  0.178E-01  0.642E-02  0.103E-01  0.636E-02  0.263E-03  0.629E-04  0.722E-02  0.000E+00  0.000E+00  0.000E+00
  0.57000  0.27738  0.20559  0.21800  0.177E-01  0.642E-02  0.102E-01  0.635E-02  0.275E-03  0.707E-04  0.719E-02  0.000E+00  0.000E+00  0.000E+00
  0.57000  0.27716  0.20610  0.21850  0.176E-01  0.640E-02  0.102E-01  0.633E-02  0.279E-03  0.710E-04  0.715E-02  0.000E+00  0.000E+00  0.000E+00
  0.57000  0.27694  0.20661  0.21900  0.176E-01  0.638E-02  0.102E-01  0.631E-02  0.284E-03  0.713E-04  0.712E-02  0.000E+00  0.000E+00  0.000E+00
  0.57000  0.27672  0.20712  0.21950  0.175E-01  0.637E-02  0.101E-01  0.629E-02  0.288E-03  0.716E-04  0.708E-02  0.000E+00  0.000E+00  0.000E+00
  0.57000  0.27650  0.20763  0.22000  0.174E-01  0.635E-02  0.101E-01  0.628E-02  0.293E-03  0.720E-04  0.705E-02  0.000E+00  0.000E+00  0.000E+00
  0.57000  0.27628  0.20814  0.22050  0.173E-01  0.633E-02  0.100E-01  0.626E-02  0.298E-03  0.725E-04  0.701E-02  0.000E+00  0.000E+00  0.000E+00
  0.57000  0.27606  0.20865  0.22100  0.173E-01  0.632E-02  0.998E-02  0.624E-02  0.302E-03  0.729E-04  0.697E-02  0.000E+00  0.000E+00  0.000E+00
  0.57000  0.27584  0.20916  0.22150  0.172E-01  0.630E-02  0.994E-02  0.622E-02  0.307E-03  0.734E-04  0.694E-02  0.000E+00  0.000E+00  0.000E+00
  0.57000  0.27562  0.20967  0.22200  0.171E-01  0.629E-02  0.990E-02  0.621E-02  0.319E-03  0.822E-04  0.690E-02  0.000E+00  0.000E+00  0.000E+00
  0.57000  0.27539  0.21018  0.22250  0.170E-01  0.627E-02  0.986E-02  0.619E-02  0.325E-03  0.825E-04  0.686E-02  0.000E+00  0.000E+00  0.000E+00
  0.57000  0.27517  0.21069  0.22300  0.170E-01  0.625E-02  0.981E-02  0.617E-02  0.330E-03  0.829E-04  0.683E-02  0.000E+00  0.000E+00  0.000E+00
  0.57000  0.27495  0.21120  0.22350  0.169E-01  0.624E-02  0.977E-02  0.615E-02  0.335E-03  0.833E-04  0.679E-02  0.000E+00  0.000E+00  0.000E+00
  0.57000  0.27472  0.21171  0.22400  0.168E-01  0.622E-02  0.972E-02  0.613E-02  0.340E-03  0.837E-04  0.675E-02  0.000E+00  0.000E+00  0.000E+00
  0.57000  0.27450  0.21222  0.22450  0.167E-01  0.620E-02  0.968E-02  0.611E-02  0.345E-03  0.842E-04  0.671E-02  0.000E+00  0.000E+00  0.000E+00
  0.57000  0.27427  0.21273  0.22500  0.167E-01  0.618E-02  0.964E-02  0.610E-02  0.351E-03  0.848E-04  0.668E-02  0.000E+00  0.000E+00  0.000E+00
  0.57000  0.27405  0.21324  0.22550  0.166E-01  0.616E-02  0.959E-02  0.608E-02  0.356E-03  0.853E-04  0.664E-02  0.000E+00  0.000E+00  0.000E+00
  0.57000  0.27382  0.21375  0.22600  0.165E-01  0.615E-02  0.955E-02  0.606E-02  0.370E-03  0.952E-04  0.660E-02  0.000E+00  0.000E+00  0.000E+00
  0.57000  0.27360  0.21426  0.22650  0.164E-01  0.613E-02  0.950E-02  0.604E-02  0.376E-03  0.955E-04  0.656E-02  0.000E+00  0.000E+00  0.000E+00
  0.57000  0.27337  0.21477  0.22700  0.164E-01  0.611E-02  0.946E-02  0.602E-02  0.382E-03  0.960E-04  0.652E-02  0.000E+00  0.000E+00  0.000E+00
  0.57000  0.27314  0.21528  0.22750  0.163E-01  0.610E-02  0.941E-02  0.600E-02  0.388E-03  0.964E-04  0.648E-02  0.000E+00  0.000E+00  0.000E+00
  0.57000  0.27292  0.21579  0.22800  0.162E-01  0.608E-02  0.937E-02  0.598E-02  0.394E-03  0.970E-04  0.644E-02  0.000E+00  0.000E+00  0.000E+00
  0.57000  0.27269  0.21630  0.22850  0.161E-01  0.606E-02  0.932E-02  0.596E-02  0.400E-03  0.976E-04  0.640E-02  0.000E+00  0.000E+00  0.000E+00
  0.57000  0.27246  0.21681  0.22900  0.160E-01  0.604E-02  0.928E-02  0.594E-02  0.406E-03  0.982E-04  0.636E-02  0.000E+00  0.000E+00  0.000E+00
  0.57000  0.27223  0.21732  0.22950  0.160E-01  0.602E-02  0.923E-02  0.592E-02  0.412E-03  0.988E-04  0.632E-02  0.000E+00  0.000E+00  0.000E+00
  0.57000  0.27200  0.21783  0.23000  0.159E-01  0.601E-02  0.918E-02  0.590E-02  0.427E-03  0.110E-03  0.628E-02  0.000E+00  0.000E+00  0.000E+00
  0.57000  0.27177  0.21834  0.23050  0.158E-01  0.599E-02  0.914E-02  0.588E-02  0.434E-03  0.110E-03  0.624E-02  0.000E+00  0.000E+00  0.000E+00
  0.57000  0.27154  0.21885  0.23100  0.157E-01  0.597E-02  0.909E-02  0.586E-02  0.441E-03  0.111E-03  0.620E-02  0.000E+00  0.000E+00  0.000E+00
  0.57000  0.27131  0.21936  0.23150  0.157E-01  0.595E-02  0.905E-02  0.584E-02  0.447E-03  0.111E-03  0.616E-02  0.000E+00  0.000E+00  0.000E+00
  0.57000  0.27108  0.21987  0.23200  0.156E-01  0.593E-02  0.900E-02  0.582E-02  0.454E-03  0.112E-03  0.612E-02  0.000E+00  0.000E+00  0.000E+00
  0.57000  0.27084  0.22038  0.23250  0.155E-01  0.591E-02  0.895E-02  0.579E-02  0.461E-03  0.113E-03  0.607E-02  0.000E+00  0.000E+00  0.000E+00
  0.57000  0.27061  0.22090  0.23300  0.154E-01  0.589E-02  0.891E-02  0.577E-02  0.468E-03  0.113E-03  0.603E-02  0.000E+00  0.000E+00  0.000E+00
  0.57000  0.27038  0.22141  0.23350  0.153E-01  0.587E-02  0.886E-02  0.575E-02  0.475E-03  0.114E-03  0.599E-02  0.000E+00  0.000E+00  0.000E+00
  0.57000  0.27014  0.22192  0.23400  0.153E-01  0.586E-02  0.881E-02  0.573E-02  0.492E-03  0.126E-03  0.595E-02  0.000E+00  0.000E+00  0.000E+00
  0.57000  0.26991  0.22243  0.23450  0.152E-01  0.584E-02  0.877E-02  0.571E-02  0.500E-03  0.127E-03  0.591E-02  0.000E+00  0.000E+00  0.000E+00
  0.57000  0.26967  0.22294  0.23500  0.151E-01  0.582E-02  0.872E-02  0.569E-02  0.507E-03  0.127E-03  0.586E-02  0.000E+00  0.000E+00  0.000E+00
  0.57000  0.26944  0.22345  0.23550  0.150E-01  0.580E-02  0.867E-02  0.567E-02  0.515E-03  0.128E-03  0.582E-02  0.000E+00  0.000E+00  0.000E+00
  0.57000  0.26920  0.22396  0.23600  0.149E-01  0.577E-02  0.863E-02  0.565E-02  0.523E-03  0.129E-03  0.578E-02  0.000E+00  0.000E+00  0.000E+00
  0.57000  0.26897  0.22447  0.23650  0.148E-01  0.575E-02  0.858E-02  0.562E-02  0.530E-03  0.129E-03  0.574E-02  0.000E+00  0.000E+00  0.000E+00
  0.57000  0.26873  0.22498  0.23700  0.148E-01  0.573E-02  0.853E-02  0.560E-02  0.538E-03  0.130E-03  0.569E-02  0.000E+00  0.000E+00  0.000E+00
  0.57000  0.26849  0.22549  0.23750  0.147E-01  0.571E-02  0.849E-02  0.558E-02  0.546E-03  0.131E-03  0.565E-02  0.000E+00  0.000E+00  0.000E+00
  0.57000  0.26826  0.22600  0.23800  0.146E-01  0.570E-02  0.844E-02  0.556E-02  0.565E-03  0.145E-03  0.561E-02  0.000E+00  0.000E+00  0.000E+00
  0.57000  0.26802  0.22651  0.23850  0.145E-01  0.568E-02  0.839E-02  0.554E-02  0.573E-03  0.145E-03  0.558E-02  0.000E+00  0.000E+00  0.000E+00
  0.57000  0.26778  0.22702  0.23900  0.145E-01  0.566E-02  0.835E-02  0.551E-02  0.582E-03  0.146E-03  0.556E-02  0.000E+00  0.000E+00  0.000E+00
  0.57000  0.26754  0.22753  0.23950  0.144E-01  0.564E-02  0.830E-02  0.549E-02  0.591E-03  0.146E-03  0.553E-02  0.000E+00  0.000E+00  0.000E+00
  0.57000  0.26730  0.22804  0.24000  0.144E-01  0.562E-02  0.825E-02  0.547E-02  0.599E-03  0.147E-03  0.551E-02  0.000E+00  0.000E+00  0.000E+00
  0.57000  0.26706  0.22855  0.24050  0.143E-01  0.560E-02  0.821E-02  0.545E-02  0.608E-03  0.148E-03  0.548E-02  0.000E+00  0.000E+00  0.000E+00
  0.57000  0.26682  0.22906  0.24100  0.142E-01  0.557E-02  0.816E-02  0.543E-02  0.617E-03  0.149E-03  0.546E-02  0.000E+00  0.000E+00  0.000E+00
  0.57000  0.26658  0.22958  0.24150  0.142E-01  0.555E-02  0.811E-02  0.540E-02  0.626E-03  0.150E-03  0.544E-02  0.000E+00  0.000E+00  0.000E+00
  0.57000  0.26634  0.23009  0.24200  0.141E-01  0.555E-02  0.806E-02  0.538E-02  0.646E-03  0.165E-03  0.541E-02  0.000E+00  0.000E+00  0.000E+00
  0.57000  0.26609  0.23060  0.24250  0.141E-01  0.552E-02  0.802E-02  0.536E-02  0.656E-03  0.166E-03  0.539E-02  0.000E+00  0.000E+00  0.000E+00
  0.57000  0.26585  0.23111  0.24300  0.140E-01  0.550E-02  0.797E-02  0.534E-02  0.666E-03  0.166E-03  0.537E-02  0.000E+00  0.000E+00  0.000E+00
  0.57000  0.26561  0.23162  0.24350  0.139E-01  0.548E-02  0.792E-02  0.531E-02  0.675E-03  0.167E-03  0.534E-02  0.000E+00  0.000E+00  0.000E+00
  0.57000  0.26536  0.23213  0.24400  0.139E-01  0.546E-02  0.788E-02  0.529E-02  0.685E-03  0.168E-03  0.532E-02  0.000E+00  0.000E+00  0.000E+00
  0.57000  0.26512  0.23264  0.24450  0.138E-01  0.544E-02  0.783E-02  0.527E-02  0.695E-03  0.169E-03  0.530E-02  0.000E+00  0.000E+00  0.000E+00
  0.57000  0.26487  0.23315  0.24500  0.138E-01  0.542E-02  0.778E-02  0.525E-02  0.705E-03  0.170E-03  0.527E-02  0.000E+00  0.000E+00  0.000E+00
  0.57000  0.26463  0.23366  0.24550  0.137E-01  0.539E-02  0.774E-02  0.522E-02  0.715E-03  0.171E-03  0.525E-02  0.000E+00  0.000E+00  0.000E+00
  0.57000  0.26438  0.23417  0.24600  0.137E-01  0.539E-02  0.769E-02  0.520E-02  0.737E-03  0.188E-03  0.523E-02  0.000E+00  0.000E+00  0.000E+00
  0.57000  0.26414  0.23468  0.24650  0.136E-01  0.537E-02  0.764E-02  0.518E-02  0.748E-03  0.188E-03  0.521E-02  0.000E+00  0.000E+00  0.000E+00
  0.57000  0.26389  0.23520  0.24700  0.135E-01  0.534E-02  0.760E-02  0.515E-02  0.759E-03  0.189E-03  0.519E-02  0.000E+00  0.000E+00  0.000E+00
  0.57000  0.26364  0.23571  0.24750  0.135E-01  0.532E-02  0.755E-02  0.513E-02  0.770E-03  0.190E-03  0.516E-02  0.000E+00  0.000E+00  0.000E+00
  0.57000  0.26340  0.23622  0.24800  0.134E-01  0.530E-02  0.751E-02  0.511E-02  0.781E-03  0.191E-03  0.514E-02  0.000E+00  0.000E+00  0.000E+00
  0.57000  0.26315  0.23673  0.24850  0.134E-01  0.528E-02  0.746E-02  0.509E-02  0.792E-03  0.193E-03  0.512E-02  0.000E+00  0.000E+00  0.000E+00
  0.57000  0.26290  0.23724  0.24900  0.133E-01  0.526E-02  0.741E-02  0.506E-02  0.804E-03  0.194E-03  0.510E-02  0.000E+00  0.000E+00  0.000E+00
  0.57000  0.26265  0.23775  0.24950  0.133E-01  0.524E-02  0.737E-02  0.504E-02  0.815E-03  0.195E-03  0.508E-02  0.000E+00  0.000E+00  0.000E+00
  0.57000  0.26240  0.23826  0.25000  0.132E-01  0.523E-02  0.732E-02  0.502E-02  0.839E-03  0.213E-03  0.506E-02  0.000E+00  0.000E+00  0.000E+00
  0.57000  0.26215  0.23877  0.25050  0.132E-01  0.521E-02  0.728E-02  0.500E-02  0.851E-03  0.213E-03  0.504E-02  0.000E+00  0.000E+00  0.000E+00
  0.57000  0.26190  0.23929  0.25100  0.131E-01  0.519E-02  0.723E-02  0.497E-02  0.863E-03  0.214E-03  0.502E-02  0.000E+00  0.000E+00  0.000E+00
  0.57000  0.26165  0.23980  0.25150  0.131E-01  0.517E-02  0.718E-02  0.495E-02  0.876E-03  0.216E-03  0.500E-02  0.000E+00  0.000E+00  0.000E+00
  0.57000  0.26140  0.24031  0.25200  0.130E-01  0.514E-02  0.714E-02  0.493E-02  0.888E-03  0.217E-03  0.498E-02  0.000E+00  0.000E+00  0.000E+00
  0.57000  0.26114  0.24082  0.25250  0.130E-01  0.512E-02  0.709E-02  0.490E-02  0.901E-03  0.218E-03  0.496E-02  0.000E+00  0.000E+00  0.000E+00
  0.57000  0.26089  0.24133  0.25300  0.129E-01  0.510E-02  0.705E-02  0.488E-02  0.913E-03  0.220E-03  0.494E-02  0.000E+00  0.000E+00  0.000E+00
  0.57000  0.26064  0.24184  0.25350  0.128E-01  0.508E-02  0.700E-02  0.486E-02  0.926E-03  0.221E-03  0.492E-02  0.000E+00  0.000E+00  0.000E+00
  0.57000  0.26038  0.24235  0.25400  0.128E-01  0.508E-02  0.696E-02  0.484E-02  0.952E-03  0.240E-03  0.490E-02  0.000E+00  0.000E+00  0.000E+00
  0.57000  0.26013  0.24286  0.25450  0.128E-01  0.505E-02  0.691E-02  0.481E-02  0.966E-03  0.241E-03  0.488E-02  0.000E+00  0.000E+00  0.000E+00
  0.57000  0.25987  0.24338  0.25500  0.127E-01  0.503E-02  0.687E-02  0.479E-02  0.979E-03  0.242E-03  0.486E-02  0.000E+00  0.000E+00  0.000E+00
  0.57000  0.25962  0.24389  0.25550  0.127E-01  0.501E-02  0.682E-02  0.477E-02  0.993E-03  0.244E-03  0.484E-02  0.000E+00  0.000E+00  0.000E+00
  0.57000  0.25936  0.24440  0.25600  0.126E-01  0.499E-02  0.678E-02  0.474E-02  0.101E-02  0.245E-03  0.483E-02  0.000E+00  0.000E+00  0.000E+00
  0.57000  0.25911  0.24491  0.25650  0.126E-01  0.497E-02  0.673E-02  0.472E-02  0.102E-02  0.247E-03  0.481E-02  0.000E+00  0.000E+00  0.000E+00
  0.57000  0.25885  0.24542  0.25700  0.125E-01  0.495E-02  0.669E-02  0.470E-02  0.104E-02  0.248E-03  0.479E-02  0.000E+00  0.000E+00  0.000E+00
  0.57000  0.25859  0.24593  0.25750  0.125E-01  0.493E-02  0.664E-02  0.468E-02  0.105E-02  0.250E-03  0.478E-02  0.000E+00  0.000E+00  0.000E+00
  0.57000  0.25834  0.24644  0.25800  0.124E-01  0.492E-02  0.660E-02  0.465E-02  0.108E-02  0.271E-03  0.476E-02  0.000E+00  0.000E+00  0.000E+00
  0.57000  0.25808  0.24696  0.25850  0.124E-01  0.490E-02  0.656E-02  0.463E-02  0.109E-02  0.272E-03  0.474E-02  0.000E+00  0.000E+00  0.000E+00
  0.57000  0.25782  0.24747  0.25900  0.123E-01  0.488E-02  0.651E-02  0.461E-02  0.111E-02  0.273E-03  0.473E-02  0.000E+00  0.000E+00  0.000E+00
  0.57000  0.25756  0.24798  0.25950  0.123E-01  0.486E-02  0.647E-02  0.459E-02  0.112E-02  0.275E-03  0.471E-02  0.000E+00  0.000E+00  0.000E+00
  0.57000  0.25730  0.24849  0.26000  0.123E-01  0.484E-02  0.643E-02  0.456E-02  0.114E-02  0.276E-03  0.470E-02  0.000E+00  0.000E+00  0.000E+00
  0.57000  0.25704  0.24900  0.26050  0.122E-01  0.482E-02  0.638E-02  0.454E-02  0.115E-02  0.278E-03  0.468E-02  0.000E+00  0.000E+00  0.000E+00
  0.57000  0.25678  0.24951  0.26100  0.122E-01  0.480E-02  0.634E-02  0.452E-02  0.117E-02  0.280E-03  0.467E-02  0.000E+00  0.000E+00  0.000E+00
  0.57000  0.25652  0.25003  0.26150  0.121E-01  0.478E-02  0.630E-02  0.449E-02  0.119E-02  0.282E-03  0.465E-02  0.000E+00  0.000E+00  0.000E+00
  0.57000  0.25626  0.25054  0.26200  0.121E-01  0.478E-02  0.625E-02  0.447E-02  0.122E-02  0.304E-03  0.464E-02  0.000E+00  0.000E+00  0.000E+00
  0.57000  0.25599  0.25105  0.26250  0.121E-01  0.476E-02  0.621E-02  0.445E-02  0.123E-02  0.305E-03  0.462E-02  0.000E+00  0.000E+00  0.000E+00
  0.57000  0.25573  0.25156  0.26300  0.120E-01  0.473E-02  0.617E-02  0.443E-02  0.125E-02  0.307E-03  0.461E-02  0.000E+00  0.000E+00  0.000E+00
  0.57000  0.25547  0.25207  0.26350  0.120E-01  0.471E-02  0.612E-02  0.441E-02  0.127E-02  0.309E-03  0.460E-02  0.000E+00  0.000E+00  0.000E+00
  0.57000  0.25520  0.25258  0.26400  0.119E-01  0.469E-02  0.608E-02  0.438E-02  0.128E-02  0.311E-03  0.458E-02  0.000E+00  0.000E+00  0.000E+00
  0.57000  0.25494  0.25310  0.26450  0.119E-01  0.467E-02  0.604E-02  0.436E-02  0.130E-02  0.313E-03  0.457E-02  0.000E+00  0.000E+00  0.000E+00
  0.57000  0.25467  0.25361  0.26500  0.119E-01  0.465E-02  0.600E-02  0.434E-02  0.132E-02  0.315E-03  0.456E-02  0.000E+00  0.000E+00  0.000E+00
  0.57000  0.25441  0.25412  0.26550  0.118E-01  0.463E-02  0.596E-02  0.432E-02  0.134E-02  0.317E-03  0.455E-02  0.000E+00  0.000E+00  0.000E+00
  0.57000  0.25414  0.25463  0.26600  0.118E-01  0.463E-02  0.591E-02  0.429E-02  0.137E-02  0.340E-03  0.454E-02  0.000E+00  0.000E+00  0.000E+00
  0.57000  0.25388  0.25514  0.26650  0.118E-01  0.461E-02  0.587E-02  0.427E-02  0.139E-02  0.342E-03  0.453E-02  0.000E+00  0.000E+00  0.000E+00
  0.57000  0.25361  0.25566  0.26700  0.118E-01  0.459E-02  0.583E-02  0.425E-02  0.141E-02  0.344E-03  0.452E-02  0.000E+00  0.000E+00  0.000E+00
  0.57000  0.25334  0.25617  0.26750  0.117E-01  0.457E-02  0.579E-02  0.423E-02  0.142E-02  0.346E-03  0.451E-02  0.000E+00  0.000E+00  0.000E+00
  0.57000  0.25308  0.25668  0.26800  0.117E-01  0.455E-02  0.575E-02  0.421E-02  0.144E-02  0.348E-03  0.450E-02  0.000E+00  0.000E+00  0.000E+00
  0.57000  0.25281  0.25719  0.26850  0.117E-01  0.453E-02  0.571E-02  0.418E-02  0.146E-02  0.350E-03  0.449E-02  0.000E+00  0.000E+00  0.000E+00
  0.57000  0.25254  0.25770  0.26900  0.116E-01  0.451E-02  0.567E-02  0.416E-02  0.148E-02  0.353E-03  0.448E-02  0.000E+00  0.000E+00  0.000E+00
  0.57000  0.25227  0.25822  0.26950  0.116E-01  0.452E-02  0.563E-02  0.414E-02  0.152E-02  0.378E-03  0.447E-02  0.000E+00  0.000E+00  0.000E+00
  0.57000  0.25200  0.25873  0.27000  0.116E-01  0.450E-02  0.559E-02  0.412E-02  0.154E-02  0.380E-03  0.446E-02  0.000E+00  0.000E+00  0.000E+00
  0.57000  0.25173  0.25924  0.27050  0.116E-01  0.448E-02  0.554E-02  0.410E-02  0.156E-02  0.382E-03  0.445E-02  0.000E+00  0.000E+00  0.000E+00
  0.57000  0.25146  0.25975  0.27100  0.115E-01  0.446E-02  0.550E-02  0.407E-02  0.158E-02  0.384E-03  0.444E-02  0.000E+00  0.000E+00  0.000E+00
  0.57000  0.25119  0.26026  0.27150  0.115E-01  0.444E-02  0.546E-02  0.405E-02  0.160E-02  0.386E-03  0.444E-02  0.000E+00  0.000E+00  0.000E+00
  0.57000  0.25092  0.26078  0.27200  0.115E-01  0.442E-02  0.543E-02  0.403E-02  0.162E-02  0.389E-03  0.443E-02  0.000E+00  0.000E+00  0.000E+00
  0.57000  0.25064  0.26129  0.27250  0.114E-01  0.440E-02  0.539E-02  0.401E-02  0.164E-02  0.391E-03  0.442E-02  0.000E+00  0.000E+00  0.000E+00
  0.57000  0.25037  0.26180  0.27300  0.114E-01  0.438E-02  0.535E-02  0.399E-02  0.166E-02  0.394E-03  0.442E-02  0.000E+00  0.000E+00  0.000E+00
  0.57000  0.25010  0.26231  0.27350  0.114E-01  0.439E-02  0.531E-02  0.397E-02  0.170E-02  0.421E-03  0.441E-02  0.000E+00  0.000E+00  0.000E+00
  0.57000  0.24982  0.26283  0.27400  0.114E-01  0.437E-02  0.527E-02  0.395E-02  0.172E-02  0.423E-03  0.441E-02  0.000E+00  0.000E+00  0.000E+00
  0.57000  0.24955  0.26334  0.27450  0.114E-01  0.435E-02  0.523E-02  0.392E-02  0.174E-02  0.425E-03  0.440E-02  0.000E+00  0.000E+00  0.000E+00
  0.57000  0.24927  0.26385  0.27500  0.114E-01  0.433E-02  0.519E-02  0.390E-02  0.177E-02  0.428E-03  0.440E-02  0.000E+00  0.000E+00  0.000E+00
  0.57000  0.24900  0.26436  0.27550  0.113E-01  0.431E-02  0.515E-02  0.388E-02  0.179E-02  0.431E-03  0.439E-02  0.000E+00  0.000E+00  0.000E+00
  0.57000  0.24872  0.26487  0.27600  0.113E-01  0.429E-02  0.511E-02  0.386E-02  0.181E-02  0.433E-03  0.439E-02  0.000E+00  0.000E+00  0.000E+00
  0.57000  0.24845  0.26539  0.27650  0.113E-01  0.428E-02  0.508E-02  0.384E-02  0.183E-02  0.436E-03  0.439E-02  0.000E+00  0.000E+00  0.000E+00
  0.57000  0.24817  0.26590  0.27700  0.113E-01  0.426E-02  0.504E-02  0.382E-02  0.186E-02  0.439E-03  0.438E-02  0.000E+00  0.000E+00  0.000E+00
  0.57000  0.24789  0.26641  0.27750  0.113E-01  0.427E-02  0.500E-02  0.380E-02  0.190E-02  0.468E-03  0.438E-02  0.000E+00  0.000E+00  0.000E+00
  0.57000  0.24762  0.26692  0.27800  0.113E-01  0.425E-02  0.496E-02  0.378E-02  0.192E-02  0.470E-03  0.438E-02  0.000E+00  0.000E+00  0.000E+00
  0.57000  0.24734  0.26744  0.27850  0.112E-01  0.423E-02  0.492E-02  0.376E-02  0.195E-02  0.473E-03  0.438E-02  0.000E+00  0.000E+00  0.000E+00
  0.57000  0.24706  0.26795  0.27900  0.112E-01  0.421E-02  0.489E-02  0.374E-02  0.197E-02  0.476E-03  0.438E-02  0.000E+00  0.000E+00  0.000E+00
  0.57000  0.24678  0.26846  0.27950  0.112E-01  0.419E-02  0.485E-02  0.371E-02  0.200E-02  0.479E-03  0.438E-02  0.000E+00  0.000E+00  0.000E+00
  0.57000  0.24650  0.26897  0.28000  0.112E-01  0.418E-02  0.481E-02  0.369E-02  0.202E-02  0.482E-03  0.438E-02  0.000E+00  0.000E+00  0.000E+00
  0.57000  0.24622  0.26949  0.28050  0.112E-01  0.416E-02  0.478E-02  0.367E-02  0.205E-02  0.485E-03  0.438E-02  0.000E+00  0.000E+00  0.000E+00
  0.57000  0.24594  0.27000  0.28100  0.112E-01  0.414E-02  0.474E-02  0.365E-02  0.207E-02  0.488E-03  0.438E-02  0.000E+00  0.000E+00  0.000E+00
  0.57000  0.24566  0.27051  0.28150  0.112E-01  0.415E-02  0.470E-02  0.363E-02  0.211E-02  0.518E-03  0.438E-02  0.000E+00  0.000E+00  0.000E+00
  0.57000  0.24538  0.27102  0.28200  0.112E-01  0.413E-02  0.467E-02  0.361E-02  0.214E-02  0.521E-03  0.438E-02  0.000E+00  0.000E+00  0.000E+00
  0.57000  0.24509  0.27154  0.28250  0.112E-01  0.412E-02  0.463E-02  0.359E-02  0.217E-02  0.524E-03  0.438E-02  0.000E+00  0.000E+00  0.000E+00
  0.57000  0.24481  0.27205  0.28300  0.112E-01  0.410E-02  0.460E-02  0.357E-02  0.219E-02  0.527E-03  0.438E-02  0.000E+00  0.000E+00  0.000E+00
  0.57000  0.24453  0.27256  0.28350  0.112E-01  0.408E-02  0.456E-02  0.355E-02  0.222E-02  0.531E-03  0.438E-02  0.000E+00  0.000E+00  0.000E+00
  0.57000  0.24424  0.27307  0.28400  0.112E-01  0.407E-02  0.453E-02  0.353E-02  0.225E-02  0.534E-03  0.439E-02  0.000E+00  0.000E+00  0.000E+00
  0.57000  0.24396  0.27359  0.28450  0.112E-01  0.405E-02  0.449E-02  0.351E-02  0.228E-02  0.538E-03  0.439E-02  0.000E+00  0.000E+00  0.000E+00
  0.57000  0.24367  0.27410  0.28500  0.112E-01  0.406E-02  0.446E-02  0.349E-02  0.232E-02  0.570E-03  0.439E-02  0.000E+00  0.000E+00  0.000E+00
  0.57000  0.24339  0.27461  0.28550  0.112E-01  0.404E-02  0.442E-02  0.347E-02  0.235E-02  0.573E-03  0.440E-02  0.000E+00  0.000E+00  0.000E+00
  0.57000  0.24310  0.27513  0.28600  0.112E-01  0.403E-02  0.439E-02  0.345E-02  0.238E-02  0.576E-03  0.440E-02  0.000E+00  0.000E+00  0.000E+00
  0.57000  0.24282  0.27564  0.28650  0.112E-01  0.401E-02  0.435E-02  0.343E-02  0.241E-02  0.579E-03  0.441E-02  0.000E+00  0.000E+00  0.000E+00
  0.57000  0.24253  0.27615  0.28700  0.112E-01  0.400E-02  0.432E-02  0.341E-02  0.244E-02  0.583E-03  0.441E-02  0.000E+00  0.000E+00  0.000E+00
  0.57000  0.24224  0.27666  0.28750  0.112E-01  0.398E-02  0.428E-02  0.339E-02  0.247E-02  0.587E-03  0.442E-02  0.000E+00  0.000E+00  0.000E+00
  0.57000  0.24196  0.27718  0.28800  0.112E-01  0.397E-02  0.425E-02  0.337E-02  0.250E-02  0.591E-03  0.442E-02  0.000E+00  0.000E+00  0.000E+00
  0.57000  0.24167  0.27769  0.28850  0.112E-01  0.395E-02  0.422E-02  0.335E-02  0.253E-02  0.595E-03  0.443E-02  0.000E+00  0.000E+00  0.000E+00
  0.57000  0.24138  0.27820  0.28900  0.112E-01  0.396E-02  0.418E-02  0.334E-02  0.257E-02  0.628E-03  0.444E-02  0.000E+00  0.000E+00  0.000E+00
  0.57000  0.24109  0.27872  0.28950  0.112E-01  0.395E-02  0.415E-02  0.332E-02  0.260E-02  0.632E-03  0.444E-02  0.000E+00  0.000E+00  0.000E+00
  0.57000  0.24080  0.27923  0.29000  0.112E-01  0.393E-02  0.412E-02  0.330E-02  0.263E-02  0.635E-03  0.445E-02  0.000E+00  0.000E+00  0.000E+00
  0.57000  0.24051  0.27974  0.29050  0.112E-01  0.392E-02  0.408E-02  0.328E-02  0.267E-02  0.639E-03  0.446E-02  0.000E+00  0.000E+00  0.000E+00
  0.57000  0.24022  0.28025  0.29100  0.112E-01  0.390E-02  0.405E-02  0.326E-02  0.270E-02  0.643E-03  0.447E-02  0.000E+00  0.000E+00  0.000E+00
  0.57000  0.23993  0.28077  0.29150  0.112E-01  0.389E-02  0.402E-02  0.324E-02  0.273E-02  0.648E-03  0.447E-02  0.000E+00  0.000E+00  0.000E+00
  0.57000  0.23964  0.28128  0.29200  0.112E-01  0.387E-02  0.399E-02  0.322E-02  0.276E-02  0.652E-03  0.448E-02  0.000E+00  0.000E+00  0.000E+00
  0.57000  0.23934  0.28179  0.29250  0.112E-01  0.386E-02  0.395E-02  0.320E-02  0.279E-02  0.657E-03  0.449E-02  0.000E+00  0.000E+00  0.000E+00
  0.57000  0.23905  0.28231  0.29300  0.113E-01  0.387E-02  0.392E-02  0.318E-02  0.284E-02  0.691E-03  0.450E-02  0.000E+00  0.000E+00  0.000E+00
  0.57000  0.23876  0.28282  0.29350  0.113E-01  0.386E-02  0.389E-02  0.316E-02  0.288E-02  0.695E-03  0.451E-02  0.000E+00  0.000E+00  0.000E+00
  0.57000  0.23846  0.28333  0.29400  0.113E-01  0.385E-02  0.386E-02  0.315E-02  0.291E-02  0.699E-03  0.452E-02  0.000E+00  0.000E+00  0.000E+00
  0.57000  0.23817  0.28385  0.29450  0.113E-01  0.383E-02  0.383E-02  0.313E-02  0.295E-02  0.704E-03  0.453E-02  0.000E+00  0.000E+00  0.000E+00
  0.57000  0.23787  0.28436  0.29500  0.113E-01  0.382E-02  0.380E-02  0.311E-02  0.298E-02  0.708E-03  0.454E-02  0.000E+00  0.000E+00  0.000E+00
  0.57000  0.23758  0.28487  0.29550  0.113E-01  0.380E-02  0.377E-02  0.309E-02  0.302E-02  0.713E-03  0.455E-02  0.000E+00  0.000E+00  0.000E+00
  0.57000  0.23728  0.28539  0.29600  0.114E-01  0.379E-02  0.373E-02  0.307E-02  0.305E-02  0.718E-03  0.457E-02  0.000E+00  0.000E+00  0.000E+00
  0.57000  0.23699  0.28590  0.29650  0.114E-01  0.381E-02  0.370E-02  0.305E-02  0.310E-02  0.755E-03  0.458E-02  0.000E+00  0.000E+00  0.000E+00
  0.57000  0.23669  0.28641  0.29700  0.114E-01  0.379E-02  0.367E-02  0.304E-02  0.314E-02  0.759E-03  0.459E-02  0.000E+00  0.000E+00  0.000E+00
  0.57000  0.23639  0.28693  0.29750  0.114E-01  0.378E-02  0.364E-02  0.302E-02  0.317E-02  0.763E-03  0.460E-02  0.000E+00  0.000E+00  0.000E+00
  0.57000  0.23610  0.28744  0.29800  0.114E-01  0.377E-02  0.361E-02  0.300E-02  0.321E-02  0.768E-03  0.462E-02  0.000E+00  0.000E+00  0.000E+00
  0.57000  0.23580  0.28795  0.29850  0.115E-01  0.375E-02  0.358E-02  0.298E-02  0.325E-02  0.773E-03  0.463E-02  0.000E+00  0.000E+00  0.000E+00
  0.57000  0.23550  0.28847  0.29900  0.115E-01  0.374E-02  0.355E-02  0.296E-02  0.328E-02  0.778E-03  0.464E-02  0.000E+00  0.000E+00  0.000E+00
  0.57000  0.23520  0.28898  0.29950  0.115E-01  0.373E-02  0.352E-02  0.295E-02  0.332E-02  0.783E-03  0.466E-02  0.000E+00  0.000E+00  0.000E+00
  0.57000  0.23490  0.28949  0.30000  0.115E-01  0.372E-02  0.349E-02  0.293E-02  0.336E-02  0.789E-03  0.467E-02  0.000E+00  0.000E+00  0.000E+00
  0.57000  0.23460  0.29001  0.30050  0.116E-01  0.374E-02  0.347E-02  0.291E-02  0.341E-02  0.827E-03  0.469E-02  0.000E+00  0.000E+00  0.000E+00
  0.57000  0.23430  0.29052  0.30100  0.116E-01  0.372E-02  0.344E-02  0.289E-02  0.345E-02  0.831E-03  0.470E-02  0.000E+00  0.000E+00  0.000E+00
  0.57000  0.23400  0.29103  0.30150  0.116E-01  0.371E-02  0.341E-02  0.288E-02  0.349E-02  0.836E-03  0.472E-02  0.000E+00  0.000E+00  0.000E+00
  0.57000  0.23370  0.29155  0.30200  0.116E-01  0.370E-02  0.338E-02  0.286E-02  0.353E-02  0.841E-03  0.473E-02  0.000E+00  0.000E+00  0.000E+00
  0.57000  0.23339  0.29206  0.30250  0.117E-01  0.369E-02  0.335E-02  0.284E-02  0.357E-02  0.847E-03  0.475E-02  0.000E+00  0.000E+00  0.000E+00
  0.57000  0.23309  0.29257  0.30300  0.117E-01  0.368E-02  0.332E-02  0.282E-02  0.361E-02  0.853E-03  0.476E-02  0.000E+00  0.000E+00  0.000E+00
  0.57000  0.23279  0.29309  0.30350  0.117E-01  0.367E-02  0.329E-02  0.281E-02  0.365E-02  0.858E-03  0.478E-02  0.000E+00  0.000E+00  0.000E+00
  0.57000  0.23248  0.29360  0.30400  0.118E-01  0.365E-02  0.327E-02  0.279E-02  0.369E-02  0.865E-03  0.480E-02  0.000E+00  0.000E+00  0.000E+00
  0.57000  0.23218  0.29411  0.30450  0.118E-01  0.368E-02  0.324E-02  0.277E-02  0.375E-02  0.903E-03  0.481E-02  0.000E+00  0.000E+00  0.000E+00
  0.57000  0.23187  0.29463  0.30500  0.118E-01  0.366E-02  0.321E-02  0.276E-02  0.379E-02  0.908E-03  0.483E-02  0.000E+00  0.000E+00  0.000E+00
  0.57000  0.23157  0.29514  0.30550  0.119E-01  0.365E-02  0.318E-02  0.274E-02  0.383E-02  0.914E-03  0.485E-02  0.000E+00  0.000E+00  0.000E+00
  0.57000  0.23126  0.29566  0.30600  0.119E-01  0.364E-02  0.316E-02  0.272E-02  0.387E-02  0.920E-03  0.486E-02  0.000E+00  0.000E+00  0.000E+00
  0.57000  0.23096  0.29617  0.30650  0.119E-01  0.363E-02  0.313E-02  0.270E-02  0.392E-02  0.926E-03  0.488E-02  0.000E+00  0.000E+00  0.000E+00
  0.57000  0.23065  0.29668  0.30700  0.120E-01  0.362E-02  0.310E-02  0.269E-02  0.396E-02  0.932E-03  0.490E-02  0.000E+00  0.000E+00  0.000E+00
  0.57000  0.23034  0.29720  0.30750  0.120E-01  0.361E-02  0.308E-02  0.267E-02  0.400E-02  0.939E-03  0.492E-02  0.000E+00  0.000E+00  0.000E+00
  0.57000  0.23004  0.29771  0.30800  0.120E-01  0.364E-02  0.305E-02  0.266E-02  0.406E-02  0.980E-03  0.494E-02  0.000E+00  0.000E+00  0.000E+00
  0.57000  0.22973  0.29822  0.30850  0.121E-01  0.362E-02  0.302E-02  0.264E-02  0.410E-02  0.985E-03  0.496E-02  0.000E+00  0.000E+00  0.000E+00
  0.57000  0.22942  0.29874  0.30900  0.121E-01  0.361E-02  0.300E-02  0.262E-02  0.415E-02  0.991E-03  0.498E-02  0.000E+00  0.000E+00  0.000E+00
  0.57000  0.22911  0.29925  0.30950  0.122E-01  0.360E-02  0.297E-02  0.261E-02  0.419E-02  0.997E-03  0.500E-02  0.000E+00  0.000E+00  0.000E+00
  0.57000  0.22880  0.29977  0.31000  0.122E-01  0.359E-02  0.294E-02  0.259E-02  0.424E-02  0.100E-02  0.502E-02  0.000E+00  0.000E+00  0.000E+00
  0.57000  0.22849  0.30028  0.31050  0.122E-01  0.358E-02  0.292E-02  0.257E-02  0.428E-02  0.101E-02  0.504E-02  0.000E+00  0.000E+00  0.000E+00
  0.57000  0.22818  0.30079  0.31100  0.123E-01  0.358E-02  0.289E-02  0.256E-02  0.433E-02  0.102E-02  0.506E-02  0.000E+00  0.000E+00  0.000E+00
  0.57000  0.22787  0.30131  0.31150  0.123E-01  0.357E-02  0.287E-02  0.254E-02  0.437E-02  0.102E-02  0.508E-02  0.000E+00  0.000E+00  0.000E+00
  0.57000  0.22756  0.30182  0.31200  0.124E-01  0.359E-02  0.284E-02  0.253E-02  0.444E-02  0.107E-02  0.510E-02  0.000E+00  0.000E+00  0.000E+00
  0.57000  0.22724  0.30234  0.31250  0.124E-01  0.358E-02  0.282E-02  0.251E-02  0.448E-02  0.107E-02  0.512E-02  0.000E+00  0.000E+00  0.000E+00
  0.57000  0.22693  0.30285  0.31300  0.125E-01  0.357E-02  0.279E-02  0.249E-02  0.453E-02  0.108E-02  0.514E-02  0.000E+00  0.000E+00  0.000E+00
  0.57000  0.22662  0.30336  0.31350  0.125E-01  0.356E-02  0.277E-02  0.248E-02  0.458E-02  0.109E-02  0.516E-02  0.000E+00  0.000E+00  0.000E+00
  0.57000  0.22630  0.30388  0.31400  0.125E-01  0.356E-02  0.274E-02  0.246E-02  0.462E-02  0.109E-02  0.518E-02  0.000E+00  0.000E+00  0.000E+00
  0.57000  0.22599  0.30439  0.31450  0.126E-01  0.355E-02  0.272E-02  0.245E-02  0.467E-02  0.110E-02  0.520E-02  0.000E+00  0.000E+00  0.000E+00
  0.57000  0.22567  0.30491  0.31500  0.126E-01  0.354E-02  0.269E-02  0.243E-02  0.472E-02  0.111E-02  0.522E-02  0.000E+00  0.000E+00  0.000E+00
  0.57000  0.22536  0.30542  0.31550  0.127E-01  0.357E-02  0.267E-02  0.242E-02  0.478E-02  0.115E-02  0.525E-02  0.000E+00  0.000E+00  0.000E+00
  0.57000  0.22504  0.30593  0.31600  0.127E-01  0.356E-02  0.265E-02  0.240E-02  0.483E-02  0.116E-02  0.527E-02  0.000E+00  0.000E+00  0.000E+00
  0.57000  0.22473  0.30645  0.31650  0.128E-01  0.355E-02  0.262E-02  0.239E-02  0.488E-02  0.117E-02  0.529E-02  0.000E+00  0.000E+00  0.000E+00
  0.57000  0.22441  0.30696  0.31700  0.128E-01  0.354E-02  0.260E-02  0.237E-02  0.493E-02  0.117E-02  0.531E-02  0.000E+00  0.000E+00  0.000E+00
  0.57000  0.22409  0.30748  0.31750  0.129E-01  0.354E-02  0.258E-02  0.236E-02  0.498E-02  0.118E-02  0.534E-02  0.000E+00  0.000E+00  0.000E+00
  0.57000  0.22378  0.30799  0.31800  0.129E-01  0.353E-02  0.255E-02  0.234E-02  0.503E-02  0.119E-02  0.536E-02  0.000E+00  0.000E+00  0.000E+00
  0.57000  0.22346  0.30850  0.31850  0.130E-01  0.352E-02  0.253E-02  0.232E-02  0.508E-02  0.120E-02  0.538E-02  0.000E+00  0.000E+00  0.000E+00
  0.57000  0.22314  0.30902  0.31900  0.130E-01  0.351E-02  0.251E-02  0.231E-02  0.513E-02  0.120E-02  0.541E-02  0.000E+00  0.000E+00  0.000E+00
  0.57000  0.22282  0.30953  0.31950  0.131E-01  0.354E-02  0.248E-02  0.230E-02  0.520E-02  0.125E-02  0.543E-02  0.000E+00  0.000E+00  0.000E+00
  0.57000  0.22250  0.31005  0.32000  0.132E-01  0.354E-02  0.246E-02  0.228E-02  0.525E-02  0.126E-02  0.545E-02  0.000E+00  0.000E+00  0.000E+00
  0.57000  0.22218  0.31056  0.32050  0.132E-01  0.353E-02  0.244E-02  0.227E-02  0.530E-02  0.126E-02  0.548E-02  0.000E+00  0.000E+00  0.000E+00
  0.57000  0.22186  0.31108  0.32100  0.133E-01  0.352E-02  0.242E-02  0.225E-02  0.536E-02  0.127E-02  0.550E-02  0.000E+00  0.000E+00  0.000E+00
  0.57000  0.22154  0.31159  0.32150  0.133E-01  0.352E-02  0.239E-02  0.224E-02  0.541E-02  0.128E-02  0.552E-02  0.000E+00  0.000E+00  0.000E+00
  0.57000  0.22122  0.31210  0.32200  0.134E-01  0.351E-02  0.237E-02  0.222E-02  0.546E-02  0.129E-02  0.555E-02  0.000E+00  0.000E+00  0.000E+00
  0.57000  0.22089  0.31262  0.32250  0.134E-01  0.350E-02  0.235E-02  0.221E-02  0.551E-02  0.130E-02  0.557E-02  0.000E+00  0.000E+00  0.000E+00
  0.57000  0.22057  0.31313  0.32300  0.135E-01  0.354E-02  0.233E-02  0.219E-02  0.558E-02  0.134E-02  0.559E-02  0.000E+00  0.000E+00  0.000E+00
  0.57000  0.22025  0.31365  0.32350  0.136E-01  0.353E-02  0.231E-02  0.218E-02  0.564E-02  0.135E-02  0.562E-02  0.000E+00  0.000E+00  0.000E+00
  0.57000  0.21992  0.31416  0.32400  0.136E-01  0.352E-02  0.229E-02  0.216E-02  0.569E-02  0.136E-02  0.564E-02  0.000E+00  0.000E+00  0.000E+00
  0.57000  0.21960  0.31468  0.32450  0.137E-01  0.352E-02  0.226E-02  0.215E-02  0.575E-02  0.137E-02  0.567E-02  0.000E+00  0.000E+00  0.000E+00
  0.57000  0.21927  0.31519  0.32500  0.137E-01  0.351E-02  0.224E-02  0.214E-02  0.580E-02  0.138E-02  0.569E-02  0.000E+00  0.000E+00  0.000E+00
  0.57000  0.21895  0.31571  0.32550  0.138E-01  0.351E-02  0.222E-02  0.212E-02  0.586E-02  0.139E-02  0.572E-02  0.000E+00  0.000E+00  0.000E+00
  0.57000  0.21862  0.31622  0.32600  0.139E-01  0.350E-02  0.220E-02  0.211E-02  0.591E-02  0.139E-02  0.574E-02  0.000E+00  0.000E+00  0.000E+00
  0.57000  0.21830  0.31674  0.32650  0.139E-01  0.350E-02  0.218E-02  0.209E-02  0.597E-02  0.140E-02  0.577E-02  0.000E+00  0.000E+00  0.000E+00
  0.57000  0.21797  0.31725  0.32700  0.140E-01  0.353E-02  0.216E-02  0.208E-02  0.604E-02  0.145E-02  0.579E-02  0.000E+00  0.000E+00  0.000E+00
  0.57000  0.21764  0.31776  0.32750  0.141E-01  0.353E-02  0.214E-02  0.207E-02  0.610E-02  0.146E-02  0.582E-02  0.000E+00  0.000E+00  0.000E+00
  0.57000  0.21732  0.31828  0.32800  0.141E-01  0.352E-02  0.212E-02  0.205E-02  0.615E-02  0.147E-02  0.584E-02  0.000E+00  0.000E+00  0.000E+00
  0.57000  0.21699  0.31879  0.32850  0.142E-01  0.352E-02  0.210E-02  0.204E-02  0.621E-02  0.148E-02  0.587E-02  0.000E+00  0.000E+00  0.000E+00
  0.57000  0.21666  0.31931  0.32900  0.142E-01  0.351E-02  0.208E-02  0.203E-02  0.627E-02  0.149E-02  0.589E-02  0.000E+00  0.000E+00  0.000E+00
  0.57000  0.21633  0.31982  0.32950  0.143E-01  0.351E-02  0.206E-02  0.201E-02  0.633E-02  0.150E-02  0.592E-02  0.000E+00  0.000E+00  0.000E+00
  0.57000  0.21600  0.32034  0.33000  0.144E-01  0.351E-02  0.204E-02  0.200E-02  0.638E-02  0.151E-02  0.594E-02  0.000E+00  0.000E+00  0.000E+00
  0.57000  0.21567  0.32085  0.33050  0.144E-01  0.354E-02  0.202E-02  0.199E-02  0.646E-02  0.155E-02  0.597E-02  0.000E+00  0.000E+00  0.000E+00
  0.57000  0.21534  0.32137  0.33100  0.145E-01  0.353E-02  0.200E-02  0.197E-02  0.652E-02  0.156E-02  0.599E-02  0.000E+00  0.000E+00  0.000E+00
  0.57000  0.21501  0.32188  0.33150  0.146E-01  0.353E-02  0.198E-02  0.196E-02  0.658E-02  0.157E-02  0.602E-02  0.000E+00  0.000E+00  0.000E+00
  0.57000  0.21468  0.32240  0.33200  0.146E-01  0.353E-02  0.196E-02  0.195E-02  0.664E-02  0.158E-02  0.604E-02  0.000E+00  0.000E+00  0.000E+00
  0.57000  0.21434  0.32291  0.33250  0.147E-01  0.352E-02  0.194E-02  0.193E-02  0.669E-02  0.159E-02  0.607E-02  0.000E+00  0.000E+00  0.000E+00
  0.57000  0.21401  0.32343  0.33300  0.148E-01  0.352E-02  0.193E-02  0.192E-02  0.675E-02  0.160E-02  0.609E-02  0.000E+00  0.000E+00  0.000E+00
  0.57000  0.21368  0.32394  0.33350  0.148E-01  0.352E-02  0.191E-02  0.191E-02  0.681E-02  0.161E-02  0.612E-02  0.000E+00  0.000E+00  0.000E+00
  0.57000  0.21334  0.32446  0.33400  0.149E-01  0.352E-02  0.189E-02  0.189E-02  0.687E-02  0.162E-02  0.615E-02  0.000E+00  0.000E+00  0.000E+00
  0.57000  0.21301  0.32497  0.33450  0.150E-01  0.355E-02  0.187E-02  0.188E-02  0.695E-02  0.167E-02  0.617E-02  0.000E+00  0.000E+00  0.000E+00
  0.57000  0.21267  0.32549  0.33500  0.151E-01  0.355E-02  0.185E-02  0.187E-02  0.701E-02  0.168E-02  0.620E-02  0.000E+00  0.000E+00  0.000E+00
  0.57000  0.21234  0.32600  0.33550  0.151E-01  0.355E-02  0.183E-02  0.186E-02  0.707E-02  0.169E-02  0.622E-02  0.000E+00  0.000E+00  0.000E+00
  0.57000  0.21200  0.32652  0.33600  0.152E-01  0.354E-02  0.182E-02  0.184E-02  0.713E-02  0.170E-02  0.625E-02  0.000E+00  0.000E+00  0.000E+00
  0.57000  0.21167  0.32703  0.33650  0.153E-01  0.354E-02  0.180E-02  0.183E-02  0.720E-02  0.171E-02  0.627E-02  0.000E+00  0.000E+00  0.000E+00
  0.57000  0.21133  0.32755  0.33700  0.153E-01  0.354E-02  0.178E-02  0.182E-02  0.726E-02  0.172E-02  0.630E-02  0.000E+00  0.000E+00  0.000E+00
  0.57000  0.21099  0.32806  0.33750  0.154E-01  0.354E-02  0.176E-02  0.180E-02  0.732E-02  0.174E-02  0.632E-02  0.000E+00  0.000E+00  0.000E+00
  0.57000  0.21066  0.32858  0.33800  0.155E-01  0.358E-02  0.174E-02  0.179E-02  0.740E-02  0.178E-02  0.635E-02  0.000E+00  0.000E+00  0.000E+00
  0.57000  0.21032  0.32909  0.33850  0.156E-01  0.357E-02  0.173E-02  0.178E-02  0.746E-02  0.179E-02  0.638E-02  0.000E+00  0.000E+00  0.000E+00
  0.57000  0.20998  0.32961  0.33900  0.156E-01  0.357E-02  0.171E-02  0.177E-02  0.752E-02  0.181E-02  0.640E-02  0.000E+00  0.000E+00  0.000E+00
  0.57000  0.20964  0.33012  0.33950  0.157E-01  0.357E-02  0.169E-02  0.176E-02  0.759E-02  0.182E-02  0.643E-02  0.000E+00  0.000E+00  0.000E+00
  0.57000  0.20930  0.33064  0.34000  0.158E-01  0.357E-02  0.168E-02  0.174E-02  0.765E-02  0.183E-02  0.645E-02  0.000E+00  0.000E+00  0.000E+00
  0.57000  0.20896  0.33115  0.34050  0.159E-01  0.357E-02  0.166E-02  0.173E-02  0.772E-02  0.184E-02  0.648E-02  0.000E+00  0.000E+00  0.000E+00
  0.57000  0.20862  0.33167  0.34100  0.159E-01  0.357E-02  0.164E-02  0.172E-02  0.778E-02  0.185E-02  0.650E-02  0.000E+00  0.000E+00  0.000E+00
  0.57000  0.20828  0.33218  0.34150  0.160E-01  0.361E-02  0.163E-02  0.171E-02  0.786E-02  0.190E-02  0.653E-02  0.000E+00  0.000E+00  0.000E+00
  0.57000  0.20794  0.33270  0.34200  0.161E-01  0.361E-02  0.161E-02  0.170E-02  0.792E-02  0.191E-02  0.655E-02  0.000E+00  0.000E+00  0.000E+00
  0.57000  0.20759  0.33321  0.34250  0.162E-01  0.361E-02  0.159E-02  0.168E-02  0.799E-02  0.192E-02  0.658E-02  0.000E+00  0.000E+00  0.000E+00
  0.57000  0.20725  0.33373  0.34300  0.162E-01  0.361E-02  0.158E-02  0.167E-02  0.805E-02  0.194E-02  0.660E-02  0.000E+00  0.000E+00  0.000E+00
  0.57000  0.20691  0.33424  0.34350  0.163E-01  0.361E-02  0.156E-02  0.166E-02  0.812E-02  0.195E-02  0.663E-02  0.000E+00  0.000E+00  0.000E+00
  0.57000  0.20656  0.33476  0.34400  0.164E-01  0.361E-02  0.155E-02  0.165E-02  0.818E-02  0.196E-02  0.666E-02  0.000E+00  0.000E+00  0.000E+00
  0.57000  0.20622  0.33528  0.34450  0.165E-01  0.361E-02  0.153E-02  0.164E-02  0.825E-02  0.197E-02  0.668E-02  0.000E+00  0.000E+00  0.000E+00
  0.57000  0.20587  0.33579  0.34500  0.165E-01  0.361E-02  0.151E-02  0.162E-02  0.832E-02  0.199E-02  0.671E-02  0.000E+00  0.000E+00  0.000E+00
  0.57000  0.20553  0.33631  0.34550  0.166E-01  0.365E-02  0.150E-02  0.161E-02  0.840E-02  0.203E-02  0.673E-02  0.000E+00  0.000E+00  0.000E+00
  0.57000  0.20518  0.33682  0.34600  0.167E-01  0.365E-02  0.148E-02  0.160E-02  0.846E-02  0.205E-02  0.676E-02  0.000E+00  0.000E+00  0.000E+00
  0.57000  0.20484  0.33734  0.34650  0.168E-01  0.365E-02  0.147E-02  0.159E-02  0.853E-02  0.206E-02  0.678E-02  0.000E+00  0.000E+00  0.000E+00
  0.57000  0.20449  0.33785  0.34700  0.169E-01  0.365E-02  0.145E-02  0.158E-02  0.860E-02  0.207E-02  0.681E-02  0.000E+00  0.000E+00  0.000E+00
  0.57000  0.20414  0.33837  0.34750  0.169E-01  0.365E-02  0.144E-02  0.157E-02  0.866E-02  0.208E-02  0.683E-02  0.000E+00  0.000E+00  0.000E+00
  0.57000  0.20380  0.33888  0.34800  0.170E-01  0.365E-02  0.142E-02  0.156E-02  0.873E-02  0.210E-02  0.686E-02  0.000E+00  0.000E+00  0.000E+00
  0.57000  0.20345  0.33940  0.34850  0.171E-01  0.366E-02  0.141E-02  0.155E-02  0.880E-02  0.211E-02  0.688E-02  0.000E+00  0.000E+00  0.000E+00
  0.57000  0.20310  0.33992  0.34900  0.172E-01  0.369E-02  0.139E-02  0.153E-02  0.888E-02  0.216E-02  0.690E-02  0.000E+00  0.000E+00  0.000E+00
  0.57000  0.20275  0.34043  0.34950  0.173E-01  0.369E-02  0.138E-02  0.152E-02  0.895E-02  0.217E-02  0.693E-02  0.000E+00  0.000E+00  0.000E+00
  0.57000  0.20240  0.34095  0.35000  0.173E-01  0.370E-02  0.136E-02  0.151E-02  0.901E-02  0.218E-02  0.695E-02  0.000E+00  0.000E+00  0.000E+00
  0.57000  0.20205  0.34146  0.35050  0.174E-01  0.370E-02  0.135E-02  0.150E-02  0.908E-02  0.220E-02  0.698E-02  0.000E+00  0.000E+00  0.000E+00
  0.57000  0.20170  0.34198  0.35100  0.175E-01  0.370E-02  0.133E-02  0.149E-02  0.915E-02  0.221E-02  0.700E-02  0.000E+00  0.000E+00  0.000E+00
  0.57000  0.20135  0.34249  0.35150  0.176E-01  0.370E-02  0.132E-02  0.148E-02  0.922E-02  0.223E-02  0.703E-02  0.000E+00  0.000E+00  0.000E+00
  0.57000  0.20100  0.34301  0.35200  0.176E-01  0.371E-02  0.131E-02  0.147E-02  0.929E-02  0.224E-02  0.705E-02  0.000E+00  0.000E+00  0.000E+00
  0.57000  0.20064  0.34353  0.35250  0.177E-01  0.375E-02  0.129E-02  0.146E-02  0.937E-02  0.229E-02  0.707E-02  0.000E+00  0.000E+00  0.000E+00
  0.57000  0.20029  0.34404  0.35300  0.178E-01  0.375E-02  0.128E-02  0.145E-02  0.944E-02  0.230E-02  0.710E-02  0.000E+00  0.000E+00  0.000E+00
  0.57000  0.19994  0.34456  0.35350  0.179E-01  0.375E-02  0.126E-02  0.144E-02  0.951E-02  0.231E-02  0.712E-02  0.000E+00  0.000E+00  0.000E+00
  0.57000  0.19958  0.34507  0.35400  0.180E-01  0.375E-02  0.125E-02  0.143E-02  0.958E-02  0.233E-02  0.715E-02  0.000E+00  0.000E+00  0.000E+00
  0.57000  0.19923  0.34559  0.35450  0.181E-01  0.376E-02  0.124E-02  0.142E-02  0.965E-02  0.234E-02  0.717E-02  0.000E+00  0.000E+00  0.000E+00
  0.57000  0.19887  0.34610  0.35500  0.181E-01  0.376E-02  0.122E-02  0.141E-02  0.972E-02  0.236E-02  0.719E-02  0.000E+00  0.000E+00  0.000E+00
  0.57000  0.19852  0.34662  0.35550  0.182E-01  0.377E-02  0.121E-02  0.140E-02  0.979E-02  0.237E-02  0.722E-02  0.000E+00  0.000E+00  0.000E+00
  0.57000  0.19816  0.34714  0.35600  0.183E-01  0.377E-02  0.120E-02  0.138E-02  0.985E-02  0.239E-02  0.724E-02  0.000E+00  0.000E+00  0.000E+00
  0.57000  0.19781  0.34765  0.35650  0.184E-01  0.381E-02  0.118E-02  0.137E-02  0.994E-02  0.243E-02  0.726E-02  0.000E+00  0.000E+00  0.000E+00
  0.57000  0.19745  0.34817  0.35700  0.185E-01  0.381E-02  0.117E-02  0.136E-02  0.100E-01  0.245E-02  0.729E-02  0.000E+00  0.000E+00  0.000E+00
  0.57000  0.19709  0.34868  0.35750  0.185E-01  0.382E-02  0.116E-02  0.135E-02  0.101E-01  0.246E-02  0.731E-02  0.000E+00  0.000E+00  0.000E+00
  0.57000  0.19674  0.34920  0.35800  0.186E-01  0.382E-02  0.115E-02  0.134E-02  0.101E-01  0.248E-02  0.733E-02  0.000E+00  0.000E+00  0.000E+00
  0.57000  0.19638  0.34972  0.35850  0.187E-01  0.383E-02  0.113E-02  0.133E-02  0.102E-01  0.249E-02  0.735E-02  0.000E+00  0.000E+00  0.000E+00
  0.57000  0.19602  0.35023  0.35900  0.188E-01  0.383E-02  0.112E-02  0.132E-02  0.103E-01  0.251E-02  0.738E-02  0.000E+00  0.000E+00  0.000E+00
  0.57000  0.19566  0.35075  0.35950  0.189E-01  0.384E-02  0.111E-02  0.131E-02  0.104E-01  0.252E-02  0.740E-02  0.000E+00  0.000E+00  0.000E+00
  0.57000  0.19530  0.35126  0.36000  0.190E-01  0.387E-02  0.110E-02  0.130E-02  0.104E-01  0.257E-02  0.742E-02  0.000E+00  0.000E+00  0.000E+00
  0.57000  0.19494  0.35178  0.36050  0.190E-01  0.388E-02  0.108E-02  0.129E-02  0.105E-01  0.258E-02  0.745E-02  0.000E+00  0.000E+00  0.000E+00
  0.57000  0.19458  0.35230  0.36100  0.191E-01  0.388E-02  0.107E-02  0.128E-02  0.106E-01  0.260E-02  0.747E-02  0.000E+00  0.000E+00  0.000E+00
  0.57000  0.19422  0.35281  0.36150  0.192E-01  0.389E-02  0.106E-02  0.127E-02  0.107E-01  0.261E-02  0.749E-02  0.000E+00  0.000E+00  0.000E+00
  0.57000  0.19386  0.35333  0.36200  0.193E-01  0.390E-02  0.105E-02  0.126E-02  0.107E-01  0.263E-02  0.751E-02  0.000E+00  0.000E+00  0.000E+00
  0.57000  0.19349  0.35384  0.36250  0.194E-01  0.390E-02  0.104E-02  0.126E-02  0.108E-01  0.265E-02  0.753E-02  0.000E+00  0.000E+00  0.000E+00
  0.57000  0.19313  0.35436  0.36300  0.194E-01  0.391E-02  0.102E-02  0.125E-02  0.109E-01  0.266E-02  0.756E-02  0.000E+00  0.000E+00  0.000E+00
  0.57000  0.19277  0.35488  0.36350  0.195E-01  0.395E-02  0.101E-02  0.124E-02  0.109E-01  0.271E-02  0.758E-02  0.000E+00  0.000E+00  0.000E+00
  0.57000  0.19240  0.35539  0.36400  0.196E-01  0.395E-02  0.100E-02  0.123E-02  0.110E-01  0.272E-02  0.760E-02  0.000E+00  0.000E+00  0.000E+00
  0.57000  0.19204  0.35591  0.36450  0.197E-01  0.396E-02  0.989E-03  0.122E-02  0.111E-01  0.274E-02  0.762E-02  0.000E+00  0.000E+00  0.000E+00
  0.57000  0.19167  0.35643  0.36500  0.198E-01  0.396E-02  0.978E-03  0.121E-02  0.112E-01  0.276E-02  0.764E-02  0.000E+00  0.000E+00  0.000E+00
  0.57000  0.19131  0.35694  0.36550  0.199E-01  0.397E-02  0.967E-03  0.120E-02  0.112E-01  0.277E-02  0.766E-02  0.000E+00  0.000E+00  0.000E+00
  0.57000  0.19094  0.35746  0.36600  0.199E-01  0.398E-02  0.956E-03  0.119E-02  0.113E-01  0.279E-02  0.768E-02  0.000E+00  0.000E+00  0.000E+00
  0.57000  0.19058  0.35798  0.36650  0.200E-01  0.398E-02  0.945E-03  0.118E-02  0.114E-01  0.280E-02  0.770E-02  0.000E+00  0.000E+00  0.000E+00
  0.57000  0.19021  0.35849  0.36700  0.201E-01  0.399E-02  0.934E-03  0.117E-02  0.114E-01  0.282E-02  0.773E-02  0.000E+00  0.000E+00  0.000E+00
  0.57000  0.18984  0.35901  0.36750  0.202E-01  0.403E-02  0.923E-03  0.116E-02  0.115E-01  0.287E-02  0.775E-02  0.000E+00  0.000E+00  0.000E+00
  0.57000  0.18948  0.35952  0.36800  0.203E-01  0.403E-02  0.912E-03  0.115E-02  0.116E-01  0.288E-02  0.777E-02  0.000E+00  0.000E+00  0.000E+00
  0.57000  0.18911  0.36004  0.36850  0.204E-01  0.404E-02  0.901E-03  0.114E-02  0.117E-01  0.290E-02  0.779E-02  0.000E+00  0.000E+00  0.000E+00
  0.57000  0.18874  0.36056  0.36900  0.204E-01  0.405E-02  0.891E-03  0.113E-02  0.117E-01  0.292E-02  0.781E-02  0.000E+00  0.000E+00  0.000E+00
  0.57000  0.18837  0.36107  0.36950  0.205E-01  0.406E-02  0.880E-03  0.112E-02  0.118E-01  0.293E-02  0.783E-02  0.000E+00  0.000E+00  0.000E+00
  0.57000  0.18800  0.36159  0.37000  0.206E-01  0.407E-02  0.870E-03  0.112E-02  0.119E-01  0.295E-02  0.785E-02  0.000E+00  0.000E+00  0.000E+00
  0.57000  0.18763  0.36211  0.37050  0.207E-01  0.407E-02  0.859E-03  0.111E-02  0.119E-01  0.297E-02  0.787E-02  0.000E+00  0.000E+00  0.000E+00
  0.57000  0.18726  0.36262  0.37100  0.208E-01  0.411E-02  0.849E-03  0.110E-02  0.120E-01  0.301E-02  0.789E-02  0.000E+00  0.000E+00  0.000E+00
  0.57000  0.18689  0.36314  0.37150  0.208E-01  0.412E-02  0.839E-03  0.109E-02  0.121E-01  0.303E-02  0.791E-02  0.000E+00  0.000E+00  0.000E+00
  0.57000  0.18652  0.36366  0.37200  0.209E-01  0.413E-02  0.829E-03  0.108E-02  0.122E-01  0.304E-02  0.793E-02  0.000E+00  0.000E+00  0.000E+00
  0.57000  0.18614  0.36417  0.37250  0.210E-01  0.413E-02  0.819E-03  0.107E-02  0.122E-01  0.306E-02  0.795E-02  0.000E+00  0.000E+00  0.000E+00
  0.57000  0.18577  0.36469  0.37300  0.211E-01  0.414E-02  0.809E-03  0.106E-02  0.123E-01  0.308E-02  0.796E-02  0.000E+00  0.000E+00  0.000E+00
  0.57000  0.18540  0.36521  0.37350  0.212E-01  0.415E-02  0.799E-03  0.105E-02  0.124E-01  0.310E-02  0.798E-02  0.000E+00  0.000E+00  0.000E+00
  0.57000  0.18502  0.36572  0.37400  0.212E-01  0.416E-02  0.790E-03  0.105E-02  0.124E-01  0.311E-02  0.800E-02  0.000E+00  0.000E+00  0.000E+00
  0.57000  0.18465  0.36624  0.37450  0.213E-01  0.420E-02  0.780E-03  0.104E-02  0.125E-01  0.316E-02  0.802E-02  0.000E+00  0.000E+00  0.000E+00
  0.57000  0.18427  0.36676  0.37500  0.214E-01  0.420E-02  0.770E-03  0.103E-02  0.126E-01  0.318E-02  0.804E-02  0.000E+00  0.000E+00  0.000E+00
  0.57000  0.18390  0.36727  0.37550  0.215E-01  0.421E-02  0.761E-03  0.102E-02  0.127E-01  0.319E-02  0.806E-02  0.000E+00  0.000E+00  0.000E+00
  0.57000  0.18352  0.36779  0.37600  0.216E-01  0.422E-02  0.752E-03  0.101E-02  0.127E-01  0.321E-02  0.808E-02  0.000E+00  0.000E+00  0.000E+00
  0.57000  0.18315  0.36831  0.37650  0.216E-01  0.423E-02  0.742E-03  0.100E-02  0.128E-01  0.323E-02  0.810E-02  0.000E+00  0.000E+00  0.000E+00
  0.57000  0.18277  0.36882  0.37700  0.217E-01  0.424E-02  0.733E-03  0.996E-03  0.129E-01  0.325E-02  0.811E-02  0.000E+00  0.000E+00  0.000E+00
  0.57000  0.18239  0.36934  0.37750  0.218E-01  0.425E-02  0.724E-03  0.988E-03  0.129E-01  0.326E-02  0.813E-02  0.000E+00  0.000E+00  0.000E+00
  0.57000  0.18202  0.36986  0.37800  0.219E-01  0.429E-02  0.715E-03  0.980E-03  0.130E-01  0.331E-02  0.815E-02  0.000E+00  0.000E+00  0.000E+00
  0.57000  0.18164  0.37038  0.37850  0.220E-01  0.430E-02  0.706E-03  0.971E-03  0.131E-01  0.332E-02  0.817E-02  0.000E+00  0.000E+00  0.000E+00
  0.57000  0.18126  0.37089  0.37900  0.220E-01  0.430E-02  0.697E-03  0.963E-03  0.132E-01  0.334E-02  0.819E-02  0.000E+00  0.000E+00  0.000E+00
  0.57000  0.18088  0.37141  0.37950  0.221E-01  0.431E-02  0.688E-03  0.955E-03  0.132E-01  0.336E-02  0.820E-02  0.000E+00  0.000E+00  0.000E+00
  0.57000  0.18050  0.37193  0.38000  0.222E-01  0.432E-02  0.680E-03  0.947E-03  0.133E-01  0.338E-02  0.822E-02  0.000E+00  0.000E+00  0.000E+00
  0.57000  0.18012  0.37244  0.38050  0.223E-01  0.434E-02  0.671E-03  0.939E-03  0.134E-01  0.340E-02  0.824E-02  0.000E+00  0.000E+00  0.000E+00
  0.57000  0.17974  0.37296  0.38100  0.224E-01  0.435E-02  0.663E-03  0.931E-03  0.134E-01  0.341E-02  0.826E-02  0.000E+00  0.000E+00  0.000E+00
  0.57000  0.17936  0.37348  0.38150  0.224E-01  0.438E-02  0.654E-03  0.924E-03  0.135E-01  0.346E-02  0.827E-02  0.000E+00  0.000E+00  0.000E+00
  0.57000  0.17898  0.37399  0.38200  0.225E-01  0.439E-02  0.646E-03  0.916E-03  0.136E-01  0.347E-02  0.829E-02  0.000E+00  0.000E+00  0.000E+00
  0.57000  0.17859  0.37451  0.38250  0.226E-01  0.440E-02  0.637E-03  0.908E-03  0.136E-01  0.349E-02  0.831E-02  0.000E+00  0.000E+00  0.000E+00
  0.57000  0.17821  0.37503  0.38300  0.227E-01  0.441E-02  0.629E-03  0.900E-03  0.137E-01  0.351E-02  0.832E-02  0.000E+00  0.000E+00  0.000E+00
  0.57000  0.17783  0.37555  0.38350  0.227E-01  0.442E-02  0.621E-03  0.892E-03  0.138E-01  0.353E-02  0.834E-02  0.000E+00  0.000E+00  0.000E+00
  0.57000  0.17744  0.37606  0.38400  0.228E-01  0.443E-02  0.613E-03  0.885E-03  0.138E-01  0.355E-02  0.836E-02  0.000E+00  0.000E+00  0.000E+00
  0.57000  0.17706  0.37658  0.38450  0.229E-01  0.444E-02  0.605E-03  0.877E-03  0.139E-01  0.357E-02  0.837E-02  0.000E+00  0.000E+00  0.000E+00
  0.57000  0.17667  0.37710  0.38500  0.230E-01  0.448E-02  0.597E-03  0.870E-03  0.140E-01  0.361E-02  0.839E-02  0.000E+00  0.000E+00  0.000E+00
  0.57000  0.17629  0.37761  0.38550  0.230E-01  0.449E-02  0.589E-03  0.862E-03  0.141E-01  0.363E-02  0.840E-02  0.000E+00  0.000E+00  0.000E+00
  0.57000  0.17590  0.37813  0.38600  0.231E-01  0.450E-02  0.581E-03  0.855E-03  0.141E-01  0.364E-02  0.842E-02  0.000E+00  0.000E+00  0.000E+00
  0.57000  0.17552  0.37865  0.38650  0.232E-01  0.451E-02  0.574E-03  0.847E-03  0.142E-01  0.366E-02  0.844E-02  0.000E+00  0.000E+00  0.000E+00
  0.57000  0.17513  0.37917  0.38700  0.233E-01  0.452E-02  0.566E-03  0.840E-03  0.143E-01  0.368E-02  0.845E-02  0.000E+00  0.000E+00  0.000E+00
  0.57000  0.17474  0.37968  0.38750  0.233E-01  0.453E-02  0.559E-03  0.832E-03  0.143E-01  0.370E-02  0.847E-02  0.000E+00  0.000E+00  0.000E+00
  0.57000  0.17436  0.38020  0.38800  0.234E-01  0.454E-02  0.551E-03  0.825E-03  0.144E-01  0.372E-02  0.848E-02  0.000E+00  0.000E+00  0.000E+00
  0.57000  0.17397  0.38072  0.38850  0.235E-01  0.458E-02  0.544E-03  0.818E-03  0.145E-01  0.376E-02  0.850E-02  0.000E+00  0.000E+00  0.000E+00
  0.57000  0.17358  0.38124  0.38900  0.236E-01  0.459E-02  0.536E-03  0.810E-03  0.145E-01  0.378E-02  0.851E-02  0.000E+00  0.000E+00  0.000E+00
  0.57000  0.17319  0.38175  0.38950  0.236E-01  0.460E-02  0.529E-03  0.803E-03  0.146E-01  0.379E-02  0.853E-02  0.000E+00  0.000E+00  0.000E+00
  0.57000  0.17280  0.38227  0.39000  0.237E-01  0.461E-02  0.522E-03  0.796E-03  0.146E-01  0.381E-02  0.854E-02  0.000E+00  0.000E+00  0.000E+00
  0.57000  0.17241  0.38279  0.39050  0.238E-01  0.462E-02  0.515E-03  0.789E-03  0.147E-01  0.383E-02  0.856E-02  0.000E+00  0.000E+00  0.000E+00
  0.57000  0.17202  0.38331  0.39100  0.239E-01  0.463E-02  0.508E-03  0.782E-03  0.148E-01  0.385E-02  0.857E-02  0.000E+00  0.000E+00  0.000E+00
  0.57000  0.17163  0.38382  0.39150  0.239E-01  0.465E-02  0.501E-03  0.775E-03  0.148E-01  0.387E-02  0.859E-02  0.000E+00  0.000E+00  0.000E+00
  0.57000  0.17124  0.38434  0.39200  0.240E-01  0.466E-02  0.494E-03  0.768E-03  0.149E-01  0.389E-02  0.860E-02  0.000E+00  0.000E+00  0.000E+00
  0.57000  0.17084  0.38486  0.39250  0.241E-01  0.469E-02  0.487E-03  0.761E-03  0.150E-01  0.393E-02  0.861E-02  0.000E+00  0.000E+00  0.000E+00
  0.57000  0.17045  0.38538  0.39300  0.241E-01  0.470E-02  0.480E-03  0.754E-03  0.150E-01  0.395E-02  0.863E-02  0.000E+00  0.000E+00  0.000E+00
  0.57000  0.17006  0.38589  0.39350  0.242E-01  0.471E-02  0.473E-03  0.747E-03  0.151E-01  0.397E-02  0.864E-02  0.000E+00  0.000E+00  0.000E+00
  0.57000  0.16966  0.38641  0.39400  0.243E-01  0.472E-02  0.467E-03  0.740E-03  0.152E-01  0.398E-02  0.866E-02  0.000E+00  0.000E+00  0.000E+00
  0.57000  0.16927  0.38693  0.39450  0.243E-01  0.474E-02  0.460E-03  0.733E-03  0.152E-01  0.400E-02  0.867E-02  0.000E+00  0.000E+00  0.000E+00
  0.57000  0.16887  0.38745  0.39500  0.244E-01  0.475E-02  0.454E-03  0.727E-03  0.153E-01  0.402E-02  0.868E-02  0.000E+00  0.000E+00  0.000E+00
  0.57000  0.16848  0.38796  0.39550  0.245E-01  0.476E-02  0.447E-03  0.720E-03  0.153E-01  0.404E-02  0.870E-02  0.000E+00  0.000E+00  0.000E+00
  0.57000  0.16808  0.38848  0.39600  0.246E-01  0.479E-02  0.441E-03  0.713E-03  0.154E-01  0.408E-02  0.871E-02  0.000E+00  0.000E+00  0.000E+00
  0.57000  0.16769  0.38900  0.39650  0.246E-01  0.480E-02  0.435E-03  0.706E-03  0.155E-01  0.410E-02  0.872E-02  0.000E+00  0.000E+00  0.000E+00
  0.57000  0.16729  0.38952  0.39700  0.247E-01  0.482E-02  0.428E-03  0.700E-03  0.155E-01  0.412E-02  0.874E-02  0.000E+00  0.000E+00  0.000E+00
  0.57000  0.16689  0.39003  0.39750  0.248E-01  0.483E-02  0.422E-03  0.693E-03  0.156E-01  0.414E-02  0.875E-02  0.000E+00  0.000E+00  0.000E+00
  0.57000  0.16650  0.39055  0.39800  0.248E-01  0.484E-02  0.416E-03  0.687E-03  0.156E-01  0.416E-02  0.876E-02  0.000E+00  0.000E+00  0.000E+00
  0.57000  0.16610  0.39107  0.39850  0.249E-01  0.485E-02  0.410E-03  0.680E-03  0.157E-01  0.417E-02  0.877E-02  0.000E+00  0.000E+00  0.000E+00
  0.57000  0.16570  0.39159  0.39900  0.249E-01  0.487E-02  0.404E-03  0.674E-03  0.158E-01  0.419E-02  0.879E-02  0.000E+00  0.000E+00  0.000E+00
  0.57000  0.16530  0.39211  0.39950  0.250E-01  0.490E-02  0.398E-03  0.667E-03  0.158E-01  0.423E-02  0.880E-02  0.000E+00  0.000E+00  0.000E+00
  0.57000  0.16490  0.39262  0.40000  0.251E-01  0.491E-02  0.392E-03  0.661E-03  0.159E-01  0.425E-02  0.881E-02  0.000E+00  0.000E+00  0.000E+00
  0.57000  0.16450  0.39314  0.40050  0.251E-01  0.492E-02  0.386E-03  0.655E-03  0.159E-01  0.427E-02  0.882E-02  0.000E+00  0.000E+00  0.000E+00
  0.57000  0.16410  0.39366  0.40100  0.252E-01  0.493E-02  0.381E-03  0.648E-03  0.160E-01  0.429E-02  0.884E-02  0.000E+00  0.000E+00  0.000E+00
  0.57000  0.16370  0.39418  0.40150  0.253E-01  0.495E-02  0.375E-03  0.642E-03  0.160E-01  0.431E-02  0.885E-02  0.000E+00  0.000E+00  0.000E+00
  0.57000  0.16330  0.39470  0.40200  0.253E-01  0.496E-02  0.369E-03  0.636E-03  0.161E-01  0.432E-02  0.886E-02  0.000E+00  0.000E+00  0.000E+00
  0.57000  0.16289  0.39521  0.40250  0.254E-01  0.497E-02  0.364E-03  0.629E-03  0.162E-01  0.434E-02  0.887E-02  0.000E+00  0.000E+00  0.000E+00
  0.57000  0.16249  0.39573  0.40300  0.255E-01  0.500E-02  0.358E-03  0.623E-03  0.162E-01  0.438E-02  0.888E-02  0.000E+00  0.000E+00  0.000E+00
  0.57000  0.16209  0.39625  0.40350  0.255E-01  0.501E-02  0.353E-03  0.617E-03  0.163E-01  0.440E-02  0.890E-02  0.000E+00  0.000E+00  0.000E+00
  0.57000  0.16168  0.39677  0.40400  0.256E-01  0.503E-02  0.348E-03  0.611E-03  0.163E-01  0.442E-02  0.891E-02  0.000E+00  0.000E+00  0.000E+00
  0.57000  0.16128  0.39729  0.40450  0.256E-01  0.504E-02  0.342E-03  0.605E-03  0.164E-01  0.443E-02  0.892E-02  0.000E+00  0.000E+00  0.000E+00
  0.57000  0.16087  0.39780  0.40500  0.257E-01  0.505E-02  0.337E-03  0.599E-03  0.164E-01  0.445E-02  0.893E-02  0.000E+00  0.000E+00  0.000E+00
  0.57000  0.16047  0.39832  0.40550  0.258E-01  0.507E-02  0.332E-03  0.593E-03  0.165E-01  0.447E-02  0.894E-02  0.000E+00  0.000E+00  0.000E+00
  0.57000  0.16006  0.39884  0.40600  0.258E-01  0.508E-02  0.327E-03  0.587E-03  0.165E-01  0.449E-02  0.895E-02  0.000E+00  0.000E+00  0.000E+00
  0.57000  0.15966  0.39936  0.40650  0.259E-01  0.511E-02  0.322E-03  0.581E-03  0.166E-01  0.452E-02  0.896E-02  0.000E+00  0.000E+00  0.000E+00
  0.57000  0.15925  0.39988  0.40700  0.259E-01  0.512E-02  0.316E-03  0.575E-03  0.166E-01  0.454E-02  0.897E-02  0.000E+00  0.000E+00  0.000E+00
  0.57000  0.15884  0.40039  0.40750  0.260E-01  0.513E-02  0.312E-03  0.569E-03  0.167E-01  0.456E-02  0.899E-02  0.000E+00  0.000E+00  0.000E+00
  0.57000  0.15844  0.40091  0.40800  0.260E-01  0.514E-02  0.307E-03  0.563E-03  0.167E-01  0.458E-02  0.900E-02  0.000E+00  0.000E+00  0.000E+00
  0.57000  0.15803  0.40143  0.40850  0.261E-01  0.516E-02  0.302E-03  0.558E-03  0.168E-01  0.460E-02  0.901E-02  0.000E+00  0.000E+00  0.000E+00
  0.57000  0.15762  0.40195  0.40900  0.261E-01  0.517E-02  0.297E-03  0.552E-03  0.168E-01  0.462E-02  0.902E-02  0.000E+00  0.000E+00  0.000E+00
  0.57000  0.15721  0.40247  0.40950  0.262E-01  0.518E-02  0.292E-03  0.546E-03  0.169E-01  0.464E-02  0.903E-02  0.000E+00  0.000E+00  0.000E+00
  0.57000  0.15680  0.40299  0.41000  0.263E-01  0.521E-02  0.287E-03  0.541E-03  0.169E-01  0.467E-02  0.904E-02  0.000E+00  0.000E+00  0.000E+00
  0.57000  0.15639  0.40350  0.41050  0.263E-01  0.522E-02  0.283E-03  0.535E-03  0.170E-01  0.469E-02  0.905E-02  0.000E+00  0.000E+00  0.000E+00
  0.57000  0.15598  0.40402  0.41100  0.264E-01  0.524E-02  0.278E-03  0.529E-03  0.170E-01  0.471E-02  0.906E-02  0.000E+00  0.000E+00  0.000E+00
  0.57000  0.15557  0.40454  0.41150  0.264E-01  0.525E-02  0.274E-03  0.524E-03  0.171E-01  0.472E-02  0.907E-02  0.000E+00  0.000E+00  0.000E+00
  0.57000  0.15516  0.40506  0.41200  0.265E-01  0.526E-02  0.269E-03  0.518E-03  0.171E-01  0.474E-02  0.908E-02  0.000E+00  0.000E+00  0.000E+00
  0.57000  0.15474  0.40558  0.41250  0.265E-01  0.528E-02  0.265E-03  0.513E-03  0.172E-01  0.476E-02  0.909E-02  0.000E+00  0.000E+00  0.000E+00
  0.57000  0.15433  0.40610  0.41300  0.266E-01  0.529E-02  0.260E-03  0.507E-03  0.172E-01  0.478E-02  0.910E-02  0.000E+00  0.000E+00  0.000E+00
  0.57000  0.15392  0.40662  0.41350  0.266E-01  0.531E-02  0.256E-03  0.502E-03  0.173E-01  0.481E-02  0.911E-02  0.000E+00  0.000E+00  0.000E+00
  0.57000  0.15350  0.40713  0.41400  0.267E-01  0.533E-02  0.252E-03  0.496E-03  0.173E-01  0.483E-02  0.912E-02  0.000E+00  0.000E+00  0.000E+00
  0.57000  0.15309  0.40765  0.41450  0.267E-01  0.534E-02  0.247E-03  0.491E-03  0.173E-01  0.485E-02  0.913E-02  0.000E+00  0.000E+00  0.000E+00
  0.57000  0.15267  0.40817  0.41500  0.268E-01  0.535E-02  0.243E-03  0.486E-03  0.174E-01  0.487E-02  0.914E-02  0.000E+00  0.000E+00  0.000E+00
  0.57000  0.15226  0.40869  0.41550  0.268E-01  0.536E-02  0.239E-03  0.480E-03  0.174E-01  0.488E-02  0.914E-02  0.000E+00  0.000E+00  0.000E+00
  0.57000  0.15184  0.40921  0.41600  0.269E-01  0.538E-02  0.235E-03  0.475E-03  0.175E-01  0.490E-02  0.915E-02  0.000E+00  0.000E+00  0.000E+00
  0.57000  0.15143  0.40973  0.41650  0.269E-01  0.539E-02  0.231E-03  0.470E-03  0.175E-01  0.492E-02  0.916E-02  0.000E+00  0.000E+00  0.000E+00
  0.57000  0.15101  0.41025  0.41700  0.270E-01  0.541E-02  0.227E-03  0.465E-03  0.176E-01  0.495E-02  0.917E-02  0.000E+00  0.000E+00  0.000E+00
  0.57000  0.15059  0.41076  0.41750  0.270E-01  0.543E-02  0.223E-03  0.459E-03  0.176E-01  0.497E-02  0.918E-02  0.000E+00  0.000E+00  0.000E+00
  0.57000  0.15018  0.41128  0.41800  0.270E-01  0.544E-02  0.219E-03  0.454E-03  0.176E-01  0.499E-02  0.919E-02  0.000E+00  0.000E+00  0.000E+00
  0.57000  0.14976  0.41180  0.41850  0.271E-01  0.545E-02  0.215E-03  0.449E-03  0.177E-01  0.500E-02  0.920E-02  0.000E+00  0.000E+00  0.000E+00
  0.57000  0.14934  0.41232  0.41900  0.271E-01  0.547E-02  0.212E-03  0.444E-03  0.177E-01  0.502E-02  0.921E-02  0.000E+00  0.000E+00  0.000E+00
  0.57000  0.14892  0.41284  0.41950  0.272E-01  0.548E-02  0.208E-03  0.439E-03  0.177E-01  0.504E-02  0.921E-02  0.000E+00  0.000E+00  0.000E+00
  0.57000  0.14850  0.41336  0.42000  0.272E-01  0.549E-02  0.204E-03  0.434E-03  0.178E-01  0.506E-02  0.922E-02  0.000E+00  0.000E+00  0.000E+00
  0.57000  0.14808  0.41388  0.42050  0.273E-01  0.551E-02  0.200E-03  0.429E-03  0.178E-01  0.508E-02  0.923E-02  0.000E+00  0.000E+00  0.000E+00
  0.57000  0.14766  0.41440  0.42100  0.273E-01  0.553E-02  0.197E-03  0.424E-03  0.179E-01  0.510E-02  0.924E-02  0.000E+00  0.000E+00  0.000E+00
  0.57000  0.14724  0.41491  0.42150  0.273E-01  0.554E-02  0.193E-03  0.419E-03  0.179E-01  0.512E-02  0.925E-02  0.000E+00  0.000E+00  0.000E+00
  0.57000  0.14682  0.41543  0.42200  0.274E-01  0.555E-02  0.190E-03  0.414E-03  0.179E-01  0.514E-02  0.926E-02  0.000E+00  0.000E+00  0.000E+00
  0.57000  0.14639  0.41595  0.42250  0.274E-01  0.556E-02  0.186E-03  0.409E-03  0.180E-01  0.515E-02  0.926E-02  0.000E+00  0.000E+00  0.000E+00
  0.57000  0.14597  0.41647  0.42300  0.275E-01  0.558E-02  0.183E-03  0.405E-03  0.180E-01  0.517E-02  0.927E-02  0.000E+00  0.000E+00  0.000E+00
  0.57000  0.14555  0.41699  0.42350  0.275E-01  0.559E-02  0.180E-03  0.400E-03  0.180E-01  0.519E-02  0.928E-02  0.000E+00  0.000E+00  0.000E+00
  0.57000  0.14512  0.41751  0.42400  0.275E-01  0.561E-02  0.176E-03  0.395E-03  0.181E-01  0.521E-02  0.929E-02  0.000E+00  0.000E+00  0.000E+00
  0.57000  0.14470  0.41803  0.42450  0.276E-01  0.562E-02  0.173E-03  0.390E-03  0.181E-01  0.523E-02  0.929E-02  0.000E+00  0.000E+00  0.000E+00
  0.57000  0.14427  0.41855  0.42500  0.276E-01  0.563E-02  0.170E-03  0.385E-03  0.181E-01  0.525E-02  0.930E-02  0.000E+00  0.000E+00  0.000E+00
  0.57000  0.14385  0.41907  0.42550  0.276E-01  0.565E-02  0.166E-03  0.381E-03  0.182E-01  0.527E-02  0.931E-02  0.000E+00  0.000E+00  0.000E+00
  0.57000  0.14342  0.41958  0.42600  0.277E-01  0.566E-02  0.163E-03  0.376E-03  0.182E-01  0.528E-02  0.932E-02  0.000E+00  0.000E+00  0.000E+00
  0.57000  0.14300  0.42010  0.42650  0.277E-01  0.567E-02  0.160E-03  0.372E-03  0.182E-01  0.530E-02  0.932E-02  0.000E+00  0.000E+00  0.000E+00
  0.57000  0.14257  0.42062  0.42700  0.277E-01  0.569E-02  0.157E-03  0.367E-03  0.183E-01  0.532E-02  0.933E-02  0.000E+00  0.000E+00  0.000E+00
  0.57000  0.14214  0.42114  0.42750  0.278E-01  0.570E-02  0.154E-03  0.362E-03  0.183E-01  0.534E-02  0.934E-02  0.000E+00  0.000E+00  0.000E+00
  0.57000  0.14172  0.42166  0.42800  0.278E-01  0.571E-02  0.151E-03  0.358E-03  0.183E-01  0.536E-02  0.934E-02  0.000E+00  0.000E+00  0.000E+00
  0.57000  0.14129  0.42218  0.42850  0.278E-01  0.573E-02  0.148E-03  0.353E-03  0.183E-01  0.537E-02  0.935E-02  0.000E+00  0.000E+00  0.000E+00
  0.57000  0.14086  0.42270  0.42900  0.279E-01  0.574E-02  0.145E-03  0.349E-03  0.184E-01  0.539E-02  0.936E-02  0.000E+00  0.000E+00  0.000E+00
  0.57000  0.14043  0.42322  0.42950  0.279E-01  0.575E-02  0.142E-03  0.345E-03  0.184E-01  0.541E-02  0.936E-02  0.000E+00  0.000E+00  0.000E+00
  0.57000  0.14000  0.42374  0.43000  0.279E-01  0.576E-02  0.139E-03  0.340E-03  0.184E-01  0.542E-02  0.937E-02  0.000E+00  0.000E+00  0.000E+00
  0.57000  0.13957  0.42426  0.43050  0.280E-01  0.578E-02  0.137E-03  0.336E-03  0.184E-01  0.545E-02  0.938E-02  0.000E+00  0.000E+00  0.000E+00
  0.57000  0.13914  0.42478  0.43100  0.280E-01  0.579E-02  0.134E-03  0.331E-03  0.185E-01  0.546E-02  0.938E-02  0.000E+00  0.000E+00  0.000E+00
  0.57000  0.13871  0.42530  0.43150  0.280E-01  0.580E-02  0.131E-03  0.327E-03  0.185E-01  0.548E-02  0.939E-02  0.000E+00  0.000E+00  0.000E+00
  0.57000  0.13828  0.42581  0.43200  0.280E-01  0.582E-02  0.128E-03  0.323E-03  0.185E-01  0.549E-02  0.940E-02  0.000E+00  0.000E+00  0.000E+00
  0.57000  0.13784  0.42633  0.43250  0.281E-01  0.583E-02  0.126E-03  0.319E-03  0.185E-01  0.551E-02  0.940E-02  0.000E+00  0.000E+00  0.000E+00
  0.57000  0.13741  0.42685  0.43300  0.281E-01  0.584E-02  0.123E-03  0.314E-03  0.186E-01  0.552E-02  0.941E-02  0.000E+00  0.000E+00  0.000E+00
  0.57000  0.13698  0.42737  0.43350  0.281E-01  0.585E-02  0.121E-03  0.310E-03  0.186E-01  0.554E-02  0.941E-02  0.000E+00  0.000E+00  0.000E+00
  0.57000  0.13654  0.42789  0.43400  0.281E-01  0.587E-02  0.118E-03  0.306E-03  0.186E-01  0.556E-02  0.942E-02  0.000E+00  0.000E+00  0.000E+00
  0.57000  0.13611  0.42841  0.43450  0.282E-01  0.588E-02  0.116E-03  0.302E-03  0.186E-01  0.558E-02  0.943E-02  0.000E+00  0.000E+00  0.000E+00
  0.57000  0.13567  0.42893  0.43500  0.282E-01  0.589E-02  0.113E-03  0.298E-03  0.186E-01  0.559E-02  0.943E-02  0.000E+00  0.000E+00  0.000E+00
  0.57000  0.13524  0.42945  0.43550  0.282E-01  0.590E-02  0.111E-03  0.294E-03  0.187E-01  0.561E-02  0.944E-02  0.000E+00  0.000E+00  0.000E+00
  0.57000  0.13480  0.42997  0.43600  0.282E-01  0.591E-02  0.108E-03  0.290E-03  0.187E-01  0.562E-02  0.944E-02  0.000E+00  0.000E+00  0.000E+00
  0.57000  0.13437  0.43049  0.43650  0.282E-01  0.592E-02  0.106E-03  0.286E-03  0.187E-01  0.564E-02  0.945E-02  0.000E+00  0.000E+00  0.000E+00
  0.57000  0.13393  0.43101  0.43700  0.283E-01  0.593E-02  0.104E-03  0.282E-03  0.187E-01  0.565E-02  0.945E-02  0.000E+00  0.000E+00  0.000E+00
  0.57000  0.13349  0.43153  0.43750  0.283E-01  0.595E-02  0.101E-03  0.278E-03  0.187E-01  0.567E-02  0.946E-02  0.000E+00  0.000E+00  0.000E+00
  0.57000  0.13306  0.43205  0.43800  0.283E-01  0.596E-02  0.992E-04  0.274E-03  0.187E-01  0.569E-02  0.946E-02  0.000E+00  0.000E+00  0.000E+00
  0.57000  0.13262  0.43257  0.43850  0.283E-01  0.597E-02  0.970E-04  0.270E-03  0.188E-01  0.570E-02  0.947E-02  0.000E+00  0.000E+00  0.000E+00
  0.57000  0.13218  0.43309  0.43900  0.283E-01  0.598E-02  0.948E-04  0.266E-03  0.188E-01  0.572E-02  0.947E-02  0.000E+00  0.000E+00  0.000E+00
  0.57000  0.13174  0.43361  0.43950  0.284E-01  0.599E-02  0.927E-04  0.262E-03  0.188E-01  0.573E-02  0.948E-02  0.000E+00  0.000E+00  0.000E+00
  0.57000  0.13130  0.43413  0.44000  0.284E-01  0.600E-02  0.905E-04  0.258E-03  0.188E-01  0.574E-02  0.948E-02  0.000E+00  0.000E+00  0.000E+00
  0.57000  0.13086  0.43465  0.44050  0.284E-01  0.601E-02  0.885E-04  0.254E-03  0.188E-01  0.576E-02  0.949E-02  0.000E+00  0.000E+00  0.000E+00
  0.57000  0.13042  0.43517  0.44100  0.284E-01  0.603E-02  0.864E-04  0.251E-03  0.188E-01  0.578E-02  0.949E-02  0.000E+00  0.000E+00  0.000E+00
  0.57000  0.12998  0.43569  0.44150  0.284E-01  0.604E-02  0.844E-04  0.247E-03  0.188E-01  0.579E-02  0.950E-02  0.000E+00  0.000E+00  0.000E+00
  0.57000  0.12954  0.43621  0.44200  0.284E-01  0.605E-02  0.824E-04  0.243E-03  0.189E-01  0.580E-02  0.950E-02  0.000E+00  0.000E+00  0.000E+00
  0.57000  0.12909  0.43673  0.44250  0.285E-01  0.606E-02  0.805E-04  0.240E-03  0.189E-01  0.582E-02  0.951E-02  0.000E+00  0.000E+00  0.000E+00
  0.57000  0.12865  0.43725  0.44300  0.285E-01  0.607E-02  0.786E-04  0.236E-03  0.189E-01  0.583E-02  0.951E-02  0.000E+00  0.000E+00  0.000E+00
  0.57000  0.12821  0.43777  0.44350  0.285E-01  0.608E-02  0.767E-04  0.232E-03  0.189E-01  0.585E-02  0.952E-02  0.000E+00  0.000E+00  0.000E+00
  0.57000  0.12776  0.43829  0.44400  0.285E-01  0.609E-02  0.749E-04  0.229E-03  0.189E-01  0.586E-02  0.952E-02  0.000E+00  0.000E+00  0.000E+00
  0.57000  0.12732  0.43880  0.44450  0.285E-01  0.610E-02  0.730E-04  0.225E-03  0.189E-01  0.588E-02  0.952E-02  0.000E+00  0.000E+00  0.000E+00
  0.57000  0.12687  0.43932  0.44500  0.285E-01  0.611E-02  0.712E-04  0.222E-03  0.189E-01  0.589E-02  0.953E-02  0.000E+00  0.000E+00  0.000E+00
  0.57000  0.12643  0.43984  0.44550  0.285E-01  0.612E-02  0.695E-04  0.218E-03  0.189E-01  0.590E-02  0.953E-02  0.000E+00  0.000E+00  0.000E+00
  0.57000  0.12598  0.44036  0.44600  0.285E-01  0.613E-02  0.678E-04  0.215E-03  0.189E-01  0.591E-02  0.954E-02  0.000E+00  0.000E+00  0.000E+00
  0.57000  0.12554  0.44088  0.44650  0.285E-01  0.614E-02  0.661E-04  0.211E-03  0.189E-01  0.593E-02  0.954E-02  0.000E+00  0.000E+00  0.000E+00
  0.57000  0.12509  0.44140  0.44700  0.285E-01  0.615E-02  0.644E-04  0.208E-03  0.189E-01  0.594E-02  0.954E-02  0.000E+00  0.000E+00  0.000E+00
  0.57000  0.12464  0.44192  0.44750  0.286E-01  0.616E-02  0.628E-04  0.204E-03  0.189E-01  0.595E-02  0.955E-02  0.000E+00  0.000E+00  0.000E+00
  0.57000  0.12420  0.44244  0.44800  0.286E-01  0.617E-02  0.611E-04  0.201E-03  0.189E-01  0.597E-02  0.955E-02  0.000E+00  0.000E+00  0.000E+00
  0.57000  0.12375  0.44296  0.44850  0.286E-01  0.618E-02  0.596E-04  0.198E-03  0.189E-01  0.598E-02  0.956E-02  0.000E+00  0.000E+00  0.000E+00
  0.57000  0.12330  0.44348  0.44900  0.286E-01  0.619E-02  0.580E-04  0.194E-03  0.190E-01  0.599E-02  0.956E-02  0.000E+00  0.000E+00  0.000E+00
  0.57000  0.12285  0.44400  0.44950  0.286E-01  0.620E-02  0.565E-04  0.191E-03  0.190E-01  0.600E-02  0.956E-02  0.000E+00  0.000E+00  0.000E+00
  0.57000  0.12240  0.44452  0.45000  0.286E-01  0.620E-02  0.550E-04  0.188E-03  0.190E-01  0.602E-02  0.957E-02  0.000E+00  0.000E+00  0.000E+00
  0.57000  0.12195  0.44505  0.45050  0.286E-01  0.621E-02  0.535E-04  0.184E-03  0.190E-01  0.603E-02  0.957E-02  0.000E+00  0.000E+00  0.000E+00
  0.57000  0.12150  0.44557  0.45100  0.286E-01  0.622E-02  0.521E-04  0.181E-03  0.190E-01  0.604E-02  0.957E-02  0.000E+00  0.000E+00  0.000E+00
  0.57000  0.12105  0.44609  0.45150  0.286E-01  0.623E-02  0.507E-04  0.178E-03  0.190E-01  0.605E-02  0.957E-02  0.000E+00  0.000E+00  0.000E+00
  0.57000  0.12060  0.44661  0.45200  0.286E-01  0.624E-02  0.493E-04  0.175E-03  0.190E-01  0.607E-02  0.958E-02  0.000E+00  0.000E+00  0.000E+00
  0.57000  0.12014  0.44713  0.45250  0.286E-01  0.625E-02  0.479E-04  0.172E-03  0.190E-01  0.608E-02  0.958E-02  0.000E+00  0.000E+00  0.000E+00
  0.57000  0.11969  0.44765  0.45300  0.286E-01  0.626E-02  0.466E-04  0.169E-03  0.190E-01  0.609E-02  0.958E-02  0.000E+00  0.000E+00  0.000E+00
  0.57000  0.11924  0.44817  0.45350  0.286E-01  0.627E-02  0.452E-04  0.166E-03  0.190E-01  0.610E-02  0.959E-02  0.000E+00  0.000E+00  0.000E+00
  0.57000  0.11878  0.44869  0.45400  0.286E-01  0.627E-02  0.440E-04  0.163E-03  0.190E-01  0.611E-02  0.959E-02  0.000E+00  0.000E+00  0.000E+00
  0.57000  0.11833  0.44921  0.45450  0.286E-01  0.628E-02  0.427E-04  0.160E-03  0.190E-01  0.612E-02  0.959E-02  0.000E+00  0.000E+00  0.000E+00
  0.57000  0.11787  0.44973  0.45500  0.286E-01  0.629E-02  0.415E-04  0.157E-03  0.190E-01  0.613E-02  0.959E-02  0.000E+00  0.000E+00  0.000E+00
  0.57000  0.11742  0.45025  0.45550  0.286E-01  0.630E-02  0.402E-04  0.154E-03  0.189E-01  0.615E-02  0.960E-02  0.000E+00  0.000E+00  0.000E+00
  0.57000  0.11696  0.45077  0.45600  0.286E-01  0.631E-02  0.391E-04  0.151E-03  0.189E-01  0.616E-02  0.960E-02  0.000E+00  0.000E+00  0.000E+00
  0.57000  0.11651  0.45129  0.45650  0.286E-01  0.631E-02  0.379E-04  0.148E-03  0.189E-01  0.617E-02  0.960E-02  0.000E+00  0.000E+00  0.000E+00
  0.57000  0.11605  0.45181  0.45700  0.286E-01  0.632E-02  0.368E-04  0.145E-03  0.189E-01  0.618E-02  0.960E-02  0.000E+00  0.000E+00  0.000E+00
  0.57000  0.11559  0.45233  0.45750  0.286E-01  0.633E-02  0.356E-04  0.142E-03  0.189E-01  0.619E-02  0.960E-02  0.000E+00  0.000E+00  0.000E+00
  0.57000  0.11514  0.45285  0.45800  0.286E-01  0.634E-02  0.345E-04  0.139E-03  0.189E-01  0.620E-02  0.961E-02  0.000E+00  0.000E+00  0.000E+00
  0.57000  0.11468  0.45337  0.45850  0.286E-01  0.634E-02  0.335E-04  0.136E-03  0.189E-01  0.621E-02  0.961E-02  0.000E+00  0.000E+00  0.000E+00
  0.57000  0.11422  0.45389  0.45900  0.286E-01  0.635E-02  0.324E-04  0.134E-03  0.189E-01  0.622E-02  0.961E-02  0.000E+00  0.000E+00  0.000E+00
  0.57000  0.11376  0.45441  0.45950  0.285E-01  0.636E-02  0.314E-04  0.131E-03  0.189E-01  0.623E-02  0.961E-02  0.000E+00  0.000E+00  0.000E+00
  0.57000  0.11330  0.45493  0.46000  0.285E-01  0.637E-02  0.304E-04  0.128E-03  0.189E-01  0.624E-02  0.961E-02  0.000E+00  0.000E+00  0.000E+00
  0.57000  0.11284  0.45545  0.46050  0.285E-01  0.637E-02  0.294E-04  0.125E-03  0.189E-01  0.625E-02  0.961E-02  0.000E+00  0.000E+00  0.000E+00
  0.57000  0.11238  0.45597  0.46100  0.285E-01  0.638E-02  0.285E-04  0.123E-03  0.189E-01  0.626E-02  0.962E-02  0.000E+00  0.000E+00  0.000E+00
  0.57000  0.11192  0.45649  0.46150  0.285E-01  0.639E-02  0.275E-04  0.120E-03  0.189E-01  0.627E-02  0.962E-02  0.000E+00  0.000E+00  0.000E+00
  0.57000  0.11146  0.45701  0.46200  0.285E-01  0.639E-02  0.266E-04  0.117E-03  0.189E-01  0.628E-02  0.962E-02  0.000E+00  0.000E+00  0.000E+00
  0.57000  0.11099  0.45754  0.46250  0.285E-01  0.640E-02  0.257E-04  0.115E-03  0.189E-01  0.629E-02  0.962E-02  0.000E+00  0.000E+00  0.000E+00
  0.57000  0.11053  0.45806  0.46300  0.285E-01  0.641E-02  0.248E-04  0.112E-03  0.188E-01  0.629E-02  0.962E-02  0.000E+00  0.000E+00  0.000E+00
  0.57000  0.11007  0.45858  0.46350  0.285E-01  0.641E-02  0.240E-04  0.110E-03  0.188E-01  0.630E-02  0.962E-02  0.000E+00  0.000E+00  0.000E+00
  0.57000  0.10960  0.45910  0.46400  0.285E-01  0.642E-02  0.231E-04  0.107E-03  0.188E-01  0.631E-02  0.962E-02  0.000E+00  0.000E+00  0.000E+00
  0.57000  0.10914  0.45962  0.46450  0.285E-01  0.643E-02  0.223E-04  0.105E-03  0.188E-01  0.632E-02  0.962E-02  0.000E+00  0.000E+00  0.000E+00
  0.57000  0.10867  0.46014  0.46500  0.284E-01  0.643E-02  0.215E-04  0.102E-03  0.188E-01  0.633E-02  0.962E-02  0.000E+00  0.000E+00  0.000E+00
  0.57000  0.10821  0.46066  0.46550  0.284E-01  0.644E-02  0.208E-04  0.998E-04  0.188E-01  0.634E-02  0.962E-02  0.000E+00  0.000E+00  0.000E+00
  0.57000  0.10774  0.46118  0.46600  0.284E-01  0.645E-02  0.200E-04  0.974E-04  0.188E-01  0.635E-02  0.962E-02  0.000E+00  0.000E+00  0.000E+00
  0.57000  0.10728  0.46170  0.46650  0.284E-01  0.645E-02  0.193E-04  0.950E-04  0.188E-01  0.636E-02  0.962E-02  0.000E+00  0.000E+00  0.000E+00
  0.57000  0.10681  0.46222  0.46700  0.284E-01  0.646E-02  0.185E-04  0.926E-04  0.187E-01  0.636E-02  0.962E-02  0.000E+00  0.000E+00  0.000E+00
  0.57000  0.10634  0.46274  0.46750  0.284E-01  0.646E-02  0.178E-04  0.903E-04  0.187E-01  0.637E-02  0.962E-02  0.000E+00  0.000E+00  0.000E+00
  0.57000  0.10588  0.46326  0.46800  0.284E-01  0.647E-02  0.172E-04  0.880E-04  0.187E-01  0.638E-02  0.962E-02  0.000E+00  0.000E+00  0.000E+00
  0.57000  0.10541  0.46379  0.46850  0.283E-01  0.648E-02  0.165E-04  0.857E-04  0.187E-01  0.639E-02  0.962E-02  0.000E+00  0.000E+00  0.000E+00
  0.57000  0.10494  0.46431  0.46900  0.283E-01  0.648E-02  0.158E-04  0.835E-04  0.187E-01  0.640E-02  0.962E-02  0.000E+00  0.000E+00  0.000E+00
  0.57000  0.10447  0.46483  0.46950  0.283E-01  0.649E-02  0.152E-04  0.813E-04  0.187E-01  0.641E-02  0.962E-02  0.000E+00  0.000E+00  0.000E+00
  0.57000  0.10400  0.46535  0.47000  0.283E-01  0.649E-02  0.146E-04  0.791E-04  0.187E-01  0.641E-02  0.962E-02  0.000E+00  0.000E+00  0.000E+00
  0.57000  0.10353  0.46587  0.47050  0.283E-01  0.650E-02  0.140E-04  0.769E-04  0.186E-01  0.642E-02  0.962E-02  0.000E+00  0.000E+00  0.000E+00
  0.57000  0.10306  0.46639  0.47100  0.283E-01  0.650E-02  0.134E-04  0.748E-04  0.186E-01  0.643E-02  0.962E-02  0.000E+00  0.000E+00  0.000E+00
  0.57000  0.10259  0.46691  0.47150  0.282E-01  0.651E-02  0.129E-04  0.727E-04  0.186E-01  0.644E-02  0.962E-02  0.000E+00  0.000E+00  0.000E+00
  0.57000  0.10212  0.46743  0.47200  0.282E-01  0.652E-02  0.123E-04  0.706E-04  0.186E-01  0.644E-02  0.962E-02  0.000E+00  0.000E+00  0.000E+00
  0.57000  0.10164  0.46795  0.47250  0.282E-01  0.652E-02  0.118E-04  0.685E-04  0.186E-01  0.645E-02  0.962E-02  0.000E+00  0.000E+00  0.000E+00
  0.57000  0.10117  0.46847  0.47300  0.282E-01  0.653E-02  0.113E-04  0.665E-04  0.186E-01  0.646E-02  0.962E-02  0.000E+00  0.000E+00  0.000E+00
  0.57000  0.10070  0.46900  0.47350  0.282E-01  0.653E-02  0.108E-04  0.645E-04  0.185E-01  0.647E-02  0.962E-02  0.000E+00  0.000E+00  0.000E+00
  0.57000  0.10022  0.46952  0.47400  0.282E-01  0.654E-02  0.103E-04  0.625E-04  0.185E-01  0.647E-02  0.962E-02  0.000E+00  0.000E+00  0.000E+00
  0.57000  0.09975  0.47004  0.47450  0.281E-01  0.654E-02  0.982E-05  0.606E-04  0.185E-01  0.648E-02  0.962E-02  0.000E+00  0.000E+00  0.000E+00
  0.57000  0.09927  0.47056  0.47500  0.281E-01  0.655E-02  0.936E-05  0.587E-04  0.185E-01  0.649E-02  0.961E-02  0.000E+00  0.000E+00  0.000E+00
  0.57000  0.09880  0.47108  0.47550  0.281E-01  0.655E-02  0.892E-05  0.568E-04  0.185E-01  0.650E-02  0.961E-02  0.000E+00  0.000E+00  0.000E+00
  0.57000  0.09832  0.47160  0.47600  0.281E-01  0.656E-02  0.849E-05  0.549E-04  0.185E-01  0.650E-02  0.961E-02  0.000E+00  0.000E+00  0.000E+00
  0.57000  0.09785  0.47212  0.47650  0.281E-01  0.656E-02  0.808E-05  0.531E-04  0.184E-01  0.651E-02  0.961E-02  0.000E+00  0.000E+00  0.000E+00
  0.57000  0.09737  0.47264  0.47700  0.280E-01  0.657E-02  0.768E-05  0.513E-04  0.184E-01  0.652E-02  0.961E-02  0.000E+00  0.000E+00  0.000E+00
  0.57000  0.09689  0.47317  0.47750  0.280E-01  0.657E-02  0.729E-05  0.495E-04  0.184E-01  0.652E-02  0.960E-02  0.000E+00  0.000E+00  0.000E+00
  0.57000  0.09642  0.47369  0.47800  0.280E-01  0.658E-02  0.692E-05  0.478E-04  0.184E-01  0.653E-02  0.960E-02  0.000E+00  0.000E+00  0.000E+00
  0.57000  0.09594  0.47421  0.47850  0.280E-01  0.658E-02  0.656E-05  0.460E-04  0.184E-01  0.654E-02  0.960E-02  0.000E+00  0.000E+00  0.000E+00
  0.57000  0.09546  0.47473  0.47900  0.279E-01  0.659E-02  0.621E-05  0.443E-04  0.183E-01  0.655E-02  0.960E-02  0.000E+00  0.000E+00  0.000E+00
  0.57000  0.09498  0.47525  0.47950  0.279E-01  0.659E-02  0.588E-05  0.427E-04  0.183E-01  0.655E-02  0.959E-02  0.000E+00  0.000E+00  0.000E+00
  0.57000  0.09450  0.47577  0.48000  0.279E-01  0.660E-02  0.556E-05  0.410E-04  0.183E-01  0.656E-02  0.959E-02  0.000E+00  0.000E+00  0.000E+00
  0.57000  0.09402  0.47629  0.48050  0.279E-01  0.661E-02  0.525E-05  0.394E-04  0.183E-01  0.657E-02  0.959E-02  0.000E+00  0.000E+00  0.000E+00
  0.57000  0.09354  0.47682  0.48100  0.278E-01  0.661E-02  0.495E-05  0.379E-04  0.183E-01  0.657E-02  0.959E-02  0.000E+00  0.000E+00  0.000E+00
  0.57000  0.09306  0.47734  0.48150  0.278E-01  0.662E-02  0.466E-05  0.363E-04  0.182E-01  0.658E-02  0.958E-02  0.000E+00  0.000E+00  0.000E+00
  0.57000  0.09258  0.47786  0.48200  0.278E-01  0.662E-02  0.438E-05  0.348E-04  0.182E-01  0.659E-02  0.958E-02  0.000E+00  0.000E+00  0.000E+00
  0.57000  0.09209  0.47838  0.48250  0.278E-01  0.663E-02  0.412E-05  0.333E-04  0.182E-01  0.659E-02  0.958E-02  0.000E+00  0.000E+00  0.000E+00
  0.57000  0.09161  0.47890  0.48300  0.277E-01  0.663E-02  0.386E-05  0.318E-04  0.182E-01  0.660E-02  0.957E-02  0.000E+00  0.000E+00  0.000E+00
  0.57000  0.09113  0.47942  0.48350  0.277E-01  0.664E-02  0.362E-05  0.304E-04  0.181E-01  0.661E-02  0.957E-02  0.000E+00  0.000E+00  0.000E+00
  0.57000  0.09064  0.47995  0.48400  0.277E-01  0.664E-02  0.339E-05  0.290E-04  0.181E-01  0.661E-02  0.957E-02  0.000E+00  0.000E+00  0.000E+00
  0.57000  0.09016  0.48047  0.48450  0.277E-01  0.665E-02  0.316E-05  0.276E-04  0.181E-01  0.662E-02  0.956E-02  0.000E+00  0.000E+00  0.000E+00
  0.57000  0.08967  0.48099  0.48500  0.276E-01  0.665E-02  0.295E-05  0.263E-04  0.181E-01  0.663E-02  0.956E-02  0.000E+00  0.000E+00  0.000E+00
  0.57000  0.08919  0.48151  0.48550  0.276E-01  0.666E-02  0.275E-05  0.250E-04  0.181E-01  0.664E-02  0.955E-02  0.000E+00  0.000E+00  0.000E+00
  0.57000  0.08870  0.48203  0.48600  0.276E-01  0.667E-02  0.255E-05  0.237E-04  0.180E-01  0.664E-02  0.955E-02  0.000E+00  0.000E+00  0.000E+00
  0.57000  0.08822  0.48255  0.48650  0.276E-01  0.667E-02  0.237E-05  0.224E-04  0.180E-01  0.665E-02  0.955E-02  0.000E+00  0.000E+00  0.000E+00
  0.57000  0.08773  0.48308  0.48700  0.275E-01  0.668E-02  0.219E-05  0.212E-04  0.180E-01  0.666E-02  0.954E-02  0.000E+00  0.000E+00  0.000E+00
  0.57000  0.08724  0.48360  0.48750  0.275E-01  0.668E-02  0.203E-05  0.200E-04  0.180E-01  0.666E-02  0.954E-02  0.000E+00  0.000E+00  0.000E+00
  0.57000  0.08676  0.48412  0.48800  0.275E-01  0.669E-02  0.187E-05  0.189E-04  0.179E-01  0.667E-02  0.953E-02  0.000E+00  0.000E+00  0.000E+00
  0.57000  0.08627  0.48464  0.48850  0.275E-01  0.670E-02  0.172E-05  0.177E-04  0.179E-01  0.668E-02  0.953E-02  0.000E+00  0.000E+00  0.000E+00
  0.57000  0.08578  0.48516  0.48900  0.274E-01  0.670E-02  0.157E-05  0.166E-04  0.179E-01  0.669E-02  0.952E-02  0.000E+00  0.000E+00  0.000E+00
  0.57000  0.08529  0.48568  0.48950  0.274E-01  0.671E-02  0.144E-05  0.156E-04  0.179E-01  0.669E-02  0.952E-02  0.000E+00  0.000E+00  0.000E+00
  0.57000  0.08480  0.48621  0.49000  0.274E-01  0.672E-02  0.131E-05  0.145E-04  0.179E-01  0.670E-02  0.951E-02  0.000E+00  0.000E+00  0.000E+00
  0.57000  0.08431  0.48673  0.49050  0.273E-01  0.672E-02  0.120E-05  0.135E-04  0.178E-01  0.671E-02  0.950E-02  0.000E+00  0.000E+00  0.000E+00
  0.57000  0.08382  0.48725  0.49100  0.273E-01  0.673E-02  0.108E-05  0.126E-04  0.178E-01  0.672E-02  0.950E-02  0.000E+00  0.000E+00  0.000E+00
  0.57000  0.08333  0.48777  0.49150  0.273E-01  0.674E-02  0.979E-06  0.116E-04  0.178E-01  0.673E-02  0.949E-02  0.000E+00  0.000E+00  0.000E+00
  0.57000  0.08284  0.48829  0.49200  0.273E-01  0.675E-02  0.881E-06  0.107E-04  0.178E-01  0.674E-02  0.949E-02  0.000E+00  0.000E+00  0.000E+00
  0.57000  0.08234  0.48882  0.49250  0.272E-01  0.675E-02  0.789E-06  0.988E-05  0.177E-01  0.674E-02  0.948E-02  0.000E+00  0.000E+00  0.000E+00
  0.57000  0.08185  0.48934  0.49300  0.272E-01  0.676E-02  0.704E-06  0.905E-05  0.177E-01  0.675E-02  0.947E-02  0.000E+00  0.000E+00  0.000E+00
  0.57000  0.08136  0.48986  0.49350  0.272E-01  0.677E-02  0.625E-06  0.825E-05  0.177E-01  0.676E-02  0.947E-02  0.000E+00  0.000E+00  0.000E+00
  0.57000  0.08086  0.49038  0.49400  0.271E-01  0.678E-02  0.552E-06  0.749E-05  0.177E-01  0.677E-02  0.946E-02  0.000E+00  0.000E+00  0.000E+00
  0.57000  0.08037  0.49091  0.49450  0.271E-01  0.679E-02  0.485E-06  0.676E-05  0.176E-01  0.678E-02  0.945E-02  0.000E+00  0.000E+00  0.000E+00
  0.57000  0.07987  0.49143  0.49500  0.271E-01  0.679E-02  0.423E-06  0.606E-05  0.176E-01  0.679E-02  0.945E-02  0.000E+00  0.000E+00  0.000E+00
  0.57000  0.07938  0.49195  0.49550  0.270E-01  0.680E-02  0.366E-06  0.540E-05  0.176E-01  0.680E-02  0.944E-02  0.000E+00  0.000E+00  0.000E+00
  0.57000  0.07888  0.49247  0.49600  0.270E-01  0.681E-02  0.314E-06  0.478E-05  0.176E-01  0.681E-02  0.943E-02  0.000E+00  0.000E+00  0.000E+00
  0.57000  0.07839  0.49299  0.49650  0.270E-01  0.682E-02  0.267E-06  0.419E-05  0.176E-01  0.682E-02  0.942E-02  0.000E+00  0.000E+00  0.000E+00
  0.57000  0.07789  0.49352  0.49700  0.270E-01  0.683E-02  0.225E-06  0.364E-05  0.175E-01  0.683E-02  0.942E-02  0.000E+00  0.000E+00  0.000E+00
  0.57000  0.07739  0.49404  0.49750  0.269E-01  0.684E-02  0.187E-06  0.313E-05  0.175E-01  0.684E-02  0.941E-02  0.000E+00  0.000E+00  0.000E+00
  0.57000  0.07690  0.49456  0.49800  0.269E-01  0.685E-02  0.154E-06  0.265E-05  0.175E-01  0.685E-02  0.940E-02  0.000E+00  0.000E+00  0.000E+00
  0.57000  0.07640  0.49508  0.49850  0.269E-01  0.686E-02  0.124E-06  0.221E-05  0.175E-01  0.686E-02  0.939E-02  0.000E+00  0.000E+00  0.000E+00
  0.57000  0.07590  0.49560  0.49900  0.268E-01  0.687E-02  0.982E-07  0.181E-05  0.174E-01  0.687E-02  0.938E-02  0.000E+00  0.000E+00  0.000E+00
  0.57000  0.07540  0.49613  0.49950  0.268E-01  0.689E-02  0.759E-07  0.145E-05  0.174E-01  0.688E-02  0.938E-02  0.000E+00  0.000E+00  0.000E+00
  0.57000  0.07490  0.49665  0.50000  0.268E-01  0.690E-02  0.569E-07  0.113E-05  0.174E-01  0.690E-02  0.937E-02  0.000E+00  0.000E+00  0.000E+00
  0.57000  0.07440  0.49717  0.50050  0.267E-01  0.691E-02  0.410E-07  0.842E-06  0.174E-01  0.691E-02  0.936E-02  0.000E+00  0.000E+00  0.000E+00
  0.57000  0.07390  0.49769  0.50100  0.267E-01  0.692E-02  0.281E-07  0.599E-06  0.174E-01  0.692E-02  0.935E-02  0.000E+00  0.000E+00  0.000E+00
  0.57000  0.07340  0.49822  0.50150  0.267E-01  0.693E-02  0.178E-07  0.396E-06  0.173E-01  0.693E-02  0.934E-02  0.000E+00  0.000E+00  0.000E+00
  0.57000  0.07290  0.49874  0.50200  0.266E-01  0.695E-02  0.101E-07  0.234E-06  0.173E-01  0.695E-02  0.933E-02  0.000E+00  0.000E+00  0.000E+00
  0.57000  0.07239  0.49926  0.50250  0.266E-01  0.696E-02  0.475E-08  0.115E-06  0.173E-01  0.696E-02  0.932E-02  0.000E+00  0.000E+00  0.000E+00
  0.57000  0.07189  0.49978  0.50300  0.266E-01  0.697E-02  0.147E-08  0.369E-07  0.173E-01  0.697E-02  0.931E-02  0.000E+00  0.000E+00  0.000E+00
  0.57000  0.07139  0.50031  0.50350  0.266E-01  0.699E-02  0.765E-10  0.201E-08  0.173E-01  0.699E-02  0.930E-02  0.000E+00  0.000E+00  0.000E+00
  0.57000  0.07088  0.50083  0.50400  0.265E-01  0.700E-02  0.000E+00  0.000E+00  0.172E-01  0.700E-02  0.929E-02  0.000E+00  0.000E+00  0.000E+00
  0.57000  0.07038  0.50135  0.50450  0.265E-01  0.702E-02  0.000E+00  0.000E+00  0.172E-01  0.702E-02  0.928E-02  0.000E+00  0.000E+00  0.000E+00
  0.57000  0.06987  0.50187  0.50500  0.265E-01  0.703E-02  0.000E+00  0.000E+00  0.172E-01  0.703E-02  0.927E-02  0.000E+00  0.000E+00  0.000E+00
  0.57000  0.06937  0.50240  0.50550  0.264E-01  0.705E-02  0.000E+00  0.000E+00  0.172E-01  0.705E-02  0.926E-02  0.000E+00  0.000E+00  0.000E+00
  0.57000  0.06886  0.50292  0.50600  0.264E-01  0.707E-02  0.000E+00  0.000E+00  0.172E-01  0.707E-02  0.925E-02  0.000E+00  0.000E+00  0.000E+00
  0.57000  0.06836  0.50344  0.50650  0.264E-01  0.708E-02  0.000E+00  0.000E+00  0.171E-01  0.708E-02  0.924E-02  0.000E+00  0.000E+00  0.000E+00
  0.57000  0.06785  0.50396  0.50700  0.263E-01  0.710E-02  0.000E+00  0.000E+00  0.171E-01  0.710E-02  0.922E-02  0.000E+00  0.000E+00  0.000E+00
  0.57000  0.06734  0.50449  0.50750  0.263E-01  0.712E-02  0.000E+00  0.000E+00  0.171E-01  0.712E-02  0.921E-02  0.000E+00  0.000E+00  0.000E+00
  0.57000  0.06684  0.50501  0.50800  0.263E-01  0.714E-02  0.000E+00  0.000E+00  0.171E-01  0.714E-02  0.920E-02  0.000E+00  0.000E+00  0.000E+00
  0.57000  0.06633  0.50553  0.50850  0.262E-01  0.716E-02  0.000E+00  0.000E+00  0.171E-01  0.716E-02  0.919E-02  0.000E+00  0.000E+00  0.000E+00
  0.57000  0.06582  0.50606  0.50900  0.262E-01  0.718E-02  0.000E+00  0.000E+00  0.170E-01  0.718E-02  0.918E-02  0.000E+00  0.000E+00  0.000E+00
  0.57000  0.06531  0.50658  0.50950  0.262E-01  0.720E-02  0.000E+00  0.000E+00  0.170E-01  0.720E-02  0.916E-02  0.000E+00  0.000E+00  0.000E+00
  0.57000  0.06480  0.50710  0.51000  0.262E-01  0.722E-02  0.000E+00  0.000E+00  0.170E-01  0.722E-02  0.915E-02  0.000E+00  0.000E+00  0.000E+00
  0.57000  0.06429  0.50762  0.51050  0.261E-01  0.724E-02  0.000E+00  0.000E+00  0.170E-01  0.724E-02  0.914E-02  0.000E+00  0.000E+00  0.000E+00
  0.57000  0.06378  0.50815  0.51100  0.261E-01  0.726E-02  0.000E+00  0.000E+00  0.170E-01  0.726E-02  0.912E-02  0.000E+00  0.000E+00  0.000E+00
  0.57000  0.06327  0.50867  0.51150  0.261E-01  0.728E-02  0.000E+00  0.000E+00  0.170E-01  0.728E-02  0.911E-02  0.000E+00  0.000E+00  0.000E+00
  0.57000  0.06276  0.50919  0.51200  0.260E-01  0.731E-02  0.000E+00  0.000E+00  0.169E-01  0.731E-02  0.910E-02  0.000E+00  0.000E+00  0.000E+00
  0.57000  0.06224  0.50972  0.51250  0.260E-01  0.733E-02  0.000E+00  0.000E+00  0.169E-01  0.733E-02  0.908E-02  0.000E+00  0.000E+00  0.000E+00
  0.57000  0.06173  0.51024  0.51300  0.260E-01  0.736E-02  0.000E+00  0.000E+00  0.169E-01  0.736E-02  0.907E-02  0.000E+00  0.000E+00  0.000E+00
  0.57000  0.06122  0.51076  0.51350  0.259E-01  0.738E-02  0.000E+00  0.000E+00  0.169E-01  0.738E-02  0.905E-02  0.000E+00  0.000E+00  0.000E+00
  0.57000  0.06070  0.51128  0.51400  0.259E-01  0.741E-02  0.000E+00  0.000E+00  0.169E-01  0.741E-02  0.904E-02  0.000E+00  0.000E+00  0.000E+00
  0.57000  0.06019  0.51181  0.51450  0.259E-01  0.744E-02  0.000E+00  0.000E+00  0.169E-01  0.744E-02  0.903E-02  0.000E+00  0.000E+00  0.000E+00
  0.57000  0.05967  0.51233  0.51500  0.259E-01  0.747E-02  0.000E+00  0.000E+00  0.168E-01  0.747E-02  0.901E-02  0.000E+00  0.000E+00  0.000E+00
  0.57000  0.05916  0.51285  0.51550  0.258E-01  0.750E-02  0.000E+00  0.000E+00  0.168E-01  0.750E-02  0.899E-02  0.000E+00  0.000E+00  0.000E+00
  0.57000  0.05864  0.51338  0.51600  0.258E-01  0.753E-02  0.000E+00  0.000E+00  0.168E-01  0.753E-02  0.898E-02  0.000E+00  0.000E+00  0.000E+00
  0.57000  0.05813  0.51390  0.51650  0.258E-01  0.756E-02 -0.000E+00  0.000E+00  0.168E-01  0.756E-02  0.896E-02  0.000E+00  0.000E+00  0.000E+00
  0.57000  0.05761  0.51442  0.51700  0.257E-01  0.759E-02 -0.000E+00  0.000E+00  0.168E-01  0.759E-02  0.895E-02  0.000E+00  0.000E+00  0.000E+00
  0.57000  0.05709  0.51495  0.51750  0.257E-01  0.762E-02 -0.000E+00  0.000E+00  0.168E-01  0.762E-02  0.893E-02  0.000E+00  0.000E+00  0.000E+00
  0.57000  0.05658  0.51547  0.51800  0.257E-01  0.766E-02 -0.000E+00  0.000E+00  0.168E-01  0.766E-02  0.892E-02  0.000E+00  0.000E+00  0.000E+00
  0.57000  0.05606  0.51599  0.51850  0.257E-01  0.769E-02 -0.000E+00  0.000E+00  0.168E-01  0.769E-02  0.890E-02  0.000E+00  0.000E+00  0.000E+00
  0.57000  0.05554  0.51652  0.51900  0.256E-01  0.773E-02 -0.000E+00  0.000E+00  0.167E-01  0.773E-02  0.888E-02  0.000E+00  0.000E+00  0.000E+00
  0.57000  0.05502  0.51704  0.51950  0.256E-01  0.776E-02 -0.000E+00  0.000E+00  0.167E-01  0.776E-02  0.886E-02  0.000E+00  0.000E+00  0.000E+00
  0.57000  0.05450  0.51756  0.52000  0.256E-01  0.780E-02 -0.000E+00  0.000E+00  0.167E-01  0.780E-02  0.885E-02  0.000E+00  0.000E+00  0.000E+00
  0.57000  0.05398  0.51809  0.52050  0.255E-01  0.784E-02 -0.000E+00  0.000E+00  0.167E-01  0.784E-02  0.883E-02  0.000E+00  0.000E+00  0.000E+00
  0.57000  0.05346  0.51861  0.52100  0.255E-01  0.788E-02 -0.000E+00  0.000E+00  0.167E-01  0.788E-02  0.881E-02  0.000E+00  0.000E+00  0.000E+00
  0.57000  0.05294  0.51913  0.52150  0.255E-01  0.793E-02 -0.000E+00  0.000E+00  0.167E-01  0.793E-02  0.879E-02  0.000E+00  0.000E+00  0.000E+00
  0.57000  0.05242  0.51966  0.52200  0.255E-01  0.797E-02 -0.000E+00  0.000E+00  0.167E-01  0.797E-02  0.877E-02  0.000E+00  0.000E+00  0.000E+00
  0.57000  0.05189  0.52018  0.52250  0.254E-01  0.801E-02 -0.000E+00  0.000E+00  0.167E-01  0.801E-02  0.876E-02  0.000E+00  0.000E+00  0.000E+00
  0.57000  0.05137  0.52070  0.52300  0.254E-01  0.806E-02 -0.000E+00  0.000E+00  0.167E-01  0.806E-02  0.874E-02  0.000E+00  0.000E+00  0.000E+00
  0.57000  0.05085  0.52123  0.52350  0.254E-01  0.811E-02 -0.000E+00  0.000E+00  0.167E-01  0.811E-02  0.872E-02  0.000E+00  0.000E+00  0.000E+00
  0.57000  0.05032  0.52175  0.52400  0.254E-01  0.816E-02 -0.000E+00  0.000E+00  0.167E-01  0.816E-02  0.870E-02  0.000E+00  0.000E+00  0.000E+00
  0.57000  0.04980  0.52227  0.52450  0.253E-01  0.821E-02 -0.000E+00  0.000E+00  0.167E-01  0.821E-02  0.868E-02  0.000E+00  0.000E+00  0.000E+00
  0.57000  0.04927  0.52280  0.52500  0.253E-01  0.826E-02 -0.000E+00  0.000E+00  0.166E-01  0.826E-02  0.866E-02  0.000E+00  0.000E+00  0.000E+00
  0.57000  0.04875  0.52332  0.52550  0.253E-01  0.831E-02 -0.000E+00  0.000E+00  0.166E-01  0.831E-02  0.864E-02  0.000E+00  0.000E+00  0.000E+00
  0.57000  0.04822  0.52384  0.52600  0.253E-01  0.837E-02 -0.000E+00  0.000E+00  0.166E-01  0.837E-02  0.862E-02  0.000E+00  0.000E+00  0.000E+00
  0.57000  0.04770  0.52437  0.52650  0.252E-01  0.843E-02 -0.000E+00  0.000E+00  0.166E-01  0.843E-02  0.860E-02  0.000E+00  0.000E+00  0.000E+00
  0.57000  0.04717  0.52489  0.52700  0.252E-01  0.849E-02 -0.000E+00  0.000E+00  0.166E-01  0.849E-02  0.858E-02  0.000E+00  0.000E+00  0.000E+00
  0.57000  0.04664  0.52541  0.52750  0.252E-01  0.855E-02 -0.000E+00  0.000E+00  0.166E-01  0.855E-02  0.856E-02  0.000E+00  0.000E+00  0.000E+00
  0.57000  0.04612  0.52594  0.52800  0.252E-01  0.861E-02 -0.000E+00  0.000E+00  0.166E-01  0.861E-02  0.853E-02  0.000E+00  0.000E+00  0.000E+00
  0.57000  0.04559  0.52646  0.52850  0.251E-01  0.867E-02 -0.000E+00  0.000E+00  0.166E-01  0.867E-02  0.851E-02  0.000E+00  0.000E+00  0.000E+00
  0.57000  0.04506  0.52698  0.52900  0.251E-01  0.874E-02 -0.000E+00  0.000E+00  0.166E-01  0.874E-02  0.849E-02  0.000E+00  0.000E+00  0.000E+00
  0.57000  0.04453  0.52751  0.52950  0.251E-01  0.881E-02 -0.000E+00  0.000E+00  0.166E-01  0.881E-02  0.847E-02  0.000E+00  0.000E+00  0.000E+00
  0.57000  0.04400  0.52803  0.53000  0.251E-01  0.888E-02 -0.000E+00  0.000E+00  0.166E-01  0.888E-02  0.845E-02  0.000E+00  0.000E+00  0.000E+00
  0.57000  0.04347  0.52856  0.53050  0.250E-01  0.895E-02 -0.000E+00  0.000E+00  0.166E-01  0.895E-02  0.842E-02  0.000E+00  0.000E+00  0.000E+00
  0.57000  0.04294  0.52908  0.53100  0.250E-01  0.903E-02 -0.000E+00  0.000E+00  0.166E-01  0.903E-02  0.840E-02  0.000E+00  0.000E+00  0.000E+00
  0.57000  0.04241  0.52960  0.53150  0.250E-01  0.911E-02 -0.000E+00  0.000E+00  0.166E-01  0.911E-02  0.838E-02  0.000E+00  0.000E+00  0.000E+00
  0.57000  0.04188  0.53013  0.53200  0.250E-01  0.919E-02 -0.000E+00  0.000E+00  0.166E-01  0.919E-02  0.835E-02  0.000E+00  0.000E+00  0.000E+00
  0.57000  0.04134  0.53065  0.53250  0.250E-01  0.927E-02 -0.000E+00  0.000E+00  0.166E-01  0.927E-02  0.833E-02  0.000E+00  0.000E+00  0.000E+00
  0.57000  0.04081  0.53117  0.53300  0.249E-01  0.936E-02 -0.000E+00  0.000E+00  0.166E-01  0.936E-02  0.831E-02  0.000E+00  0.000E+00  0.000E+00
  0.57000  0.04028  0.53170  0.53350  0.249E-01  0.945E-02 -0.000E+00  0.000E+00  0.166E-01  0.945E-02  0.828E-02  0.000E+00  0.000E+00  0.000E+00
  0.57000  0.03974  0.53222  0.53400  0.249E-01  0.954E-02 -0.000E+00  0.000E+00  0.166E-01  0.954E-02  0.826E-02  0.000E+00  0.000E+00  0.000E+00
  0.57000  0.03921  0.53275  0.53450  0.249E-01  0.963E-02 -0.000E+00  0.000E+00  0.166E-01  0.963E-02  0.823E-02  0.000E+00  0.000E+00  0.000E+00
  0.57000  0.03867  0.53327  0.53500  0.249E-01  0.973E-02 -0.000E+00  0.000E+00  0.167E-01  0.973E-02  0.821E-02  0.000E+00  0.000E+00  0.000E+00
  0.57000  0.03814  0.53379  0.53550  0.248E-01  0.983E-02 -0.000E+00  0.000E+00  0.167E-01  0.983E-02  0.818E-02  0.000E+00  0.000E+00  0.000E+00
  0.57000  0.03760  0.53432  0.53600  0.248E-01  0.993E-02 -0.000E+00  0.000E+00  0.167E-01  0.993E-02  0.816E-02  0.000E+00  0.000E+00  0.000E+00
  0.57000  0.03707  0.53484  0.53650  0.248E-01  0.100E-01 -0.000E+00  0.000E+00  0.167E-01  0.100E-01  0.813E-02  0.000E+00  0.000E+00  0.000E+00
  0.57000  0.03653  0.53537  0.53700  0.248E-01  0.102E-01 -0.000E+00  0.000E+00  0.167E-01  0.102E-01  0.811E-02  0.000E+00  0.000E+00  0.000E+00
  0.57000  0.03599  0.53589  0.53750  0.248E-01  0.103E-01 -0.000E+00  0.000E+00  0.167E-01  0.103E-01  0.808E-02  0.000E+00  0.000E+00  0.000E+00
  0.57000  0.03546  0.53641  0.53800  0.248E-01  0.104E-01 -0.000E+00  0.000E+00  0.167E-01  0.104E-01  0.805E-02  0.000E+00  0.000E+00  0.000E+00
  0.57000  0.03492  0.53694  0.53850  0.247E-01  0.105E-01 -0.000E+00  0.000E+00  0.167E-01  0.105E-01  0.803E-02  0.000E+00  0.000E+00  0.000E+00
  0.57000  0.03438  0.53746  0.53900  0.247E-01  0.106E-01 -0.000E+00  0.000E+00  0.167E-01  0.106E-01  0.800E-02  0.000E+00  0.000E+00  0.000E+00
  0.57000  0.03384  0.53799  0.53950  0.247E-01  0.108E-01 -0.000E+00  0.000E+00  0.167E-01  0.108E-01  0.797E-02  0.000E+00  0.000E+00  0.000E+00
  0.57000  0.03330  0.53851  0.54000  0.247E-01  0.109E-01 -0.000E+00  0.000E+00  0.168E-01  0.109E-01  0.795E-02  0.000E+00  0.000E+00  0.000E+00
  0.57000  0.03276  0.53903  0.54050  0.247E-01  0.110E-01 -0.000E+00  0.000E+00  0.168E-01  0.110E-01  0.792E-02  0.000E+00  0.000E+00  0.000E+00
  0.57000  0.03222  0.53956  0.54100  0.247E-01  0.112E-01 -0.000E+00  0.000E+00  0.168E-01  0.112E-01  0.789E-02  0.000E+00  0.000E+00  0.000E+00
  0.57000  0.03168  0.54008  0.54150  0.247E-01  0.113E-01 -0.000E+00  0.000E+00  0.168E-01  0.113E-01  0.787E-02  0.000E+00  0.000E+00  0.000E+00
  0.57000  0.03114  0.54061  0.54200  0.247E-01  0.115E-01 -0.000E+00  0.000E+00  0.168E-01  0.115E-01  0.784E-02  0.000E+00  0.000E+00  0.000E+00
  0.57000  0.03059  0.54113  0.54250  0.246E-01  0.117E-01 -0.000E+00  0.000E+00  0.168E-01  0.117E-01  0.781E-02  0.000E+00  0.000E+00  0.000E+00
  0.57000  0.03005  0.54166  0.54300  0.246E-01  0.118E-01 -0.000E+00  0.000E+00  0.169E-01  0.118E-01  0.778E-02  0.000E+00  0.000E+00  0.000E+00
  0.57000  0.02951  0.54218  0.54350  0.246E-01  0.120E-01 -0.000E+00  0.000E+00  0.169E-01  0.120E-01  0.775E-02  0.000E+00  0.000E+00  0.000E+00
  0.57000  0.02896  0.54270  0.54400  0.246E-01  0.122E-01 -0.000E+00  0.000E+00  0.169E-01  0.122E-01  0.773E-02  0.000E+00  0.000E+00  0.000E+00
  0.57000  0.02842  0.54323  0.54450  0.246E-01  0.124E-01 -0.000E+00  0.000E+00  0.169E-01  0.124E-01  0.770E-02  0.000E+00  0.000E+00  0.000E+00
  0.57000  0.02787  0.54375  0.54500  0.246E-01  0.126E-01 -0.000E+00  0.000E+00  0.169E-01  0.126E-01  0.767E-02  0.000E+00  0.000E+00  0.000E+00
  0.57000  0.02733  0.54428  0.54550  0.246E-01  0.128E-01 -0.000E+00  0.000E+00  0.170E-01  0.128E-01  0.764E-02  0.000E+00  0.000E+00  0.000E+00
  0.57000  0.02678  0.54480  0.54600  0.246E-01  0.130E-01 -0.000E+00  0.000E+00  0.170E-01  0.130E-01  0.761E-02  0.000E+00  0.000E+00  0.000E+00
  0.57000  0.02624  0.54533  0.54650  0.246E-01  0.132E-01 -0.000E+00  0.000E+00  0.170E-01  0.132E-01  0.758E-02  0.000E+00  0.000E+00  0.000E+00
  0.57000  0.02569  0.54585  0.54700  0.246E-01  0.134E-01 -0.000E+00  0.000E+00  0.170E-01  0.134E-01  0.755E-02  0.000E+00  0.000E+00  0.000E+00
  0.57000  0.02514  0.54638  0.54750  0.246E-01  0.137E-01 -0.000E+00  0.000E+00  0.171E-01  0.137E-01  0.753E-02  0.000E+00  0.000E+00  0.000E+00
  0.57000  0.02460  0.54690  0.54800  0.246E-01  0.139E-01 -0.000E+00  0.000E+00  0.171E-01  0.139E-01  0.750E-02  0.000E+00  0.000E+00  0.000E+00
  0.57000  0.02405  0.54742  0.54850  0.246E-01  0.142E-01 -0.000E+00  0.000E+00  0.171E-01  0.142E-01  0.747E-02  0.000E+00  0.000E+00  0.000E+00
  0.57000  0.02350  0.54795  0.54900  0.246E-01  0.145E-01 -0.000E+00  0.000E+00  0.171E-01  0.145E-01  0.744E-02  0.000E+00  0.000E+00  0.000E+00
  0.57000  0.02295  0.54847  0.54950  0.246E-01  0.148E-01 -0.000E+00  0.000E+00  0.172E-01  0.148E-01  0.741E-02  0.000E+00  0.000E+00  0.000E+00
  0.57000  0.02240  0.54900  0.55000  0.246E-01  0.151E-01 -0.000E+00  0.000E+00  0.172E-01  0.151E-01  0.738E-02  0.000E+00  0.000E+00  0.000E+00
  0.57000  0.02185  0.54952  0.55050  0.246E-01  0.154E-01 -0.000E+00  0.000E+00  0.172E-01  0.154E-01  0.735E-02  0.000E+00  0.000E+00  0.000E+00
  0.57000  0.02130  0.55005  0.55100  0.246E-01  0.158E-01 -0.000E+00  0.000E+00  0.173E-01  0.158E-01  0.733E-02  0.000E+00  0.000E+00  0.000E+00
  0.57000  0.02075  0.55057  0.55150  0.246E-01  0.161E-01 -0.000E+00  0.000E+00  0.173E-01  0.161E-01  0.730E-02  0.000E+00  0.000E+00  0.000E+00
  0.57000  0.02020  0.55110  0.55200  0.246E-01  0.165E-01 -0.000E+00  0.000E+00  0.173E-01  0.165E-01  0.727E-02  0.000E+00  0.000E+00  0.000E+00
  0.57000  0.01964  0.55162  0.55250  0.246E-01  0.169E-01 -0.000E+00  0.000E+00  0.174E-01  0.169E-01  0.724E-02  0.000E+00  0.000E+00  0.000E+00
  0.57000  0.01909  0.55215  0.55300  0.246E-01  0.173E-01 -0.000E+00  0.000E+00  0.174E-01  0.173E-01  0.721E-02  0.000E+00  0.000E+00  0.000E+00
  0.57000  0.01854  0.55267  0.55350  0.246E-01  0.178E-01 -0.000E+00  0.000E+00  0.174E-01  0.178E-01  0.719E-02  0.000E+00  0.000E+00  0.000E+00
  0.57000  0.01798  0.55320  0.55400  0.246E-01  0.183E-01 -0.000E+00  0.000E+00  0.175E-01  0.183E-01  0.716E-02  0.000E+00  0.000E+00  0.000E+00
  0.57000  0.01743  0.55372  0.55450  0.247E-01  0.188E-01 -0.000E+00  0.000E+00  0.175E-01  0.188E-01  0.713E-02  0.000E+00  0.000E+00  0.000E+00
  0.57000  0.01687  0.55425  0.55500  0.247E-01  0.193E-01 -0.000E+00  0.000E+00  0.176E-01  0.193E-01  0.710E-02  0.000E+00  0.000E+00  0.000E+00
  0.57000  0.01632  0.55477  0.55550  0.247E-01  0.199E-01 -0.000E+00  0.000E+00  0.176E-01  0.199E-01  0.708E-02  0.000E+00  0.000E+00  0.000E+00
  0.57000  0.01576  0.55529  0.55600  0.247E-01  0.206E-01 -0.000E+00  0.000E+00  0.177E-01  0.206E-01  0.705E-02  0.000E+00  0.000E+00  0.000E+00
  0.57000  0.01521  0.55582  0.55650  0.247E-01  0.213E-01 -0.000E+00  0.000E+00  0.177E-01  0.213E-01  0.703E-02  0.000E+00  0.000E+00  0.000E+00
  0.57000  0.01465  0.55634  0.55700  0.247E-01  0.220E-01 -0.000E+00  0.000E+00  0.177E-01  0.220E-01  0.700E-02  0.000E+00  0.000E+00  0.000E+00
  0.57000  0.01409  0.55687  0.55750  0.248E-01  0.229E-01 -0.000E+00  0.000E+00  0.178E-01  0.229E-01  0.698E-02  0.000E+00  0.000E+00  0.000E+00
  0.57000  0.01354  0.55739  0.55800  0.248E-01  0.238E-01 -0.000E+00  0.000E+00  0.178E-01  0.238E-01  0.696E-02  0.000E+00  0.000E+00  0.000E+00
  0.57000  0.01298  0.55792  0.55850  0.248E-01  0.248E-01 -0.000E+00  0.000E+00  0.179E-01  0.248E-01  0.693E-02  0.000E+00  0.000E+00  0.000E+00
  0.57000  0.01242  0.55844  0.55900  0.249E-01  0.259E-01 -0.000E+00  0.000E+00  0.179E-01  0.259E-01  0.691E-02  0.000E+00  0.000E+00  0.000E+00
  0.57000  0.01186  0.55897  0.55950  0.249E-01  0.271E-01 -0.000E+00  0.000E+00  0.180E-01  0.271E-01  0.689E-02  0.000E+00  0.000E+00  0.000E+00
  0.57000  0.01130  0.55949  0.56000  0.249E-01  0.285E-01 -0.000E+00  0.000E+00  0.181E-01  0.285E-01  0.687E-02  0.000E+00  0.000E+00  0.000E+00
  0.57000  0.01074  0.56002  0.56050  0.250E-01  0.300E-01 -0.000E+00  0.000E+00  0.181E-01  0.300E-01  0.685E-02  0.000E+00  0.000E+00  0.000E+00
  0.57000  0.01018  0.56054  0.56100  0.250E-01  0.318E-01 -0.000E+00  0.000E+00  0.182E-01  0.318E-01  0.683E-02  0.000E+00  0.000E+00  0.000E+00
  0.57000  0.00962  0.56107  0.56150  0.250E-01  0.338E-01 -0.000E+00  0.000E+00  0.182E-01  0.338E-01  0.682E-02  0.000E+00  0.000E+00  0.000E+00
  0.57000  0.00906  0.56159  0.56200  0.251E-01  0.361E-01 -0.000E+00  0.000E+00  0.183E-01  0.361E-01  0.680E-02  0.000E+00  0.000E+00  0.000E+00
  0.57000  0.00849  0.56212  0.56250  0.251E-01  0.388E-01 -0.000E+00  0.000E+00  0.183E-01  0.388E-01  0.679E-02  0.000E+00  0.000E+00  0.000E+00
  0.57000  0.00793  0.56265  0.56300  0.252E-01  0.419E-01 -0.000E+00  0.000E+00  0.184E-01  0.419E-01  0.678E-02  0.000E+00  0.000E+00  0.000E+00
  0.57000  0.00737  0.56317  0.56350  0.252E-01  0.457E-01 -0.000E+00  0.000E+00  0.185E-01  0.457E-01  0.677E-02  0.000E+00  0.000E+00  0.000E+00
  0.57000  0.00680  0.56370  0.56400  0.253E-01  0.502E-01 -0.000E+00  0.000E+00  0.185E-01  0.502E-01  0.676E-02  0.000E+00  0.000E+00  0.000E+00
  0.57000  0.00624  0.56422  0.56450  0.254E-01  0.556E-01 -0.000E+00  0.000E+00  0.186E-01  0.556E-01  0.675E-02  0.000E+00  0.000E+00  0.000E+00
  0.57000  0.00567  0.56475  0.56500  0.254E-01  0.624E-01 -0.000E+00  0.000E+00  0.187E-01  0.624E-01  0.675E-02  0.000E+00  0.000E+00  0.000E+00
  0.57000  0.00511  0.56527  0.56550  0.255E-01  0.709E-01 -0.000E+00  0.000E+00  0.187E-01  0.709E-01  0.675E-02  0.000E+00  0.000E+00  0.000E+00
  0.57000  0.00454  0.56580  0.56600  0.256E-01  0.818E-01 -0.000E+00  0.000E+00  0.188E-01  0.818E-01  0.675E-02  0.000E+00  0.000E+00  0.000E+00
  0.57000  0.00398  0.56632  0.56650  0.256E-01  0.962E-01 -0.000E+00  0.000E+00  0.189E-01  0.962E-01  0.676E-02  0.000E+00  0.000E+00  0.000E+00
  0.57000  0.00341  0.56685  0.56700  0.257E-01  0.116E+00 -0.000E+00  0.000E+00  0.190E-01  0.116E+00  0.676E-02  0.000E+00  0.000E+00  0.000E+00
  0.57000  0.00284  0.56737  0.56750  0.258E-01  0.143E+00 -0.000E+00  0.000E+00  0.190E-01  0.143E+00  0.678E-02  0.000E+00  0.000E+00  0.000E+00
  0.57000  0.00228  0.56790  0.56800  0.259E-01  0.183E+00 -0.000E+00  0.000E+00  0.191E-01  0.183E+00  0.679E-02  0.000E+00  0.000E+00  0.000E+00
  0.57000  0.00171  0.56842  0.56850  0.260E-01  0.244E+00 -0.000E+00  0.000E+00  0.192E-01  0.244E+00  0.681E-02  0.000E+00  0.000E+00  0.000E+00
  0.57000  0.00114  0.56895  0.56900  0.261E-01  0.345E+00 -0.000E+00  0.000E+00  0.193E-01  0.345E+00  0.684E-02  0.000E+00  0.000E+00  0.000E+00
  0.57000  0.00057  0.56947  0.56950  0.263E-01  0.530E+00 -0.000E+00  0.000E+00  0.194E-01  0.530E+00  0.687E-02  0.000E+00  0.000E+00  0.000E+00
