Z,A,E0,ThetaDeg,nu,cross,error,dataSet
6,12,0.1196,90,0.0071,86760,9860,1
6,12,0.1196,90,0.0121,26350,5890,1
6,12,0.1196,90,0.0171,25810,4670,1
6,12,0.1196,90,0.0221,40060,4770,1
6,12,0.1196,145,0.0021,17100,700,1
6,12,0.1196,145,0.0071,4800,340,1
6,12,0.1196,145,0.0121,2390,210,1
6,12,0.1196,145,0.0171,3280,260,1
6,12,0.1196,145,0.0221,7220,410,1
6,12,0.1597,90,0.0022,122300,5450,1
6,12,0.1597,90,0.0072,45470,2170,1
6,12,0.1597,90,0.0122,22240,1400,1
6,12,0.1597,90,0.0172,13940,1140,1
6,12,0.1597,90,0.0222,19770,1330,1
6,12,0.1597,90,0.0272,22000,1360,1
6,12,0.1597,90,0.0322,23400,1470,1
6,12,0.1597,90,0.0372,22540,1420,1
6,12,0.1597,90,0.0422,21370,1400,1
6,12,0.1597,90,0.0472,19390,1380,1
6,12,0.1597,90,0.0522,17230,1350,1
6,12,0.1597,90,0.0572,14640,1310,1
6,12,0.1597,90,0.0622,12000,1270,1
6,12,0.1597,145,0.0022,718,71,1
6,12,0.1597,145,0.0072,1331,73,1
6,12,0.1597,145,0.0122,947,51,1
6,12,0.1597,145,0.0172,1055,58,1
6,12,0.1597,145,0.0222,3930,170,1
6,12,0.1597,145,0.0272,2770,120,1
6,12,0.1597,145,0.0322,3320,160,1
6,12,0.1597,145,0.0372,4030,180,1
6,12,0.1597,145,0.0422,4900,220,1
6,12,0.1597,145,0.0472,5420,250,1
6,12,0.1597,145,0.0522,5620,270,1
6,12,0.1597,145,0.0572,5500,280,1
6,12,0.1597,145,0.0622,5130,280,1
6,12,0.1999,90,0.0049,1750,110,1
6,12,0.1999,90,0.0099,20370,810,1
6,12,0.1999,90,0.0149,12140,470,1
6,12,0.1999,90,0.0199,9460,420,1
6,12,0.1999,90,0.0249,11500,490,1
6,12,0.1999,90,0.0299,11750,520,1
6,12,0.1999,90,0.0349,12570,540,1
6,12,0.1999,90,0.0399,14300,630,1
6,12,0.1999,90,0.0449,15130,670,1
6,12,0.1999,90,0.0499,15350,670,1
6,12,0.1999,90,0.0549,15280,700,1
6,12,0.1999,90,0.0599,13750,680,1
6,12,0.1999,90,0.0649,12280,650,1
6,12,0.1999,90,0.0699,10840,630,1
6,12,0.1999,90,0.0749,9560,620,1
6,12,0.1999,90,0.0799,7970,570,1
6,12,0.1999,90,0.0849,6050,560,1
6,12,0.1999,90,0.0899,5340,670,1
6,12,0.1999,90,0.0949,4560,570,1
6,12,0.1999,90,0.0999,3700,570,1
6,12,0.1999,145,0.0099,238,19,1
6,12,0.1999,145,0.0149,207,13,1
6,12,0.1999,145,0.0199,840,45,1
6,12,0.1999,145,0.0249,2082,80,1
6,12,0.1999,145,0.0299,1520,67,1
6,12,0.1999,145,0.0349,1822,74,1
6,12,0.1999,145,0.0399,2130,90,1
6,12,0.1999,145,0.0449,2520,100,1
6,12,0.1999,145,0.0499,2940,110,1
6,12,0.1999,145,0.0549,3400,140,1
6,12,0.1999,145,0.0599,3660,150,1
6,12,0.1999,145,0.0649,3750,160,1
6,12,0.1999,145,0.0699,3860,170,1
6,12,0.1999,145,0.0749,3930,180,1
6,12,0.1999,145,0.0799,3730,170,1
6,12,0.1999,145,0.0849,3440,180,1
6,12,0.1999,145,0.0899,3100,170,1
6,12,0.1999,145,0.0949,2820,160,1
6,12,0.1999,145,0.0999,2480,150,1
6,12,0.2411,90,0.0036,210,20,1
6,12,0.2411,90,0.0086,4570,160,1
6,12,0.2411,90,0.0136,4830,130,1
6,12,0.2411,90,0.0186,4020,140,1
6,12,0.2411,90,0.023,5860,190,1
6,12,0.2411,90,0.0286,4980,180,1
6,12,0.2411,90,0.0336,6010,200,1
6,12,0.2411,90,0.0386,6790,220,1
6,12,0.2411,90,0.0436,8100,290,1
6,12,0.2411,90,0.0486,8690,290,1
6,12,0.2411,90,0.0536,9400,310,1
6,12,0.2411,90,0.0586,9920,330,1
6,12,0.2411,90,0.0636,10330,350,1
6,12,0.2411,90,0.0686,9950,360,1
6,12,0.2411,90,0.0736,9970,360,1
6,12,0.2411,90,0.0785,9330,360,1
6,12,0.2411,90,0.0836,8480,350,1
6,12,0.2411,90,0.0886,7560,330,1
6,12,0.2411,90,0.0936,6660,320,1
6,12,0.2411,90,0.0986,5880,310,1
6,12,0.2411,90,0.1036,4910,290,1
6,12,0.2411,90,0.1086,4320,280,1
6,12,0.2411,90,0.1136,3560,270,1
6,12,0.2411,90,0.1186,3130,260,1
6,12,0.2411,90,0.1236,2630,260,1
6,12,0.2411,90,0.1286,2450,280,1
6,12,0.2411,90,0.1336,2070,280,1
6,12,0.2411,90,0.1386,1990,310,1
6,12,0.2411,145,0.0086,27,4,1
6,12,0.2411,145,0.0136,29,3,1
6,12,0.2411,145,0.0186,15,4,1
6,12,0.2411,145,0.0236,186,14,1
6,12,0.2411,145,0.0286,816,47,1
6,12,0.2411,145,0.0336,652,30,1
6,12,0.2411,145,0.0386,908,40,1
6,12,0.2411,145,0.0436,1070,53,1
6,12,0.2411,145,0.0586,1280,58,1
6,12,0.2411,145,0.0636,1913,70,1
6,12,0.2411,145,0.0686,2051,75,1
6,12,0.2411,145,0.0736,2182,81,1
6,12,0.2411,145,0.078,2410,90,1
6,12,0.2411,145,0.0836,2630,102,1
6,12,0.2411,145,0.0886,2657,102,1
6,12,0.2411,145,0.0936,2704,106,1
6,12,0.2411,145,0.0986,2613,114,1
6,12,0.2411,145,0.1036,2613,114,1
6,12,0.2411,145,0.1086,2400,110,1
6,12,0.2411,145,0.1136,2322,111,1
6,12,0.2411,145,0.1186,2063,101,1
6,12,0.2411,145,0.1236,1824,100,1
6,12,0.2411,145,0.1286,1582,100,1
6,12,0.2411,145,0.1336,1491,92,1
6,12,0.2411,145,0.1386,1253,87,1
6,12,0.2801,90,0.0076,140,20,1
6,12,0.2801,90,0.0126,1540,70,1
6,12,0.2801,90,0.0176,930,60,1
6,12,0.2801,90,0.0226,1910,70,1
6,12,0.2801,90,0.0276,3320,110,1
6,12,0.2801,90,0.0326,2840,100,1
6,12,0.2801,90,0.0376,3580,140,1
6,12,0.2801,90,0.0426,3960,130,1
6,12,0.2801,90,0.0476,4600,140,1
6,12,0.2801,90,0.0526,5220,150,1
6,12,0.2801,90,0.0576,5690,170,1
6,12,0.2801,90,0.0622,6180,190,1
6,12,0.2801,90,0.0676,6630,210,1
6,12,0.2801,90,0.0725,6810,210,1
6,12,0.2801,90,0.0776,7150,230,1
6,12,0.2801,90,0.0826,7210,250,1
6,12,0.2801,90,0.0876,6950,240,1
6,12,0.2801,90,0.0926,6680,230,1
6,12,0.2801,90,0.0976,6410,230,1
6,12,0.2801,90,0.1026,5950,240,1
6,12,0.2801,90,0.1076,5370,230,1
6,12,0.2801,90,0.1126,4620,220,1
6,12,0.2801,90,0.1176,4410,210,1
6,12,0.2801,90,0.1226,3810,210,1
6,12,0.2801,90,0.1276,3350,190,1
6,12,0.2801,90,0.1326,2920,180,1
6,12,0.2801,90,0.1376,2500,180,1
6,12,0.2801,90,0.1426,2350,180,1
6,12,0.2801,90,0.1476,2040,170,1
6,12,0.2801,90,0.1526,1850,180,1
6,12,0.2801,90,0.1576,1710,180,1
6,12,0.2801,90,0.1626,1530,180,1
6,12,0.2801,90,0.1676,1550,210,1
6,12,0.2801,90,0.1726,1510,220,1
6,12,0.2801,90,0.1776,1230,230,1
6,12,0.2801,145,0.0226,8,5,1
6,12,0.2801,145,0.0276,75,7,1
6,12,0.2801,145,0.0326,290,15,1
6,12,0.2801,145,0.0376,250,18,1
6,12,0.2801,145,0.0426,354,17,1
6,12,0.2801,145,0.0476,434,18,1
6,12,0.2801,145,0.0526,552,19,1
6,12,0.2801,145,0.0576,720,28,1
6,12,0.2801,145,0.0626,810,30,1
6,12,0.2801,145,0.0676,973,40,1
6,12,0.2801,145,0.0726,1042,37,1
6,12,0.2801,145,0.0776,1190,41,1
6,12,0.2801,145,0.0826,1322,53,1
6,12,0.2801,145,0.0876,1518,51,1
6,12,0.2801,145,0.0926,1584,54,1
6,12,0.2801,145,0.0976,1672,56,1
6,12,0.2801,145,0.1026,1811,65,1
6,12,0.2801,145,0.1076,1860,68,1
6,12,0.2801,145,0.1126,1892,71,1
6,12,0.2801,145,0.1276,1891,76,1
6,12,0.2801,145,0.1326,1753,77,1
6,12,0.2801,145,0.1376,1702,82,1
6,12,0.2801,145,0.1426,1550,81,1
6,12,0.2801,145,0.1476,1448,75,1
6,12,0.2801,145,0.1526,1303,76,1
6,12,0.2801,145,0.1576,1156,65,1
6,12,0.2801,145,0.1626,1048,62,1
6,12,0.2801,145,0.1676,897,61,1
6,12,0.2801,145,0.1726,922,61,1
6,12,0.2801,145,0.1776,863,62,1
6,12,0.3201,90,0.0082,230,20,1
6,12,0.3201,90,0.0132,220,10,1
6,12,0.3201,90,0.0182,330,30,1
6,12,0.3201,90,0.0232,600,30,1
6,12,0.3201,90,0.0282,1520,60,1
6,12,0.3201,90,0.0332,1230,50,1
6,12,0.3201,90,0.0382,1630,60,1
6,12,0.3201,90,0.0432,1950,70,1
6,12,0.3201,90,0.0482,2260,90,1
6,12,0.3201,90,0.0532,2730,100,1
6,12,0.3201,90,0.0582,3100,120,1
6,12,0.3201,90,0.0632,3550,130,1
6,12,0.3201,90,0.0682,3820,140,1
6,12,0.3201,90,0.0732,4190,160,1
6,12,0.3201,90,0.0782,4480,170,1
6,12,0.3201,90,0.0832,4790,190,1
6,12,0.3201,90,0.0882,4970,200,1
6,12,0.3201,90,0.0932,5210,210,1
6,12,0.3201,90,0.0982,5330,220,1
6,12,0.3201,90,0.1032,5230,220,1
6,12,0.3201,90,0.1082,5240,220,1
6,12,0.3201,90,0.1132,5030,220,1
6,12,0.3201,90,0.1182,4750,210,1
6,12,0.3201,90,0.1232,4410,210,1
6,12,0.3201,90,0.1282,4130,200,1
6,12,0.3201,90,0.1332,3760,190,1
6,12,0.3201,90,0.1382,3380,180,1
6,12,0.3201,90,0.1432,3040,170,1
6,12,0.3201,90,0.1482,2720,160,1
6,12,0.3201,90,0.1532,2470,150,1
6,12,0.3201,90,0.1582,2190,150,1
6,12,0.3201,90,0.1632,2040,150,1
6,12,0.3201,90,0.1682,1800,140,1
6,12,0.3201,90,0.1732,1690,140,1
6,12,0.3201,90,0.1782,1620,140,1
6,12,0.3201,90,0.1832,1510,150,1
6,12,0.3201,90,0.1882,1500,160,1
6,12,0.3201,90,0.1932,1510,160,1
6,12,0.3201,90,0.1982,1450,170,1
6,12,0.3201,90,0.2032,1500,190,1
6,12,0.3201,90,0.2082,1520,210,1
6,12,0.3201,90,0.2132,1550,230,1
6,12,0.3201,90,0.2182,1660,260,1
6,12,0.3201,145,0.0301,6,2,1
6,12,0.3201,145,0.0351,52,3,1
6,12,0.3201,145,0.0401,51,4,1
6,12,0.3201,145,0.0451,81,7,1
6,12,0.3201,145,0.0501,110,7,1
6,12,0.3201,145,0.0551,150,10,1
6,12,0.3201,145,0.0601,210,12,1
6,12,0.3201,145,0.0651,260,12,1
6,12,0.3201,145,0.0701,323,14,1
6,12,0.3201,145,0.0751,427,20,1
6,12,0.3201,145,0.0801,456,20,1
6,12,0.3201,145,0.0851,560,21,1
6,12,0.3201,145,0.0901,641,21,1
6,12,0.3201,145,0.0951,724,27,1
6,12,0.3201,145,0.1001,851,35,1
6,12,0.3201,145,0.1051,924,36,1
6,12,0.3201,145,0.1101,1016,45,1
6,12,0.3201,145,0.1151,1074,41,1
6,12,0.3201,145,0.1201,1237,47,1
6,12,0.3201,145,0.1251,1230,55,1
6,12,0.3201,145,0.1301,1300,51,1
6,12,0.3201,145,0.1351,1305,46,1
6,12,0.3201,145,0.1401,1388,51,1
6,12,0.3201,145,0.1451,1395,52,1
6,12,0.3201,145,0.1501,1357,54,1
6,12,0.3201,145,0.1551,1324,53,1
6,12,0.3201,145,0.1601,1330,56,1
6,12,0.3201,145,0.1651,1197,52,1
6,12,0.3201,145,0.1701,1144,50,1
6,12,0.3201,145,0.1751,1025,49,1
6,12,0.3201,145,0.1801,973,49,1
6,12,0.3201,145,0.1851,865,46,1
6,12,0.3201,145,0.1901,880,47,1
6,12,0.3201,145,0.1951,785,45,1
6,12,0.3201,145,0.2001,697,39,1
6,12,0.3201,145,0.2051,688,43,1
6,12,0.3201,145,0.2101,750,48,1
6,12,0.3201,145,0.2151,637,44,1
6,12,0.3201,145,0.2201,664,47,1
6,12,0.3601,90,0.0101,160,20,1
6,12,0.3601,90,0.0151,50,10,1
6,12,0.3601,90,0.0201,60,10,1
6,12,0.3601,90,0.0251,100,10,1
6,12,0.3601,90,0.0301,590,20,1
6,12,0.3601,90,0.0351,490,30,1
6,12,0.3601,90,0.0401,640,20,1
6,12,0.3601,90,0.0451,850,30,1
6,12,0.3601,90,0.0501,1010,30,1
6,12,0.3601,90,0.0551,1210,40,1
6,12,0.3601,90,0.0601,1480,50,1
6,12,0.3601,90,0.0651,1680,50,1
6,12,0.3601,90,0.0701,1920,60,1
6,12,0.3601,90,0.0751,2200,60,1
6,12,0.3601,90,0.0801,2450,70,1
6,12,0.3601,90,0.0851,2770,120,1
6,12,0.3601,90,0.0901,2990,110,1
6,12,0.3601,90,0.0951,3120,130,1
6,12,0.3601,90,0.1001,3450,140,1
6,12,0.3601,90,0.1051,3450,130,1
6,12,0.3601,90,0.1101,3470,130,1
6,12,0.3601,90,0.1151,3640,140,1
6,12,0.3601,90,0.1201,3850,150,1
6,12,0.3601,90,0.1251,3720,150,1
6,12,0.3601,90,0.1301,3400,120,1
6,12,0.3601,90,0.1351,3460,130,1
6,12,0.3601,90,0.1401,3240,140,1
6,12,0.3601,90,0.1451,3110,140,1
6,12,0.3601,90,0.1501,2930,150,1
6,12,0.3601,90,0.1551,2700,130,1
6,12,0.3601,90,0.1601,2400,120,1
6,12,0.3601,90,0.1651,2270,120,1
6,12,0.3601,90,0.1701,2040,110,1
6,12,0.3601,90,0.1751,1770,90,1
6,12,0.3601,90,0.1801,1680,90,1
6,12,0.3601,90,0.1851,1590,90,1
6,12,0.3601,90,0.1901,1460,100,1
6,12,0.3601,90,0.1951,1320,90,1
6,12,0.3601,90,0.2001,1340,90,1
6,12,0.3601,90,0.2051,1270,90,1
6,12,0.3601,90,0.2101,1330,90,1
6,12,0.3601,90,0.2151,1320,100,1
6,12,0.3601,90,0.2201,1290,100,1
6,12,0.3601,90,0.2251,1330,110,1
6,12,0.3601,90,0.2301,1390,110,1
6,12,0.3601,90,0.2351,1480,130,1
6,12,0.3601,90,0.2401,1460,140,1
6,12,0.3601,90,0.2451,1520,160,1
6,12,0.3601,90,0.2501,1750,180,1
6,12,0.3601,90,0.2551,1580,190,1
6,12,0.3601,90,0.2601,1810,210,1
6,12,0.3601,145,0.0451,10,6,1
6,12,0.3601,145,0.0501,15,6,1
6,12,0.3601,145,0.0551,39,8,1
6,12,0.3601,145,0.0601,25,7,1
6,12,0.3601,145,0.0651,48,9,1
6,12,0.3601,145,0.0701,69,8,1
6,12,0.3601,145,0.0751,95,6,1
6,12,0.3601,145,0.0801,120,7,1
6,12,0.3601,145,0.0851,140,9,1
6,12,0.3601,145,0.0901,195,10,1
6,12,0.3601,145,0.0951,239,13,1
6,12,0.3601,145,0.1001,271,14,1
6,12,0.3601,145,0.1051,360,15,1
6,12,0.3601,145,0.1101,407,17,1
6,12,0.3601,145,0.1151,441,18,1
6,12,0.3601,145,0.1201,554,21,1
6,12,0.3601,145,0.1251,613,23,1
6,12,0.3601,145,0.1301,678,23,1
6,12,0.3601,145,0.1351,762,30,1
6,12,0.3601,145,0.1401,792,36,1
6,12,0.3601,145,0.1451,855,37,1
6,12,0.3601,145,0.1501,882,45,1
6,12,0.3601,145,0.1551,941,40,1
6,12,0.3601,145,0.1601,994,42,1
6,12,0.3601,145,0.1651,970,42,1
6,12,0.3601,145,0.1701,1004,44,1
6,12,0.3601,145,0.1751,1003,39,1
6,12,0.3601,145,0.1801,1005,43,1
6,12,0.3601,145,0.1851,948,43,1
6,12,0.3601,145,0.1901,916,46,1
6,12,0.3601,145,0.1951,874,43,1
6,12,0.3601,145,0.2001,852,42,1
6,12,0.3601,145,0.2051,740,40,1
6,12,0.3601,145,0.2101,769,40,1
6,12,0.3601,145,0.2151,645,40,1
6,12,0.3601,145,0.2201,656,41,1
6,12,0.3601,145,0.2251,606,40,1
6,12,0.3601,145,0.2301,595,38,1
6,12,0.3601,145,0.2351,592,40,1
6,12,0.3601,145,0.2401,571,35,1
6,12,0.3601,145,0.2451,551,40,1
6,12,0.3601,145,0.2501,625,44,1
6,12,0.3601,145,0.2551,639,44,1
6,12,0.3601,145,0.2601,697,48,1
6,12,0.3997,145,0.0597,7,1,1
6,12,0.3997,145,0.0647,8,1,1
6,12,0.3997,145,0.0697,10,1,1
6,12,0.3997,145,0.0747,18,3,1
6,12,0.3997,145,0.0797,22,2,1
6,12,0.3997,145,0.0847,34,3,1
6,12,0.3997,145,0.0897,43,3,1
6,12,0.3997,145,0.0947,60,4,1
6,12,0.3997,145,0.0997,66,4,1
6,12,0.3997,145,0.1047,86,5,1
6,12,0.3997,145,0.1097,113,5,1
6,12,0.3997,145,0.1147,130,5,1
6,12,0.3997,145,0.1197,163,6,1
6,12,0.3997,145,0.1247,186,9,1
6,12,0.3997,145,0.1297,216,10,1
6,12,0.3997,145,0.1347,247,11,1
6,12,0.3997,145,0.1397,300,12,1
6,12,0.3997,145,0.1447,354,13,1
6,12,0.3997,145,0.1497,405,15,1
6,12,0.3997,145,0.1547,426,15,1
6,12,0.3997,145,0.1597,480,17,1
6,12,0.3997,145,0.1647,509,18,1
6,12,0.3997,145,0.1697,563,19,1
6,12,0.3997,145,0.1747,625,26,1
6,12,0.3997,145,0.1797,700,34,1
6,12,0.3997,145,0.1847,728,34,1
6,12,0.3997,145,0.1897,717,41,1
6,12,0.3997,145,0.1947,710,34,1
6,12,0.3997,145,0.1997,745,35,1
6,12,0.3997,145,0.2047,795,37,1
6,12,0.3997,145,0.2097,751,37,1
6,12,0.3997,145,0.2147,706,30,1
6,12,0.3997,145,0.2197,690,33,1
6,12,0.3997,145,0.2247,647,33,1
6,12,0.3997,145,0.2297,625,35,1
6,12,0.3997,145,0.2347,580,32,1
6,12,0.3997,145,0.2397,610,33,1
6,12,0.3997,145,0.2447,528,31,1
6,12,0.3997,145,0.2497,543,30,1
6,12,0.3997,145,0.2547,503,30,1
6,12,0.3997,145,0.2597,481,30,1
6,12,0.3997,145,0.2647,522,31,1
6,12,0.3997,145,0.2697,506,30,1
6,12,0.3997,145,0.2747,518,31,1
6,12,0.3997,145,0.2797,546,31,1
6,12,0.3997,145,0.2847,558,36,1
6,12,0.3997,145,0.2897,626,41,1
6,12,0.3997,145,0.2947,644,42,1
6,12,0.3997,145,0.2997,685,45,1
6,12,0.4005,90,0.023,14,2,1
6,12,0.4005,90,0.028,50,10,1
6,12,0.4005,90,0.033,170,10,1
6,12,0.4005,90,0.038,170,10,1
6,12,0.4005,90,0.043,260,20,1
6,12,0.4005,90,0.048,310,20,1
6,12,0.4005,90,0.053,390,20,1
6,12,0.4005,90,0.058,520,20,1
6,12,0.4005,90,0.063,640,30,1
6,12,0.4005,90,0.068,750,30,1
6,12,0.4005,90,0.073,910,40,1
6,12,0.4005,90,0.078,1060,40,1
6,12,0.4005,90,0.083,1230,50,1
6,12,0.4005,90,0.093,1560,60,1
6,12,0.4005,90,0.103,1910,70,1
6,12,0.4005,90,0.108,2010,80,1
6,12,0.4005,90,0.113,2170,90,1
6,12,0.4005,90,0.118,2310,90,1
6,12,0.4005,90,0.123,2460,100,1
6,12,0.4005,90,0.128,2540,100,1
6,12,0.4005,90,0.133,2610,100,1
6,12,0.4005,90,0.138,2640,110,1
6,12,0.4005,90,0.143,2710,110,1
6,12,0.4005,90,0.148,2620,110,1
6,12,0.4005,90,0.153,2660,110,1
6,12,0.4005,90,0.158,2490,110,1
6,12,0.4005,90,0.163,2440,110,1
6,12,0.4005,90,0.168,2290,110,1
6,12,0.4005,90,0.173,2100,100,1
6,12,0.4005,90,0.178,2060,100,1
6,12,0.4005,90,0.183,1880,90,1
6,12,0.4005,90,0.188,1760,90,1
6,12,0.4005,90,0.193,1620,90,1
6,12,0.4005,90,0.198,1450,90,1
6,12,0.4005,90,0.203,1390,90,1
6,12,0.4005,90,0.208,1350,90,1
6,12,0.4005,90,0.213,1250,80,1
6,12,0.4005,90,0.218,1190,80,1
6,12,0.4005,90,0.223,1200,80,1
6,12,0.4005,90,0.228,1130,80,1
6,12,0.4005,90,0.233,1160,80,1
6,12,0.4005,90,0.238,1190,90,1
6,12,0.4005,90,0.243,1180,80,1
6,12,0.4005,90,0.248,1270,90,1
6,12,0.4005,90,0.253,1360,100,1
6,12,0.4005,90,0.258,1340,110,1
6,12,0.4005,90,0.263,1360,120,1
6,12,0.4005,90,0.268,1470,120,1
6,12,0.4005,90,0.273,1530,140,1
6,12,0.4005,90,0.278,1600,150,1
6,12,0.4005,90,0.283,1600,170,1
6,12,0.4005,90,0.288,1770,190,1
6,12,0.4005,90,0.293,1860,210,1
6,12,0.4005,90,0.298,1840,230,1
6,12,0.44,145,0.0975,10,2,1
6,12,0.44,145,0.1075,15,2,1
6,12,0.44,145,0.1175,30,3,1
6,12,0.44,145,0.1275,50,4,1
6,12,0.44,145,0.1375,83,5,1
6,12,0.44,145,0.1475,123,7,1
6,12,0.44,145,0.1575,186,8,1
6,12,0.44,145,0.1675,266,11,1
6,12,0.44,145,0.1775,317,14,1
6,12,0.44,145,0.1875,388,17,1
6,12,0.44,145,0.1975,441,20,1
6,12,0.44,145,0.2075,497,22,1
6,12,0.44,145,0.2175,521,26,1
6,12,0.44,145,0.2275,546,28,1
6,12,0.44,145,0.2375,536,28,1
6,12,0.44,145,0.2475,515,30,1
6,12,0.44,145,0.2575,471,26,1
6,12,0.44,145,0.2675,422,27,1
6,12,0.44,145,0.2775,428,28,1
6,12,0.44,145,0.2875,396,28,1
6,12,0.44,145,0.2975,421,30,1
6,12,0.44,145,0.3075,437,33,1
6,12,0.44,145,0.3175,472,37,1
6,12,0.44,145,0.3275,534,45,1
6,12,0.44,145,0.3375,613,54,1
6,12,0.4794,90,0.0419,20,2,1
6,12,0.4794,90,0.0519,30,3,1
6,12,0.4794,90,0.0619,60,4,1
6,12,0.4794,90,0.0719,100,10,1
6,12,0.4794,90,0.0819,170,10,1
6,12,0.4794,90,0.0919,260,10,1
6,12,0.4794,90,0.1019,380,10,1
6,12,0.4794,90,0.1119,510,20,1
6,12,0.4794,90,0.1219,700,20,1
6,12,0.4794,90,0.1319,860,30,1
6,12,0.4794,90,0.1419,1060,40,1
6,12,0.4794,90,0.1519,1270,60,1
6,12,0.4794,90,0.1619,1360,60,1
6,12,0.4794,90,0.1719,1460,60,1
6,12,0.4794,90,0.1819,1490,60,1
6,12,0.4794,90,0.1919,1470,50,1
6,12,0.4794,90,0.2019,1420,50,1
6,12,0.4794,90,0.2119,1420,50,1
6,12,0.4794,90,0.2219,1420,50,1
6,12,0.4794,90,0.2319,1170,50,1
6,12,0.4794,90,0.2419,1100,50,1
6,12,0.4794,90,0.2519,920,40,1
6,12,0.4794,90,0.2619,900,50,1
6,12,0.4794,90,0.2719,920,50,1
6,12,0.4794,90,0.2819,930,50,1
6,12,0.4794,90,0.2919,950,50,1
6,12,0.4794,90,0.3019,1050,60,1
6,12,0.4794,90,0.3119,1180,60,1
6,12,0.4794,90,0.3219,1310,70,1
6,12,0.4794,90,0.3319,1340,80,1
6,12,0.4794,90,0.3419,1420,100,1
6,12,0.4794,90,0.3519,1570,110,1
6,12,0.4794,90,0.3619,1600,130,1
6,12,0.4794,90,0.3719,1740,160,1
6,12,0.4794,145,0.1219,9,1,1
6,12,0.4794,145,0.1319,9,1,1
6,12,0.4794,145,0.1419,20,2,1
6,12,0.4794,145,0.1519,27,3,1
6,12,0.4794,145,0.1619,55,3,1
6,12,0.4794,145,0.1719,81,4,1
6,12,0.4794,145,0.1819,111,5,1
6,12,0.4794,145,0.1919,157,6,1
6,12,0.4794,145,0.2019,201,10,1
6,12,0.4794,145,0.2119,260,13,1
6,12,0.4794,145,0.2219,290,15,1
6,12,0.4794,145,0.2319,315,16,1
6,12,0.4794,145,0.2419,371,18,1
6,12,0.4794,145,0.2519,400,15,1
6,12,0.4794,145,0.2619,418,18,1
6,12,0.4794,145,0.2719,424,19,1
6,12,0.4794,145,0.2819,426,19,1
6,12,0.4794,145,0.2919,390,18,1
6,12,0.4794,145,0.3019,380,21,1
6,12,0.4794,145,0.3119,373,21,1
6,12,0.4794,145,0.3129,416,22,1
6,12,0.4794,145,0.3319,381,22,1
6,12,0.4794,145,0.3419,442,28,1
6,12,0.4794,145,0.3519,466,29,1
6,12,0.4794,145,0.3619,507,31,1
6,12,0.4794,145,0.3719,611,40,1
6,12,0.5193,90,0.0518,10,2,1
6,12,0.5193,90,0.0618,20,3,1
6,12,0.5193,90,0.0718,30,4,1
6,12,0.5193,90,0.0818,60,10,1
6,12,0.5193,90,0.0918,80,10,1
6,12,0.5193,90,0.1018,130,10,1
6,12,0.5193,90,0.1118,200,10,1
6,12,0.5193,90,0.1218,290,10,1
6,12,0.5193,90,0.1318,390,20,1
6,12,0.5193,90,0.1418,500,20,1
6,12,0.5193,90,0.1518,660,30,1
6,12,0.5193,90,0.1618,780,30,1
6,12,0.5193,90,0.1718,880,30,1
6,12,0.5193,90,0.1818,1010,40,1
6,12,0.5193,90,0.1918,1100,40,1
6,12,0.5193,90,0.2018,1160,50,1
6,12,0.5193,90,0.2118,1160,50,1
6,12,0.5193,90,0.2218,1140,50,1
6,12,0.5568,90,0.0793,14,2,1
6,12,0.5568,90,0.0893,24,2,1
6,12,0.5568,90,0.0993,40,3,1
6,12,0.5568,90,0.1093,60,4,1
6,12,0.5568,90,0.1193,100,10,1
6,12,0.5568,90,0.1293,140,10,1
6,12,0.5568,90,0.1393,190,10,1
6,12,0.5568,90,0.1493,270,10,1
6,12,0.5568,90,0.1593,360,10,1
6,12,0.5568,90,0.1693,470,20,1
6,12,0.5568,90,0.1793,560,20,1
6,12,0.5568,90,0.1893,670,30,1
6,12,0.5568,90,0.1993,740,30,1
6,12,0.5568,90,0.2093,800,30,1
6,12,0.5568,90,0.2193,860,30,1
6,12,0.5568,90,0.2293,880,40,1
6,12,0.5568,90,0.2393,890,40,1
6,12,0.5568,90,0.2493,850,40,1
6,12,0.5568,90,0.2593,840,40,1
6,12,0.5568,90,0.2693,810,40,1
6,12,0.56,145,0.1925,10,2,1
6,12,0.56,145,0.2025,16,3,1
6,12,0.56,145,0.2125,23,1,1
6,12,0.56,145,0.2225,34,2,1
6,12,0.56,145,0.2325,49,3,1
6,12,0.56,145,0.2425,66,3,1
6,12,0.56,145,0.2525,92,4,1
6,12,0.56,145,0.2625,123,5,1
6,12,0.56,145,0.2725,151,7,1
6,12,0.56,145,0.2825,171,7,1
6,12,0.56,145,0.2925,185,10,1
6,12,0.56,145,0.3025,211,11,1
6,12,0.56,145,0.3125,220,12,1
6,12,0.56,145,0.3225,234,13,1
6,12,0.56,145,0.3325,241,13,1
6,12,0.56,145,0.3425,236,14,1
6,12,0.56,145,0.3525,217,13,1
6,12,0.56,145,0.3625,207,14,1
6,12,0.56,145,0.3725,205,14,1
6,12,0.56,145,0.3825,215,14,1
6,12,0.56,145,0.3925,235,17,1
6,12,0.56,145,0.4025,258,19,1
6,12,0.56,145,0.4125,290,20,1
6,12,0.56,145,0.4225,331,25,1
6,12,0.56,145,0.4325,361,28,1
6,12,0.56,145,0.4425,405,34,1
6,12,0.56,145,0.4525,401,37,1
6,12,0.56,145,0.4625,421,43,1
6,12,0.16,36,0.0125,410600,183200,1
6,12,0.16,36,0.0175,409000,147500,1
6,12,0.16,36,0.0225,790800,146500,1
6,12,0.16,36,0.0275,542100,123000,1
6,12,0.161,60,0.0084,146800,19250,1
6,12,0.161,60,0.0134,81090,10790,1
6,12,0.161,60,0.0184,96280,9250,1
6,12,0.161,60,0.0234,147100,9330,1
6,12,0.161,60,0.0284,132800,8350,1
6,12,0.161,60,0.0334,101000,7350,1
6,12,0.161,60,0.0384,84780,6800,1
6,12,0.161,60,0.0434,71350,6380,1
6,12,0.161,60,0.0484,58670,6040,1
6,12,0.2,36,0.0175,435600,78200,1
6,12,0.2,36,0.0225,601100,75400,1
6,12,0.2,36,0.0275,650100,70570,1
6,12,0.2,36,0.0325,455800,58990,1
6,12,0.2,36,0.0375,375600,53380,1
6,12,0.2,36,0.0425,276200,47410,1
6,12,0.2,36,0.0475,200300,42920,1
6,12,0.2,60,0.0075,164000,12880,1
6,12,0.2,60,0.0125,84410,5990,1
6,12,0.2,60,0.0175,51280,4270,1
6,12,0.2,60,0.0225,77990,4760,1
6,12,0.2,60,0.0275,82410,4700,1
6,12,0.2,60,0.0325,74080,4350,1
6,12,0.2,60,0.0375,68520,4170,1
6,12,0.2,60,0.0425,64950,4070,1
6,12,0.2,60,0.0475,56440,3840,1
6,12,0.2,60,0.0525,47050,3640,1
6,12,0.2,60,0.0575,39000,3570,1
6,12,0.2,60,0.0625,31660,3380,1
6,12,0.2,60,0.0675,26050,3200,1
6,12,0.24,36,0.0125,361300,50450,1
6,12,0.24,36,0.0175,304100,41200,1
6,12,0.24,36,0.0225,497200,43530,1
6,12,0.24,36,0.0275,462100,39490,1
6,12,0.24,36,0.0325,361500,34100,1
6,12,0.24,36,0.0375,291200,30190,1
6,12,0.24,36,0.0425,260000,28030,1
6,12,0.24,36,0.0475,206600,25240,1
6,12,0.24,36,0.0525,197900,24360,1
6,12,0.24,36,0.0575,138300,19810,1
6,12,0.24,36,0.0625,102200,18420,1
6,12,0.24,60,0.0029,270700,7180,1
6,12,0.24,60,0.0079,106700,4120,1
6,12,0.24,60,0.0129,60580,1800,1
6,12,0.24,60,0.0179,33090,1320,1
6,12,0.24,60,0.0229,43270,1400,1
6,12,0.24,60,0.0279,45830,1370,1
6,12,0.24,60,0.0329,48900,1400,1
6,12,0.24,60,0.0379,47980,1400,1
6,12,0.24,60,0.0429,48650,1440,1
6,12,0.24,60,0.0479,46260,1420,1
6,12,0.24,60,0.0529,43750,1410,1
6,12,0.24,60,0.0579,39630,1390,1
6,12,0.24,60,0.0629,33680,1310,1
6,12,0.24,60,0.0679,29580,1250,1
6,12,0.24,60,0.0729,24830,1220,1
6,12,0.24,60,0.0779,19880,1160,1
6,12,0.24,60,0.0829,16970,1110,1
6,12,0.24,60,0.0879,14830,1110,1
6,12,0.24,60,0.0929,12020,1090,1
6,12,0.24,60,0.0979,10710,1100,1
6,12,0.24,60,0.1029,9650,1140,1
6,12,0.24,60,0.1079,7140,1120,1
6,12,0.28,60,0.0028,48190,1180,1
6,12,0.28,60,0.0078,56900,1650,1
6,12,0.28,60,0.0128,39620,810,1
6,12,0.28,60,0.0178,21640,530,1
6,12,0.28,60,0.0228,26140,580,1
6,12,0.28,60,0.0278,26300,570,1
6,12,0.28,60,0.0328,31910,650,1
6,12,0.28,60,0.0378,34420,710,1
6,12,0.28,60,0.0428,36160,740,1
6,12,0.28,60,0.0478,38100,790,1
6,12,0.28,60,0.0528,38150,810,1
6,12,0.28,60,0.0578,36760,810,1
6,12,0.28,60,0.0628,34670,800,1
6,12,0.28,60,0.0678,31680,780,1
6,12,0.28,60,0.0728,28410,740,1
6,12,0.28,60,0.0778,24830,700,1
6,12,0.28,60,0.0828,21360,660,1
6,12,0.28,60,0.0878,18460,630,1
6,12,0.28,60,0.0928,15560,590,1
6,12,0.28,60,0.0978,13460,570,1
6,12,0.28,60,0.1028,11320,550,1
6,12,0.28,60,0.1078,10140,550,1
6,12,0.28,60,0.1128,8640,540,1
6,12,0.28,60,0.1178,7660,540,1
6,12,0.28,60,0.1228,6490,540,1
6,12,0.28,60,0.1278,5840,550,1
6,12,0.28,60,0.1328,5370,570,1
6,12,0.28,60,0.1378,4930,600,1
6,12,0.32,36,0.0125,284100,17800,1
6,12,0.32,36,0.0175,154200,11790,1
6,12,0.32,36,0.0225,187100,11970,1
6,12,0.32,36,0.0275,260200,13810,1
6,12,0.32,36,0.0325,227700,12390,1
6,12,0.32,36,0.0375,204300,11440,1
6,12,0.32,36,0.0425,188000,10770,1
6,12,0.32,36,0.0475,175900,10270,1
6,12,0.32,36,0.0525,151700,9410,1
6,12,0.32,36,0.0575,133700,8770,1
6,12,0.32,36,0.0625,107500,7860,1
6,12,0.32,36,0.0675,91440,7270,1
6,12,0.32,36,0.0725,78750,6800,1
6,12,0.32,36,0.0775,61850,6190,1
6,12,0.32,36,0.0825,51520,5810,1
6,12,0.32,36,0.0875,43880,5520,1
6,12,0.32,36,0.0925,32750,4790,1
6,12,0.32,60,0.0028,4690,160,1
6,12,0.32,60,0.0078,30210,780,1
6,12,0.32,60,0.0128,23290,430,1
6,12,0.32,60,0.0178,16330,320,1
6,12,0.32,60,0.0228,18660,360,1
6,12,0.32,60,0.0278,17660,350,1
6,12,0.32,60,0.0328,20770,400,1
6,12,0.32,60,0.0378,21380,410,1
6,12,0.32,60,0.0428,23300,440,1
6,12,0.32,60,0.0478,24740,470,1
6,12,0.32,60,0.0528,25830,490,1
6,12,0.32,60,0.0578,26260,510,1
6,12,0.32,60,0.0628,26370,530,1
6,12,0.32,60,0.0678,25960,540,1
6,12,0.32,60,0.0728,24810,540,1
6,12,0.32,60,0.0778,22320,510,1
6,12,0.32,60,0.0828,20460,490,1
6,12,0.32,60,0.0878,18140,460,1
6,12,0.32,60,0.0928,15960,440,1
6,12,0.32,60,0.0978,14210,420,1
6,12,0.32,60,0.1028,12220,400,1
6,12,0.32,60,0.1078,10730,380,1
6,12,0.32,60,0.1128,9320,370,1
6,12,0.32,60,0.1178,8150,350,1
6,12,0.32,60,0.1228,7140,340,1
6,12,0.32,60,0.1278,6180,330,1
6,12,0.32,60,0.1328,5680,320,1
6,12,0.32,60,0.1378,5260,320,1
6,12,0.32,60,0.1428,4600,320,1
6,12,0.32,60,0.1478,4180,330,1
6,12,0.32,60,0.1528,3810,340,1
6,12,0.32,60,0.1578,3390,350,1
6,12,0.32,60,0.1628,3050,360,1
6,12,0.32,60,0.1678,2860,390,1
6,12,0.361,60,0.0034,200,80,1
6,12,0.361,60,0.0084,8010,270,1
6,12,0.361,60,0.0134,8530,210,1
6,12,0.361,60,0.0184,8810,160,1
6,12,0.361,60,0.0234,9200,190,1
6,12,0.361,60,0.0284,9240,170,1
6,12,0.361,60,0.0334,10600,190,1
6,12,0.361,60,0.0384,11880,210,1
6,12,0.361,60,0.0434,13230,230,1
6,12,0.361,60,0.0484,14690,260,1
6,12,0.361,60,0.0534,16020,280,1
6,12,0.361,60,0.0584,17330,300,1
6,12,0.361,60,0.0634,18280,320,1
6,12,0.361,60,0.0684,19050,330,1
6,12,0.361,60,0.0734,19330,350,1
6,12,0.361,60,0.0784,19400,360,1
6,12,0.361,60,0.0834,18910,360,1
6,12,0.361,60,0.0884,17980,350,1
6,12,0.361,60,0.0934,17180,340,1
6,12,0.361,60,0.0984,15760,330,1
6,12,0.361,60,0.1034,14450,320,1
6,12,0.361,60,0.1084,12910,300,1
6,12,0.361,60,0.1134,11670,290,1
6,12,0.361,60,0.1184,10250,270,1
6,12,0.361,60,0.1234,9050,250,1
6,12,0.361,60,0.1284,8070,240,1
6,12,0.361,60,0.1334,7050,230,1
6,12,0.361,60,0.1384,6350,220,1
6,12,0.361,60,0.1434,5560,210,1
6,12,0.361,60,0.1484,5020,210,1
6,12,0.361,60,0.1534,4670,210,1
6,12,0.361,60,0.1584,4230,200,1
6,12,0.361,60,0.1634,3810,200,1
6,12,0.361,60,0.1684,3710,210,1
6,12,0.361,60,0.1734,3420,210,1
6,12,0.361,60,0.1784,3330,220,1
6,12,0.361,60,0.1834,3200,230,1
6,12,0.361,60,0.1884,3180,250,1
6,12,0.361,60,0.1934,3220,260,1
6,12,0.361,60,0.1984,3240,280,1
6,12,0.361,60,0.2034,3330,300,1
6,12,0.361,60,0.2084,3400,330,1
6,12,0.361,60,0.2134,3590,360,1
6,12,0.361,60,0.2184,3870,390,1
6,12,0.361,60,0.2234,4060,430,1
6,12,0.361,60,0.2284,4290,480,1
6,12,0.4,36,0.0125,181000,7550,1
6,12,0.4,36,0.0175,124500,5700,1
6,12,0.4,36,0.0225,110900,5260,1
6,12,0.4,36,0.0275,125700,5650,1
6,12,0.4,36,0.0325,137900,5990,1
6,12,0.4,36,0.0375,139800,6060,1
6,12,0.4,36,0.0425,132400,5870,1
6,12,0.4,36,0.0475,134200,5510,1
6,12,0.4,36,0.0525,129900,5400,1
6,12,0.4,36,0.0575,122900,5190,1
6,12,0.4,36,0.0625,115400,4980,1
6,12,0.4,36,0.0675,96580,4440,1
6,12,0.4,36,0.0725,89120,4220,1
6,12,0.4,36,0.0775,77230,3850,1
6,12,0.4,36,0.0825,63340,3430,1
6,12,0.4,36,0.0875,56660,3210,1
6,12,0.4,36,0.0925,48490,2950,1
6,12,0.4,36,0.0975,41300,2720,1
6,12,0.4,36,0.1025,34030,2490,1
6,12,0.4,36,0.1075,30360,2370,1
6,12,0.4,36,0.1125,24060,2170,1
6,12,0.4,36,0.1175,21810,1970,1
6,12,0.4,36,0.1225,19590,2060,1
6,12,0.4,36,0.1275,16400,1960,1
6,12,0.4,36,0.1325,15700,1960,1
6,12,0.4,36,0.1375,13260,1900,1
6,12,0.4,36,0.1425,12450,1900,1
6,12,0.4,36,0.1475,13530,1960,1
6,12,0.4,36,0.1525,11870,1940,1
6,12,0.4,36,0.1575,10200,1920,1
6,12,0.401,60,0.0085,1050,40,1
6,12,0.401,60,0.0135,4440,100,1
6,12,0.401,60,0.0185,4710,100,1
6,12,0.401,60,0.0235,4200,90,1
6,12,0.401,60,0.0285,6150,120,1
6,12,0.401,60,0.0335,5830,110,1
6,12,0.401,60,0.0385,6940,130,1
6,12,0.401,60,0.0435,7880,140,1
6,12,0.401,60,0.0485,8910,160,1
6,12,0.401,60,0.0535,10170,180,1
6,12,0.401,60,0.0585,10980,190,1
6,12,0.401,60,0.0635,11980,200,1
6,12,0.401,60,0.0685,12940,220,1
6,12,0.401,60,0.0735,13590,240,1
6,12,0.401,60,0.0785,13680,250,1
6,12,0.401,60,0.0835,14260,270,1
6,12,0.401,60,0.0885,14610,270,1
6,12,0.401,60,0.0935,14300,270,1
6,12,0.401,60,0.0985,13830,280,1
6,12,0.401,60,0.1035,13420,280,1
6,12,0.401,60,0.1085,12540,270,1
6,12,0.401,60,0.1135,12050,260,1
6,12,0.401,60,0.1185,11140,240,1
6,12,0.401,60,0.1235,10350,230,1
6,12,0.401,60,0.1285,9110,220,1
6,12,0.401,60,0.1335,8280,210,1
6,12,0.401,60,0.1385,7530,200,1
6,12,0.401,60,0.1435,6800,190,1
6,12,0.401,60,0.1485,6270,180,1
6,12,0.401,60,0.1535,5640,170,1
6,12,0.401,60,0.1585,5140,160,1
6,12,0.401,60,0.1635,4740,160,1
6,12,0.401,60,0.1685,4410,150,1
6,12,0.401,60,0.1735,4150,150,1
6,12,0.401,60,0.1785,3840,150,1
6,12,0.401,60,0.1835,3690,150,1
6,12,0.401,60,0.1885,3520,150,1
6,12,0.401,60,0.1935,3450,150,1
6,12,0.401,60,0.1985,3430,150,1
6,12,0.401,60,0.2035,3450,160,1
6,12,0.401,60,0.2085,3420,170,1
6,12,0.401,60,0.2135,3490,180,1
6,12,0.401,60,0.2185,3650,190,1
6,12,0.401,60,0.2235,3770,210,1
6,12,0.401,60,0.2285,3880,220,1
6,12,0.401,60,0.2335,4040,240,1
6,12,0.401,60,0.2385,4230,260,1
6,12,0.401,60,0.2435,4420,280,1
6,12,0.401,60,0.2485,4570,310,1
6,12,0.401,60,0.2535,4780,340,1
6,12,0.401,60,0.2585,5080,370,1
6,12,0.401,60,0.2635,5170,410,1
6,12,0.401,60,0.2685,5110,440,1
6,12,0.44,60,0.0075,830,30,1
6,12,0.44,60,0.0125,1210,40,1
6,12,0.44,60,0.0175,1320,30,1
6,12,0.44,60,0.0225,1770,30,1
6,12,0.44,60,0.0275,2960,50,1
6,12,0.44,60,0.0325,3140,60,1
6,12,0.44,60,0.0375,3640,60,1
6,12,0.44,60,0.0425,4360,70,1
6,12,0.44,60,0.0475,4940,80,1
6,12,0.44,60,0.0525,5800,90,1
6,12,0.44,60,0.0575,6530,100,1
6,12,0.44,60,0.0625,7440,120,1
6,12,0.44,60,0.0675,8090,130,1
6,12,0.44,60,0.0725,8920,140,1
6,12,0.44,60,0.0775,9470,150,1
6,12,0.44,60,0.0825,9950,160,1
6,12,0.44,60,0.0875,10260,170,1
6,12,0.44,60,0.0925,10760,180,1
6,12,0.44,60,0.0975,10920,190,1
6,12,0.44,60,0.1025,11230,200,1
6,12,0.44,60,0.1075,11070,200,1
6,12,0.44,60,0.1125,10810,200,1
6,12,0.44,60,0.1175,10590,200,1
6,12,0.44,60,0.1225,10170,210,1
6,12,0.44,60,0.1275,9640,200,1
6,12,0.44,60,0.1325,8810,200,1
6,12,0.44,60,0.1375,8380,200,1
6,12,0.44,60,0.1425,7560,190,1
6,12,0.44,60,0.1475,7010,180,1
6,12,0.44,60,0.1525,6290,160,1
6,12,0.44,60,0.1575,5290,150,1
6,12,0.44,60,0.1625,5360,200,1
6,12,0.44,60,0.1675,4730,150,1
6,12,0.44,60,0.1725,4410,130,1
6,12,0.44,60,0.1775,3900,130,1
6,12,0.44,60,0.1825,3550,120,1
6,12,0.44,60,0.1875,3550,120,1
6,12,0.44,60,0.1925,3250,110,1
6,12,0.44,60,0.1975,3380,110,1
6,12,0.44,60,0.2025,3280,110,1
6,12,0.44,60,0.2075,3160,110,1
6,12,0.44,60,0.2125,3200,110,1
6,12,0.44,60,0.2175,3230,120,1
6,12,0.44,60,0.2225,3250,120,1
6,12,0.44,60,0.2275,3280,120,1
6,12,0.44,60,0.2325,3380,130,1
6,12,0.44,60,0.2375,3490,140,1
6,12,0.44,60,0.2425,3680,150,1
6,12,0.44,60,0.2475,3760,150,1
6,12,0.44,60,0.2525,3900,160,1
6,12,0.44,60,0.2575,3990,180,1
6,12,0.44,60,0.2625,4100,190,1
6,12,0.44,60,0.2675,4260,200,1
6,12,0.44,60,0.2725,4380,220,1
6,12,0.44,60,0.2775,4540,240,1
6,12,0.48,36,0.0125,101700,3380,1
6,12,0.48,36,0.0175,82540,2880,1
6,12,0.48,36,0.0225,62480,2380,1
6,12,0.48,36,0.0275,60700,2360,1
6,12,0.48,36,0.0325,74870,2790,1
6,12,0.48,36,0.0375,76930,2880,1
6,12,0.48,36,0.0425,82520,2820,1
6,12,0.48,36,0.0475,86860,2970,1
6,12,0.48,36,0.0525,90870,3130,1
6,12,0.48,36,0.0575,90590,3180,1
6,12,0.48,36,0.0625,88260,3150,1
6,12,0.48,36,0.0675,86560,3130,1
6,12,0.48,36,0.0725,80110,2970,1
6,12,0.48,36,0.0775,74390,2820,1
6,12,0.48,36,0.0825,68270,2660,1
6,12,0.48,36,0.0875,62230,2490,1
6,12,0.48,36,0.0925,55530,2290,1
6,12,0.48,36,0.0975,48520,2090,1
6,12,0.48,36,0.1025,42720,1910,1
6,12,0.48,36,0.1075,36610,1730,1
6,12,0.48,36,0.1125,32870,1610,1
6,12,0.48,36,0.1175,28140,1460,1
6,12,0.48,36,0.1225,24910,1360,1
6,12,0.48,36,0.1275,22050,1240,1
6,12,0.48,36,0.1325,19570,1160,1
6,12,0.48,36,0.1375,17090,1230,1
6,12,0.48,36,0.1425,14850,1150,1
6,12,0.48,36,0.1475,14320,1130,1
6,12,0.48,36,0.1525,12820,1090,1
6,12,0.48,36,0.1575,11860,1060,1
6,12,0.48,36,0.1625,11580,1050,1
6,12,0.48,36,0.1675,11460,1050,1
6,12,0.48,36,0.1725,11510,1060,1
6,12,0.48,36,0.1775,11320,1060,1
6,12,0.48,36,0.1825,10280,1040,1
6,12,0.48,36,0.1875,9870,1040,1
6,12,0.48,36,0.1925,9100,1030,1
6,12,0.48,36,0.1975,9870,960,1
6,12,0.48,36,0.2025,10450,990,1
6,12,0.48,36,0.2075,11760,1130,1
6,12,0.48,36,0.2125,12070,1170,1
6,12,0.48,36,0.2175,12000,1190,1
6,12,0.48,36,0.2225,12410,1240,1
6,12,0.48,36,0.2275,13280,1300,1
6,12,0.48,36,0.2325,13460,1350,1
6,12,0.48,36,0.2375,13960,1410,1
6,12,0.48,36,0.2425,13920,1450,1
6,12,0.48,36,0.2475,14660,1520,1
6,12,0.48,36,0.2525,15660,1610,1
6,12,0.48,36,0.2575,14070,1610,1
6,12,0.48,36,0.2625,15270,1710,1
6,12,0.48,36,0.2675,14210,1740,1
6,12,0.48,36,0.2725,16380,1980,1
6,12,0.48,36,0.2775,16540,1970,1
6,12,0.48,36,0.2825,16230,2040,1
6,12,0.48,36,0.2875,16310,2140,1
6,12,0.48,36,0.2925,16800,2260,1
6,12,0.48,36,0.2975,15240,2240,1
6,12,0.48,36,0.3025,16810,2420,1
6,12,0.48,36,0.3075,19220,2720,1
6,12,0.48,60,0.0123,380,10,1
6,12,0.48,60,0.0173,350,20,1
6,12,0.48,60,0.0223,490,20,1
6,12,0.48,60,0.0273,1260,30,1
6,12,0.48,60,0.0323,1700,30,1
6,12,0.48,60,0.0373,1770,40,1
6,12,0.48,60,0.0423,2250,40,1
6,12,0.48,60,0.0473,2600,50,1
6,12,0.48,60,0.0523,3140,60,1
6,12,0.48,60,0.0573,3600,60,1
6,12,0.48,60,0.0623,4150,70,1
6,12,0.48,60,0.0673,4780,80,1
6,12,0.48,60,0.0723,5270,90,1
6,12,0.48,60,0.0773,5740,100,1
6,12,0.48,60,0.0823,6260,100,1
6,12,0.48,60,0.0873,6660,110,1
6,12,0.48,60,0.0923,6990,120,1
6,12,0.48,60,0.0973,7510,130,1
6,12,0.48,60,0.1023,7690,130,1
6,12,0.48,60,0.1073,7890,140,1
6,12,0.48,60,0.1123,8190,140,1
6,12,0.48,60,0.1173,8010,150,1
6,12,0.48,60,0.1223,8120,150,1
6,12,0.48,60,0.1273,8150,150,1
6,12,0.48,60,0.1323,7930,150,1
6,12,0.48,60,0.1373,7650,150,1
6,12,0.48,60,0.1423,7140,150,1
6,12,0.48,60,0.1473,6640,140,1
6,12,0.48,60,0.1523,6290,140,1
6,12,0.48,60,0.1573,5860,140,1
6,12,0.48,60,0.1623,5500,130,1
6,12,0.48,60,0.1673,5170,120,1
6,12,0.48,60,0.1723,4680,110,1
6,12,0.48,60,0.1773,4330,110,1
6,12,0.48,60,0.1823,3990,110,1
6,12,0.48,60,0.1873,3680,100,1
6,12,0.48,60,0.1923,3410,100,1
6,12,0.48,60,0.1973,3260,90,1
6,12,0.48,60,0.2023,3100,90,1
6,12,0.48,60,0.2073,2960,90,1
6,12,0.48,60,0.2123,2850,90,1
6,12,0.48,60,0.2173,2760,90,1
6,12,0.48,60,0.2223,2690,90,1
6,12,0.48,60,0.2273,2710,90,1
6,12,0.48,60,0.2323,2700,90,1
6,12,0.48,60,0.2373,2790,90,1
6,12,0.48,60,0.2423,2770,100,1
6,12,0.48,60,0.2473,2940,100,1
6,12,0.48,60,0.2523,3070,110,1
6,12,0.48,60,0.2573,3180,110,1
6,12,0.48,60,0.2623,3210,120,1
6,12,0.48,60,0.2673,3300,120,1
6,12,0.48,60,0.2723,3330,140,1
6,12,0.48,60,0.2773,3470,140,1
6,12,0.48,60,0.2823,3650,140,1
6,12,0.48,60,0.2873,3700,150,1
6,12,0.48,60,0.2923,3820,170,1
6,12,0.48,60,0.2973,4040,170,1
6,12,0.48,60,0.3023,4000,180,1
6,12,0.48,60,0.3073,4110,190,1
6,12,0.48,60,0.3123,4340,210,1
6,12,0.48,60,0.3173,4380,220,1
6,12,0.48,60,0.3223,4260,240,1
6,12,0.48,60,0.3273,4450,260,1
6,12,0.48,60,0.3323,4550,290,1
6,12,0.48,60,0.3373,4530,310,1
6,12,0.48,60,0.3423,4620,400,1
6,12,0.519,60,0.0113,250,20,1
6,12,0.519,60,0.0213,90,10,1
6,12,0.519,60,0.0313,820,30,1
6,12,0.519,60,0.0413,1040,40,1
6,12,0.519,60,0.0513,1590,40,1
6,12,0.519,60,0.0613,2300,50,1
6,12,0.519,60,0.0713,3130,70,1
6,12,0.519,60,0.0813,3830,80,1
6,12,0.519,60,0.0913,4660,90,1
6,12,0.519,60,0.1013,5300,100,1
6,12,0.519,60,0.1113,5980,120,1
6,12,0.519,60,0.1213,6280,120,1
6,12,0.519,60,0.1313,6400,120,1
6,12,0.519,60,0.1413,6440,130,1
6,12,0.519,60,0.1513,6060,130,1
6,12,0.519,60,0.1613,5490,120,1
6,12,0.519,60,0.1713,4910,120,1
6,12,0.519,60,0.1813,4280,110,1
6,12,0.519,60,0.1913,3530,100,1
6,12,0.519,60,0.2013,3190,100,1
6,12,0.519,60,0.2113,2880,90,1
6,12,0.519,60,0.2213,2510,80,1
6,12,0.519,60,0.2313,2360,80,1
6,12,0.519,60,0.2413,2310,80,1
6,12,0.519,60,0.2513,2430,80,1
6,12,0.519,60,0.2613,2620,90,1
6,12,0.519,60,0.2713,2650,100,1
6,12,0.519,60,0.2813,3090,100,1
6,12,0.519,60,0.2913,3200,110,1
6,12,0.519,60,0.3013,3470,120,1
6,12,0.519,60,0.3113,3560,120,1
6,12,0.519,60,0.3213,3810,140,1
6,12,0.519,60,0.3313,3850,150,1
6,12,0.519,60,0.3413,3840,170,1
6,12,0.519,60,0.3513,4130,200,1
6,12,0.519,60,0.3613,4000,230,1
6,12,0.519,60,0.3713,3920,270,1
6,12,0.56,36,0.0125,52550,1650,1
6,12,0.56,36,0.0225,30650,1090,1
6,12,0.56,36,0.0325,35030,1250,1
6,12,0.56,36,0.0425,44090,1550,1
6,12,0.56,36,0.0525,51190,2000,1
6,12,0.56,36,0.0625,55510,2170,1
6,12,0.56,36,0.0725,58570,2300,1
6,12,0.56,36,0.0825,55270,2250,1
6,12,0.56,36,0.0925,53500,2220,1
6,12,0.56,36,0.1025,45030,2000,1
6,12,0.56,36,0.1125,37340,1770,1
6,12,0.56,36,0.1225,30420,1350,1
6,12,0.56,36,0.1325,23200,1130,1
6,12,0.56,36,0.1425,18790,1040,1
6,12,0.56,36,0.1525,15700,940,1
6,12,0.56,36,0.1625,12760,840,1
6,12,0.56,36,0.1725,10740,760,1
6,12,0.56,36,0.1825,9150,710,1
6,12,0.56,36,0.1925,9990,730,1
6,12,0.56,36,0.2025,9560,720,1
6,12,0.56,36,0.2125,9830,630,1
6,12,0.56,36,0.2225,9760,670,1
6,12,0.56,36,0.2325,10560,710,1
6,12,0.56,36,0.2425,10890,740,1
6,12,0.56,36,0.2525,12560,810,1
6,12,0.56,36,0.2625,11700,820,1
6,12,0.56,36,0.2725,13180,900,1
6,12,0.56,36,0.2825,14010,920,1
6,12,0.56,36,0.2925,14230,1050,1
6,12,0.56,36,0.3025,13360,1080,1
6,12,0.56,36,0.3125,14040,1160,1
6,12,0.56,36,0.3225,13960,1230,1
6,12,0.56,36,0.3325,14960,1350,1
6,12,0.56,36,0.3425,14280,1460,1
6,12,0.56,36,0.3525,14780,1590,1
6,12,0.56,36,0.3625,13780,1680,1
6,12,0.56,36,0.3725,14170,1860,1
6,12,0.56,36,0.3825,12780,1920,1
6,12,0.56,60,0.0125,30,10,1
6,12,0.56,60,0.0225,30,10,1
6,12,0.56,60,0.0325,320,20,1
6,12,0.56,60,0.0425,480,20,1
6,12,0.56,60,0.0525,750,40,1
6,12,0.56,60,0.0625,1170,60,1
6,12,0.56,60,0.0725,1620,70,1
6,12,0.56,60,0.0825,2210,90,1
6,12,0.56,60,0.0925,2780,110,1
6,12,0.56,60,0.1025,3430,140,1
6,12,0.56,60,0.1125,3930,150,1
6,12,0.56,60,0.1225,4540,160,1
6,12,0.56,60,0.1325,4760,170,1
6,12,0.56,60,0.1425,4960,190,1
6,12,0.56,60,0.1525,4950,190,1
6,12,0.56,60,0.1625,4820,190,1
6,12,0.56,60,0.1725,4670,190,1
6,12,0.56,60,0.1825,4260,180,1
6,12,0.56,60,0.1925,3970,170,1
6,12,0.56,60,0.2025,3510,160,1
6,12,0.56,60,0.2125,2930,130,1
6,12,0.56,60,0.2225,2560,140,1
6,12,0.56,60,0.2325,2380,130,1
6,12,0.56,60,0.2425,2120,120,1
6,12,0.56,60,0.2525,2100,120,1
6,12,0.56,60,0.2625,2050,120,1
6,12,0.56,60,0.2725,2210,130,1
6,12,0.56,60,0.2825,2240,120,1
6,12,0.56,60,0.2925,2330,140,1
6,12,0.56,60,0.3025,2520,150,1
6,12,0.56,60,0.3125,2760,160,1
6,12,0.56,60,0.3225,2820,170,1
6,12,0.56,60,0.3325,3110,180,1
6,12,0.56,60,0.3425,3240,200,1
6,12,0.56,60,0.3525,3100,210,1
6,12,0.56,60,0.3625,3420,230,1
6,12,0.56,60,0.3725,3630,260,1
6,12,0.56,60,0.3825,3400,260,1
6,12,0.56,60,0.3925,3360,300,1
6,12,0.56,60,0.4025,3280,330,1
6,12,0.56,60,0.4125,3130,360,1
6,12,0.56,60,0.4225,2890,420,1
6,12,0.56,60,0.4325,2860,490,1
6,12,0.56,60,0.4425,2490,590,1
6,12,0.62,36,0.0125,16870,590,1
6,12,0.62,36,0.0225,18290,660,1
6,12,0.62,36,0.0325,18310,690,1
6,12,0.62,36,0.0425,25880,930,1
6,12,0.62,36,0.0525,30210,1080,1
6,12,0.62,36,0.0625,35980,1270,1
6,12,0.62,36,0.0725,41130,1370,1
6,12,0.62,36,0.0825,42830,1450,1
6,12,0.62,36,0.0925,42220,1460,1
6,12,0.62,36,0.1025,39590,1410,1
6,12,0.62,36,0.1125,36340,1350,1
6,12,0.62,36,0.1225,30800,1200,1
6,12,0.62,36,0.1325,26490,1080,1
6,12,0.62,36,0.1425,21550,930,1
6,12,0.62,36,0.1525,17850,810,1
6,12,0.62,36,0.1625,14580,710,1
6,12,0.62,36,0.1725,12240,630,1
6,12,0.62,36,0.1825,10630,560,1
6,12,0.62,36,0.1925,9760,520,1
6,12,0.62,36,0.2025,9100,570,1
6,12,0.62,36,0.2125,8380,550,1
6,12,0.62,36,0.2225,8540,550,1
6,12,0.62,36,0.2325,9150,580,1
6,12,0.62,36,0.2425,9730,590,1
6,12,0.62,36,0.2525,9880,600,1
6,12,0.62,36,0.2625,10880,640,1
6,12,0.62,36,0.2725,11160,610,1
6,12,0.62,36,0.2825,11500,700,1
6,12,0.62,36,0.2925,12170,740,1
6,12,0.62,36,0.3025,12420,770,1
6,12,0.62,36,0.3125,12290,790,1
6,12,0.62,36,0.3225,13420,850,1
6,12,0.62,36,0.3325,13190,880,1
6,12,0.62,36,0.3425,13440,860,1
6,12,0.62,36,0.3525,12860,970,1
6,12,0.62,36,0.3625,12710,1010,1
6,12,0.62,36,0.3725,11580,1030,1
6,12,0.62,36,0.3825,12510,1120,1
6,12,0.62,36,0.3925,12170,1180,1
6,12,0.62,36,0.4025,11130,1210,1
6,12,0.62,36,0.4125,11570,1320,1
6,12,0.62,36,0.4225,9990,1370,1
6,12,0.62,36,0.4325,9720,1500,1
6,12,0.62,36,0.4425,10150,1610,1
6,12,0.62,60,0.0375,90,10,1
6,12,0.62,60,0.0475,150,10,1
6,12,0.62,60,0.0575,260,10,1
6,12,0.62,60,0.0675,430,20,1
6,12,0.62,60,0.0775,660,30,1
6,12,0.62,60,0.0875,980,40,1
6,12,0.62,60,0.0975,1320,50,1
6,12,0.62,60,0.1075,1700,60,1
6,12,0.62,60,0.1175,2010,80,1
6,12,0.62,60,0.1275,2480,100,1
6,12,0.62,60,0.1375,2910,110,1
6,12,0.62,60,0.1475,3110,120,1
6,12,0.62,60,0.1575,3350,130,1
6,12,0.62,60,0.1675,3670,140,1
6,12,0.62,60,0.1775,3650,150,1
6,12,0.62,60,0.1875,3570,140,1
6,12,0.62,60,0.1975,3490,150,1
6,12,0.62,60,0.2075,3140,140,1
6,12,0.62,60,0.2175,2840,130,1
6,12,0.62,60,0.2275,2510,120,1
6,12,0.62,60,0.2375,2380,120,1
6,12,0.62,60,0.2475,2160,110,1
6,12,0.62,60,0.2575,1970,100,1
6,12,0.62,60,0.2675,1870,90,1
6,12,0.62,60,0.2775,1670,100,1
6,12,0.62,60,0.2875,1670,100,1
6,12,0.62,60,0.2975,1790,100,1
6,12,0.62,60,0.3075,1830,100,1
6,12,0.62,60,0.3175,1890,110,1
6,12,0.62,60,0.3275,2150,120,1
6,12,0.62,60,0.3375,2270,110,1
6,12,0.62,60,0.3475,2320,130,1
6,12,0.62,60,0.3575,2370,130,1
6,12,0.62,60,0.3675,2580,140,1
6,12,0.62,60,0.3775,2640,150,1
6,12,0.62,60,0.3875,2800,160,1
6,12,0.62,60,0.3975,2680,170,1
6,12,0.62,60,0.4075,2750,180,1
6,12,0.62,60,0.4175,2590,190,1
6,12,0.62,60,0.4275,2690,200,1
6,12,0.62,60,0.4375,2680,210,1
6,12,0.62,60,0.4475,2430,270,1
6,12,0.62,60,0.4575,2180,290,1
6,12,0.62,60,0.4675,2300,320,1
6,12,0.62,60,0.4775,2000,310,1
6,12,0.62,60,0.4875,2170,370,1
6,12,0.62,60,0.4975,1890,430,1
6,12,0.68,36,0.0125,3770,240,1
6,12,0.68,36,0.0225,8200,390,1
6,12,0.68,36,0.0325,11500,500,1
6,12,0.68,36,0.0425,14740,610,1
6,12,0.68,36,0.0525,18490,740,1
6,12,0.68,36,0.0625,23630,910,1
6,12,0.68,36,0.0725,26870,1020,1
6,12,0.68,36,0.0825,29420,1120,1
6,12,0.68,36,0.0925,31890,1210,1
6,12,0.68,36,0.1025,31620,1230,1
6,12,0.68,36,0.1125,30230,1200,1
6,12,0.68,36,0.1225,28090,1150,1
6,12,0.68,36,0.1325,26550,1040,1
6,12,0.68,36,0.1425,22520,930,1
6,12,0.68,36,0.1525,19110,830,1
6,12,0.68,36,0.1625,16730,760,1
6,12,0.68,36,0.1725,12990,650,1
6,12,0.68,36,0.1825,11710,600,1
6,12,0.68,36,0.1925,10240,550,1
6,12,0.68,36,0.2025,9260,510,1
6,12,0.68,36,0.2125,8380,480,1
6,12,0.68,36,0.2225,7460,450,1
6,12,0.68,36,0.2325,8010,460,1
6,12,0.68,36,0.2425,7940,410,1
6,12,0.68,36,0.2525,8260,420,1
6,12,0.68,36,0.2625,8380,470,1
6,12,0.68,36,0.2725,9170,500,1
6,12,0.68,36,0.2825,9680,520,1
6,12,0.68,36,0.2925,10210,540,1
6,12,0.68,36,0.3025,10200,550,1
6,12,0.68,36,0.3125,10870,580,1
6,12,0.68,36,0.3225,10930,590,1
6,12,0.68,36,0.3325,11280,570,1
6,12,0.68,36,0.3425,11430,640,1
6,12,0.68,36,0.3525,11700,670,1
6,12,0.68,36,0.3625,11680,680,1
6,12,0.68,36,0.3725,11920,710,1
6,12,0.68,36,0.3825,10860,700,1
6,12,0.68,36,0.3925,10860,720,1
6,12,0.68,36,0.4025,9460,710,1
6,12,0.68,36,0.4125,9500,740,1
6,12,0.68,36,0.4225,9060,770,1
6,12,0.68,36,0.4325,8550,790,1
6,12,0.68,36,0.4425,8350,840,1
6,12,0.68,36,0.4525,8390,840,1
6,12,0.68,36,0.4625,7650,930,1
6,12,0.68,36,0.4725,7200,1000,1
6,12,0.68,36,0.4825,7200,1090,1
6,12,0.68,36,0.4925,7090,1210,1
6,12,0.68,36,0.5025,7050,1400,1
6,12,0.68,60,0.0475,50,10,1
6,12,0.68,60,0.0575,40,10,1
6,12,0.68,60,0.0675,120,10,1
6,12,0.68,60,0.0775,160,20,1
6,12,0.68,60,0.0875,310,20,1
6,12,0.68,60,0.0975,450,30,1
6,12,0.68,60,0.1075,610,40,1
6,12,0.68,60,0.1175,770,40,1
6,12,0.68,60,0.1275,1020,100,1
6,12,0.68,60,0.1375,1220,50,1
6,12,0.68,60,0.1475,1570,60,1
6,12,0.68,60,0.1575,1830,70,1
6,12,0.68,60,0.1675,1990,80,1
6,12,0.68,60,0.1775,2240,90,1
6,12,0.68,60,0.1875,2400,100,1
6,12,0.68,60,0.1975,2510,100,1
6,12,0.68,60,0.2075,2450,100,1
6,12,0.68,60,0.2175,2530,100,1
6,12,0.68,60,0.2275,2430,100,1
6,12,0.68,60,0.2375,2290,100,1
6,12,0.68,60,0.2475,2130,90,1
6,12,0.68,60,0.2575,1950,90,1
6,12,0.68,60,0.2675,1620,80,1
6,12,0.68,60,0.2775,1600,80,1
6,12,0.68,60,0.2875,1470,80,1
6,12,0.68,60,0.2975,1440,70,1
6,12,0.68,60,0.3075,1390,70,1
6,12,0.68,60,0.3175,1510,80,1
6,12,0.68,60,0.3275,1430,70,1
6,12,0.68,60,0.3375,1460,80,1
6,12,0.68,60,0.3475,1540,80,1
6,12,0.68,60,0.3575,1650,90,1
6,12,0.68,60,0.3675,1740,90,1
6,12,0.68,60,0.3775,1780,100,1
6,12,0.68,60,0.3875,1990,100,1
6,12,0.68,60,0.3975,1980,100,1
6,12,0.68,60,0.4075,1990,110,1
6,12,0.68,60,0.4175,2050,120,1
6,12,0.68,60,0.4275,2220,120,1
6,12,0.68,60,0.4375,2000,120,1
6,12,0.68,60,0.4475,2250,130,1
6,12,0.68,60,0.4575,2080,140,1
6,12,0.68,60,0.4675,2140,150,1
6,12,0.68,60,0.4775,1950,150,1
6,12,0.68,60,0.4875,2030,170,1
6,12,0.68,60,0.4975,1740,160,1
6,12,0.68,60,0.5075,1740,180,1
6,12,0.68,60,0.5175,1680,200,1
6,12,0.68,60,0.5275,1580,230,1
6,12,0.68,60,0.5375,1480,250,1
6,12,0.68,60,0.5475,1480,300,1
6,12,0.537,37.1,0.0295,36120,1083,2
6,12,0.537,37.1,0.0399,42300,1269,2
6,12,0.537,37.1,0.0503,48040,1441,2
6,12,0.537,37.1,0.0601,54880,1646,2
6,12,0.537,37.1,0.0705,56760,1703,2
6,12,0.537,37.1,0.0795,54670,1640,2
6,12,0.537,37.1,0.0899,50830,1525,2
6,12,0.537,37.1,0.101,42790,1284,2
6,12,0.537,37.1,0.1115,38060,1142,2
6,12,0.537,37.1,0.1198,27490,824.8,2
6,12,0.537,37.1,0.1302,19900,597,2
6,12,0.537,37.1,0.142,19250,577.5,2
6,12,0.537,37.1,0.1503,14960,448.8,2
6,12,0.537,37.1,0.1601,12760,382.9,2
6,12,0.537,37.1,0.1705,10900,327,2
6,12,0.537,37.1,0.1809,9477,284.3,2
6,12,0.537,37.1,0.1906,9376,281.3,2
6,12,0.537,37.1,0.201,9276,278.3,2
6,12,0.537,37.1,0.2115,8404,252.1,2
6,12,0.537,37.1,0.2205,9844,295.3,2
6,12,0.537,37.1,0.2302,9523,285.7,2
6,12,0.537,37.1,0.2413,10750,322.4,2
6,12,0.537,37.1,0.2503,11300,339.1,2
6,12,0.537,37.1,0.2615,11200,336.1,2
6,12,0.537,37.1,0.2705,11430,343,2
6,12,0.537,37.1,0.2809,12650,379.6,2
6,12,0.537,37.1,0.2906,13320,399.7,2
6,12,0.537,37.1,0.3017,13330,400,2
6,12,0.537,37.1,0.3101,12460,373.8,2
6,12,0.537,37.1,0.3212,13350,400.6,2
6,12,0.537,37.1,0.3309,13580,407.5,2
6,12,0.537,37.1,0.3413,13150,394.5,2
6,12,0.537,37.1,0.351,12060,361.7,2
6,12,0.537,37.1,0.3601,12950,388.4,2
6,12,0.537,37.1,0.3719,12850,385.5,2
6,12,0.537,37.1,0.3934,9011,270.3,2
6,12,0.537,37.1,0.4122,7596,227.9,2
6,12,0.73,37.1,0.005,1117.3611,42.758809,2
6,12,0.73,37.1,0.015,1417.9575,37.41449,2
6,12,0.73,37.1,0.025,3674.7852,65.014243,2
6,12,0.73,37.1,0.045,7435.3471,192.83191,2
6,12,0.73,37.1,0.055,10019.111,226.32657,2
6,12,0.73,37.1,0.065,12674.236,260.96166,2
6,12,0.73,37.1,0.085,18846.302,295.4224,2
6,12,0.73,37.1,0.095,20188.158,304.70715,2
6,12,0.73,37.1,0.105,21518.994,261.90962,2
6,12,0.73,37.1,0.115,21857.544,447.56712,2
6,12,0.73,37.1,0.125,21541.855,280.92235,2
6,12,0.73,37.1,0.135,20625.255,343.94993,2
6,12,0.73,37.1,0.145,18880.643,332.78011,2
6,12,0.73,37.1,0.165,15553.817,322.86405,2
6,12,0.73,37.1,0.175,12795.283,206.23494,2
6,12,0.73,37.1,0.195,9912.6539,302.59503,2
6,12,0.73,37.1,0.205,7458.0585,259.0003,2
6,12,0.73,37.1,0.215,7606.1913,254.5948,2
6,12,0.73,37.1,0.225,6889.2016,267.37026,2
6,12,0.73,37.1,0.235,6333.3634,247.52158,2
6,12,0.73,37.1,0.245,6095.3088,243.3929,2
6,12,0.73,37.1,0.255,6493.8953,259.76426,2
6,12,0.73,37.1,0.265,7164.8635,263.1323,2
6,12,0.73,37.1,0.275,7067.1018,265.19882,2
6,12,0.73,37.1,0.285,7641.0643,284.20365,2
6,12,0.73,37.1,0.295,7794.9266,198.22915,2
6,12,0.73,37.1,0.305,8593.7809,303.96412,2
6,12,0.73,37.1,0.315,8833.0883,303.56447,2
6,12,0.73,37.1,0.325,8181.6251,299.86177,2
6,12,0.73,37.1,0.335,9657.9328,288.74379,2
6,12,0.73,37.1,0.345,9730.1918,202.03634,2
6,12,0.73,37.1,0.365,9903.1653,216.28842,2
6,12,0.73,37.1,0.375,9535.64,302.91485,2
6,12,0.73,37.1,0.385,9297.3057,219.99485,2
6,12,0.73,37.1,0.395,9457.9513,312.11224,2
6,12,0.73,37.1,0.405,9035.7962,227.00303,2
6,12,0.73,37.1,0.425,8666.8272,160.93583,2
6,12,0.73,37.1,0.435,8370.2554,223.13815,2
6,12,0.73,37.1,0.445,8104.3001,236.76504,2
6,12,0.73,37.1,0.455,8065.1926,335.20475,2
6,12,0.73,37.1,0.465,7587.5176,208.33981,2
6,12,0.73,37.1,0.475,6672.0678,295.62998,2
6,12,0.73,37.1,0.485,6165.4425,402.53131,2
6,12,0.73,37.1,0.495,6686.2344,255.89322,2
6,12,0.73,37.1,0.505,6060.3739,329.01658,2
6,12,0.73,37.1,0.515,6641.5532,345.99787,2
6,12,0.73,37.1,0.525,6178.0613,359.21049,2
6,12,0.73,37.1,0.545,5330.8513,398.95923,2
6,12,0.73,37.1,0.565,4240.7354,413.77871,2
6,12,0.73,37.1,0.595,4321.6401,671.08526,2
6,12,0.73,37.1,0.605,5349.9836,513.59539,2
6,12,0.73,37.1,0.615,3822.049,619.43986,2
6,12,0.73,37.1,0.625,7277.3038,750.60867,2
6,12,0.73,37.1,0.415,8229.4874,308.7023,2
6,12,0.961,37.5,0.073,746.4,83.04,3
6,12,0.961,37.5,0.083,1145,79.32,3
6,12,0.961,37.5,0.093,1596,93.12,3
6,12,0.961,37.5,0.103,2221,108.2,3
6,12,0.961,37.5,0.113,2861,124.2,3
6,12,0.961,37.5,0.123,3482,135.8,3
6,12,0.961,37.5,0.133,4166,129.6,3
6,12,0.961,37.5,0.143,5167,132.7,3
6,12,0.961,37.5,0.153,5298,194.3,3
6,12,0.961,37.5,0.163,5730,201.4,3
6,12,0.961,37.5,0.173,6383,209.9,3
6,12,0.961,37.5,0.183,6638,181.2,3
6,12,0.961,37.5,0.193,6790,152,3
6,12,0.961,37.5,0.203,6601,166.2,3
6,12,0.961,37.5,0.213,6155,201.5,3
6,12,0.961,37.5,0.223,6013,199,3
6,12,0.961,37.5,0.233,5813,172,3
6,12,0.961,37.5,0.243,5322,122.3,3
6,12,0.961,37.5,0.253,4813,143.9,3
6,12,0.961,37.5,0.263,4403,146.9,3
6,12,0.961,37.5,0.273,3913,136.7,3
6,12,0.961,37.5,0.283,3964,113.9,3
6,12,0.961,37.5,0.293,3614,93.96,3
6,12,0.961,37.5,0.303,3622,122,3
6,12,0.961,37.5,0.313,3341,117.5,3
6,12,0.961,37.5,0.323,3436,118.8,3
6,12,0.961,37.5,0.333,3547,86.76,3
6,12,0.961,37.5,0.343,3400,112.3,3
6,12,0.961,37.5,0.353,3731,129.4,3
6,12,0.961,37.5,0.363,3704,127.8,3
6,12,0.961,37.5,0.373,3906,100.3,3
6,12,0.961,37.5,0.383,4057,128.2,3
6,12,0.961,37.5,0.393,4132,143.6,3
6,12,0.961,37.5,0.403,4081,142.3,3
6,12,0.961,37.5,0.413,4344,104.2,3
6,12,0.961,37.5,0.423,4112,142.6,3
6,12,0.961,37.5,0.433,4666,152.8,3
6,12,0.961,37.5,0.443,4508,127,3
6,12,0.961,37.5,0.453,4403,119.6,3
6,12,0.961,37.5,0.463,4510,154.6,3
6,12,0.961,37.5,0.473,4362,150.6,3
6,12,0.961,37.5,0.483,4434,104.4,3
6,12,0.961,37.5,0.493,4246,139.7,3
6,12,0.961,37.5,0.503,4082,135,3
6,12,0.961,37.5,0.513,3935,95.88,3
6,12,0.961,37.5,0.523,3660,118.8,3
6,12,0.961,37.5,0.533,3527,116.3,3
6,12,0.961,37.5,0.543,3524,89.64,3
6,12,0.961,37.5,0.553,3344,125.3,3
6,12,0.961,37.5,0.563,3390,123.1,3
6,12,0.961,37.5,0.573,3170,94.92,3
6,12,0.961,37.5,0.583,3115,119.5,3
6,12,0.961,37.5,0.593,3018,101.2,3
6,12,0.961,37.5,0.603,2969,108.8,3
6,12,0.961,37.5,0.613,2845,117.7,3
6,12,0.961,37.5,0.623,2942,91.68,3
6,12,0.961,37.5,0.633,2676,109.9,3
6,12,0.961,37.5,0.643,2795,78,3
6,12,0.961,37.5,0.653,2868,93.96,3
6,12,0.961,37.5,0.663,2998,126.4,3
6,12,1.108,37.5,0.127,795.6,62.16,3
6,12,1.108,37.5,0.137,1187,70.08,3
6,12,1.108,37.5,0.147,1283,74.28,3
6,12,1.108,37.5,0.157,1612,82.32,3
6,12,1.108,37.5,0.167,2130,93.72,3
6,12,1.108,37.5,0.177,2345,99.24,3
6,12,1.108,37.5,0.187,2833,82.68,3
6,12,1.108,37.5,0.197,2999,75.96,3
6,12,1.108,37.5,0.207,3353,95.4,3
6,12,1.108,37.5,0.217,3688,114.7,3
6,12,1.108,37.5,0.227,3738,115.7,3
6,12,1.108,37.5,0.237,3779,115,3
6,12,1.108,37.5,0.247,3814,98.88,3
6,12,1.108,37.5,0.257,3902,85.68,3
6,12,1.108,37.5,0.267,3800,114.2,3
6,12,1.108,37.5,0.277,3629,122.3,3
6,12,1.108,37.5,0.287,3462,118.7,3
6,12,1.108,37.5,0.297,3179,113,3
6,12,1.108,37.5,0.307,3074,77.16,3
6,12,1.108,37.5,0.317,2759,71.52,3
6,12,1.108,37.5,0.327,2594,88.44,3
6,12,1.108,37.5,0.337,2514,86.28,3
6,12,1.108,37.5,0.347,2266,81.48,3
6,12,1.108,37.5,0.357,2299,63.24,3
6,12,1.108,37.5,0.367,2225,58.32,3
6,12,1.108,37.5,0.377,2173,77.04,3
6,12,1.108,37.5,0.387,2298,78.72,3
6,12,1.108,37.5,0.397,2328,80.16,3
6,12,1.108,37.5,0.407,2470,66.84,3
6,12,1.108,37.5,0.417,2490,67.68,3
6,12,1.108,37.5,0.427,2524,88.8,3
6,12,1.108,37.5,0.437,2626,91.2,3
6,12,1.108,37.5,0.447,2759,93.48,3
6,12,1.108,37.5,0.457,2678,66.48,3
6,12,1.108,37.5,0.467,2746,88.44,3
6,12,1.108,37.5,0.477,2764,97.44,3
6,12,1.108,37.5,0.487,2861,99,3
6,12,1.108,37.5,0.497,2921,73.08,3
6,12,1.108,37.5,0.507,2885,80.04,3
6,12,1.108,37.5,0.517,2783,91.32,3
6,12,1.108,37.5,0.527,2904,93.36,3
6,12,1.108,37.5,0.537,2795,66.72,3
6,12,1.108,37.5,0.547,2748,72.96,3
6,12,1.108,37.5,0.557,2462,81.12,3
6,12,1.108,37.5,0.567,2452,79.92,3
6,12,1.108,37.5,0.577,2430,55.08,3
6,12,1.108,37.5,0.587,2431,75.96,3
6,12,1.108,37.5,0.597,2363,74.52,3
6,12,1.108,37.5,0.607,2245,59.04,3
6,12,1.108,37.5,0.617,2266,56.16,3
6,12,1.108,37.5,0.627,2262,64.44,3
6,12,1.108,37.5,0.637,2249,58.2,3
6,12,1.108,37.5,0.647,2138,46.32,3
6,12,1.108,37.5,0.657,2154,56.4,3
6,12,1.108,37.5,0.667,2153,56.52,3
6,12,1.108,37.5,0.677,2105,42.72,3
6,12,1.108,37.5,0.687,2113,53.16,3
6,12,1.108,37.5,0.697,2003,45.36,3
6,12,1.108,37.5,0.707,2152,36.6,3
6,12,1.108,37.5,0.717,2032,42.48,3
6,12,1.108,37.5,0.727,2075,42.84,3
6,12,1.299,37.5,0.163,258,18.84,3
6,12,1.299,37.5,0.173,294,19.56,3
6,12,1.299,37.5,0.183,398.4,17.76,3
6,12,1.299,37.5,0.193,465.6,18.96,3
6,12,1.299,37.5,0.203,612,27.72,3
6,12,1.299,37.5,0.213,735.6,38.52,3
6,12,1.299,37.5,0.223,848.4,41.28,3
6,12,1.299,37.5,0.233,951.6,43.8,3
6,12,1.299,37.5,0.243,1168,47.28,3
6,12,1.299,37.5,0.253,1342,39.24,3
6,12,1.299,37.5,0.263,1450,38.76,3
6,12,1.299,37.5,0.273,1457,47.16,3
6,12,1.299,37.5,0.283,1589,58.56,3
6,12,1.299,37.5,0.293,1763,61.08,3
6,12,1.299,37.5,0.303,1751,60.72,3
6,12,1.299,37.5,0.313,1750,61.08,3
6,12,1.299,37.5,0.323,1843,44.52,3
6,12,1.299,37.5,0.333,1756,40.56,3
6,12,1.299,37.5,0.343,1829,55.32,3
6,12,1.299,37.5,0.353,1712,53.52,3
6,12,1.299,37.5,0.363,1704,52.92,3
6,12,1.299,37.5,0.373,1621,51.12,3
6,12,1.299,37.5,0.383,1571,66.72,3
6,12,1.299,37.5,0.393,1486,50.52,3
6,12,1.299,37.5,0.403,1426,49.2,3
6,12,1.299,37.5,0.413,1355,47.88,3
6,12,1.299,37.5,0.423,1354,46.8,3
6,12,1.299,37.5,0.433,1343,47.28,3
6,12,1.299,37.5,0.443,1440,37.44,3
6,12,1.299,37.5,0.453,1355,32.4,3
6,12,1.299,37.5,0.463,1339,40.8,3
6,12,1.299,37.5,0.473,1418,45.6,3
6,12,1.299,37.5,0.483,1398,45.6,3
6,12,1.299,37.5,0.493,1448,46.44,3
6,12,1.299,37.5,0.503,1475,35.28,3
6,12,1.299,37.5,0.513,1607,41.88,3
6,12,1.299,37.5,0.523,1571,55.8,3
6,12,1.299,37.5,0.533,1634,56.52,3
6,12,1.299,37.5,0.543,1692,57.12,3
6,12,1.299,37.5,0.553,1693,44.88,3
6,12,1.299,37.5,0.563,1598,40.92,3
6,12,1.299,37.5,0.573,1654,55.2,3
6,12,1.299,37.5,0.583,1654,55.68,3
6,12,1.299,37.5,0.593,1678,55.92,3
6,12,1.299,37.5,0.603,1640,41.4,3
6,12,1.299,37.5,0.613,1625,44.64,3
6,12,1.299,37.5,0.623,1679,57.84,3
6,12,1.299,37.5,0.633,1613,55.8,3
6,12,1.299,37.5,0.643,1598,50.28,3
6,12,1.299,37.5,0.653,1543,38.52,3
6,12,1.299,37.5,0.663,1480,52.44,3
6,12,1.299,37.5,0.673,1529,52.44,3
6,12,1.299,37.5,0.683,1496,52.32,3
6,12,1.299,37.5,0.693,1512,36.24,3
6,12,1.299,37.5,0.703,1386,44.04,3
6,12,1.299,37.5,0.713,1337,46.56,3
6,12,1.299,37.5,0.723,1435,48.24,3
6,12,1.299,37.5,0.733,1408,33.6,3
6,12,1.299,37.5,0.743,1296,45.24,3
6,12,1.299,37.5,0.753,1414,47.16,3
6,12,1.299,37.5,0.763,1432,40.08,3
6,12,1.299,37.5,0.773,1495,36.48,3
6,12,1.299,37.5,0.783,1402,47.04,3
6,12,1.299,37.5,0.793,1362,46.32,3
6,12,1.299,37.5,0.803,1517,48.84,3
6,12,1.501,37.5,0.256,178.8,9.24,3
6,12,1.501,37.5,0.266,228,10.2,3
6,12,1.501,37.5,0.276,301.2,8.76,3
6,12,1.501,37.5,0.286,349.2,9.36,3
6,12,1.501,37.5,0.296,394.8,11.16,3
6,12,1.501,37.5,0.306,454.8,15.6,3
6,12,1.501,37.5,0.316,522,16.44,3
6,12,1.501,37.5,0.326,548.4,17.16,3
6,12,1.501,37.5,0.336,634.8,18.24,3
6,12,1.501,37.5,0.346,670.8,18.72,3
6,12,1.501,37.5,0.356,778.8,16.08,3
6,12,1.501,37.5,0.366,781.2,15.36,3
6,12,1.501,37.5,0.376,825.6,19.44,3
6,12,1.501,37.5,0.386,832.8,24.36,3
6,12,1.501,37.5,0.396,849.6,24.48,3
6,12,1.501,37.5,0.406,858,24.24,3
6,12,1.501,37.5,0.416,870,24.48,3
6,12,1.501,37.5,0.426,876,20.4,3
6,12,1.501,37.5,0.436,877.2,16.68,3
6,12,1.501,37.5,0.446,820.8,17.04,3
6,12,1.501,37.5,0.456,838.8,22.56,3
6,12,1.501,37.5,0.466,824.4,22.2,3
6,12,1.501,37.5,0.476,842.4,22.2,3
6,12,1.501,37.5,0.486,775.2,21.24,3
6,12,1.501,37.5,0.496,741.6,18,3
6,12,1.501,37.5,0.506,762,15.84,3
6,12,1.501,37.5,0.516,698.4,15.96,3
6,12,1.501,37.5,0.526,699.6,22.8,3
6,12,1.501,37.5,0.536,684,22.44,3
6,12,1.501,37.5,0.546,715.2,23.04,3
6,12,1.501,37.5,0.556,760.8,23.64,3
6,12,1.501,37.5,0.566,800.4,17.64,3
6,12,1.501,37.5,0.576,802.8,16.8,3
6,12,1.501,37.5,0.586,806.4,21.12,3
6,12,1.501,37.5,0.596,876,23.76,3
6,12,1.501,37.5,0.606,896.4,24.24,3
6,12,1.501,37.5,0.616,882,24.12,3
6,12,1.501,37.5,0.626,901.2,19.32,3
6,12,1.501,37.5,0.636,936,17.4,3
6,12,1.501,37.5,0.646,928.8,22.8,3
6,12,1.501,37.5,0.656,925.2,24.84,3
6,12,1.501,37.5,0.666,964.8,25.32,3
6,12,1.501,37.5,0.676,922.8,24.48,3
6,12,1.501,37.5,0.686,967.2,18.72,3
6,12,1.501,37.5,0.696,928.8,18.12,3
6,12,1.501,37.5,0.706,952.8,24.6,3
6,12,1.501,37.5,0.716,914.4,24,3
6,12,1.501,37.5,0.726,906,24,3
6,12,1.501,37.5,0.736,897.6,18,3
6,12,1.501,37.5,0.746,867.6,15.96,3
6,12,1.501,37.5,0.756,906,22.32,3
6,12,1.501,37.5,0.766,870,21.6,3
6,12,1.501,37.5,0.776,900,21.96,3
6,12,1.501,37.5,0.786,883.2,18.72,3
6,12,1.501,37.5,0.796,892.8,17.16,3
6,12,1.501,37.5,0.806,877.2,23.88,3
6,12,1.501,37.5,0.816,864,23.76,3
6,12,1.501,37.5,0.826,862.8,23.64,3
6,12,1.501,37.5,0.836,880.8,18.48,3
6,12,1.501,37.5,0.846,866.4,21.36,3
6,12,1.501,37.5,0.856,883.2,26.4,3
6,12,1.501,37.5,0.866,932.4,26.88,3
6,12,1.501,37.5,0.876,924,26.76,3
6,12,1.501,37.5,0.886,872.4,28.68,3
6,12,1.3,11.95,0.03,930964.8,22404.45,4
6,12,1.3,11.95,0.04,959602.3,16964.28,4
6,12,1.3,11.95,0.05,955790,16636.51,4
6,12,1.3,11.95,0.06,938113.7,23699.72,4
6,12,1.3,11.95,0.07,874538,21925.47,4
6,12,1.3,11.95,0.08,739704.5,19792.08,4
6,12,1.3,11.95,0.09,604235.5,11974.38,4
6,12,1.3,11.95,0.1,512120.8,13912.58,4
6,12,1.3,11.95,0.11,412303.7,12091.75,4
6,12,1.3,11.95,0.12,306040.1,10283.87,4
6,12,1.3,11.95,0.13,241890.1,8909.312,4
6,12,1.3,11.95,0.14,196068.3,4568.095,4
6,12,1.3,11.95,0.15,159003.6,4813.178,4
6,12,1.3,11.95,0.16,133882.8,4313.96,4
6,12,1.3,11.95,0.17,120980.8,4031.895,4
6,12,1.3,11.95,0.18,111412.3,2492.409,4
6,12,1.3,11.95,0.19,101740.1,2819.853,4
6,12,1.3,11.95,0.2,107018.9,2859.745,4
6,12,1.3,11.95,0.21,107064.1,2378.104,4
6,12,1.3,11.95,0.22,116051.1,2506.328,4
6,12,1.3,11.95,0.23,115629.7,2564.199,4
6,12,1.3,11.95,0.24,122596.7,2873.351,4
6,12,1.3,11.95,0.25,131363.4,2969.455,4
6,12,1.3,11.95,0.26,136102.3,3067.343,4
6,12,1.3,11.95,0.27,139041.5,3096.772,4
6,12,1.3,11.95,0.28,144164.2,3169.621,4
6,12,1.3,11.95,0.29,142839.3,4039.608,4
6,12,1.3,11.95,0.3,152505.7,4262.05,4
6,12,1.3,11.95,0.31,159452.7,3396.446,4
6,12,1.3,11.95,0.32,156153.5,4513.599,4
6,12,1.3,11.95,0.33,149438.7,4428.655,4
6,12,1.3,11.95,0.34,157079.7,3459.693,4
6,12,1.3,11.95,0.35,154741.5,4335.473,4
6,12,1.3,11.95,0.36,155686.4,4322.895,4
6,12,1.3,11.95,0.37,137911.2,2891.817,4
6,12,1.3,11.95,0.38,137703.1,3279.341,4
6,12,1.3,11.95,0.39,122453.8,3171.535,4
6,12,1.3,11.95,0.4,120426.1,3243.639,4
6,12,1.3,11.95,0.41,113058.4,3200.658,4
6,12,1.3,11.95,0.42,107398.3,3222.149,4
6,12,1.3,11.95,0.43,102772.6,3179.168,4
6,12,1.3,11.95,0.44,93565.83,3063.176,4
6,12,1.3,11.95,0.45,88612.72,3044.521,4
6,12,1.3,11.95,0.46,83624.37,2483.614,4
6,12,1.3,11.95,0.47,78446.48,2631.968,4
6,12,1.3,11.95,0.48,72781.73,2641.293,4
6,12,1.3,11.95,0.49,70459.59,2437.434,4
6,12,1.3,11.95,0.5,64243.85,2606.592,4
6,12,1.3,11.95,0.51,61710.32,2623.405,4
6,12,1.3,11.95,0.52,58797.34,2661.187,4
6,12,1.3,13.54,0.02,796651.2,19757.4,4
6,12,1.3,13.54,0.03,437893.2,11086.03,4
6,12,1.3,13.54,0.04,482337.2,7865.295,4
6,12,1.3,13.54,0.05,515736,7897.703,4
6,12,1.3,13.54,0.06,547001.5,10393.58,4
6,12,1.3,13.54,0.07,526575.3,10154.65,4
6,12,1.3,13.54,0.08,484799,9789.315,4
6,12,1.3,13.54,0.09,434537.4,5822.335,4
6,12,1.3,13.54,0.1,370674.8,6579.004,4
6,12,1.3,13.54,0.11,300803.8,5741.31,4
6,12,1.3,13.54,0.12,237436.7,5002.105,4
6,12,1.3,13.54,0.13,187934.9,4332.393,4
6,12,1.3,13.54,0.14,154888.1,2394.64,4
6,12,1.3,13.54,0.15,132544.3,2679.003,4
6,12,1.3,13.54,0.16,109868.8,2356.566,4
6,12,1.3,13.54,0.17,91335.11,2121.114,4
6,12,1.3,13.54,0.18,85560.02,1340.118,4
6,12,1.3,13.54,0.19,76154.97,1584.115,4
6,12,1.3,13.54,0.2,74380.99,1532.818,4
6,12,1.3,13.54,0.21,75515.07,1573.039,4
6,12,1.3,13.54,0.22,75659.87,1666.42,4
6,12,1.3,13.54,0.23,79370.51,1783.123,4
6,12,1.5,11.95,0.03,526129.7,6197.903,4
6,12,1.5,11.95,0.04,565225.3,9541.187,4
6,12,1.5,11.95,0.05,608970.6,9575.767,4
6,12,1.5,11.95,0.06,675417.8,9833.505,4
6,12,1.5,11.95,0.07,643159.5,9598.175,4
6,12,1.5,11.95,0.08,619448.1,6259.503,4
6,12,1.5,11.95,0.09,549403.6,5866.575,4
6,12,1.5,11.95,0.1,463401,6616.814,4
6,12,1.5,11.95,0.11,392023.1,6007.761,4
6,12,1.5,11.95,0.12,319074.6,5311.975,4
6,12,1.5,11.95,0.13,247832.6,4602.339,4
6,12,1.5,11.95,0.14,215011.1,2929.382,4
6,12,1.5,11.95,0.15,184147.7,3569.83,4
6,12,1.5,11.95,0.16,153135.5,3174.538,4
6,12,1.5,11.95,0.17,129772.8,2839.947,4
6,12,1.5,11.95,0.18,112291.4,2610.616,4
6,12,1.5,11.95,0.19,102909.8,1479.356,4
6,12,1.5,11.95,0.2,98617.89,1694.061,4
6,12,1.5,11.95,0.21,95424.39,1650.696,4
6,12,1.5,11.95,0.22,92986.14,1626.353,4
6,12,1.5,11.95,0.23,94807.85,1676.926,4
6,12,1.5,11.95,0.24,98355.96,1300.45,4
6,12,1.5,11.95,0.25,106010.4,1367.546,4
6,12,1.5,11.95,0.26,107633.9,1852.351,4
6,12,1.5,11.95,0.27,115975.6,1950.396,4
6,12,1.5,11.95,0.28,118179.6,2048.144,4
6,12,1.5,11.95,0.29,118340.4,1499.151,4
6,12,1.5,11.95,0.3,123042.5,2098.778,4
6,12,1.5,11.95,0.31,127245.7,2074.619,4
6,12,1.5,11.95,0.32,124065.9,2064.7,4
6,12,1.5,11.95,0.33,124152.7,2088.872,4
6,12,1.5,11.95,0.34,126115.3,1541.193,4
6,12,1.5,11.95,0.35,126881.8,2085.33,4
6,12,1.5,11.95,0.36,123097.5,2031.167,4
6,12,1.5,11.95,0.37,122311.6,2015.903,4
6,12,1.5,11.95,0.38,118742.6,1388.662,4
6,12,1.5,11.95,0.39,115972.4,1713.912,4
6,12,1.5,11.95,0.4,110205.5,1641.731,4
6,12,1.5,11.95,0.41,107916.1,1638.313,4
6,12,1.5,11.95,0.42,102744.7,1648.885,4
6,12,1.5,11.95,0.43,92295.49,1621.46,4
6,12,1.5,13.54,0.04,243725.1,5379.97,4
6,12,1.5,13.54,0.05,282956.9,5658.384,4
6,12,1.5,13.54,0.06,299185.9,5627.62,4
6,12,1.5,13.54,0.07,338362.7,6056.442,4
6,12,1.5,13.54,0.08,361450.3,4898.183,4
6,12,1.5,13.54,0.09,334932.9,4575.627,4
6,12,1.5,13.54,0.1,323520.7,6791.601,4
6,12,1.5,13.54,0.11,265142.1,5940.649,4
6,12,1.5,13.54,0.12,245409,5579.649,4
6,12,1.5,13.54,0.13,210723.8,5196.57,4
6,12,1.5,13.54,0.14,173452.8,2989.804,4
6,12,1.5,13.54,0.15,154378.8,3533.482,4
6,12,1.5,13.54,0.16,123236.3,2980.655,4
6,12,1.5,13.54,0.17,102644.3,2618.303,4
6,12,1.5,13.54,0.18,85606.72,2373.214,4
6,12,1.5,13.54,0.19,79920.07,1383.613,4
6,12,1.5,13.54,0.2,71876.66,1295.194,4
6,12,1.5,13.54,0.21,67310.43,1475.87,4
6,12,1.5,13.54,0.22,65396.8,1443.45,4
6,12,1.5,13.54,0.23,66201.35,1472.157,4
6,12,1.5,13.54,0.24,64868.65,1108.978,4
6,12,1.5,13.54,0.25,67608.15,1147.126,4
6,12,1.5,13.54,0.26,68398.98,1621,4
6,12,1.5,13.54,0.27,74223.05,1663.862,4
6,12,1.5,13.54,0.28,75057.57,1710.905,4
6,12,1.5,13.54,0.29,81059.07,1341.856,4
6,12,1.5,13.54,0.3,82755.32,1908.398,4
6,12,1.5,13.54,0.31,82211.01,1856.698,4
6,12,1.5,13.54,0.32,85494.92,1902.211,4
6,12,1.5,13.54,0.33,84327.84,1921.754,4
6,12,1.5,13.54,0.34,86020.8,1413.668,4
6,12,1.5,13.54,0.35,86772.33,1993.064,4
6,12,1.5,13.54,0.36,85897.37,1948.678,4
6,12,1.5,13.54,0.37,83130.57,1944.205,4
6,12,1.5,13.54,0.38,83651.15,1187.877,4
6,12,1.5,13.54,0.39,79108.37,1371.928,4
6,12,1.5,13.54,0.4,76459.63,1299.762,4
6,12,1.5,13.54,0.41,71874.87,1249.941,4
6,12,1.5,13.54,0.42,69096.89,1252.587,4
6,12,1.65,11.95,0.03,323964.9,5253.803,4
6,12,1.65,11.95,0.04,378590.7,5575.458,4
6,12,1.65,11.95,0.05,406919.6,4504.808,4
6,12,1.65,11.95,0.06,451607.1,4655.365,4
6,12,1.65,11.95,0.07,479087.2,4796.37,4
6,12,1.65,11.95,0.08,470886.9,6894.441,4
6,12,1.65,11.95,0.09,478082.3,6965.59,4
6,12,1.65,11.95,0.1,419625.8,6521.304,4
6,12,1.65,11.95,0.11,376028.9,6236.496,4
6,12,1.65,11.95,0.12,323971.1,3911.693,4
6,12,1.65,11.95,0.13,271780.2,3416.148,4
6,12,1.65,11.95,0.14,224106.4,3978.477,4
6,12,1.65,11.95,0.15,182537.5,3551.445,4
6,12,1.65,11.95,0.16,155560.2,3218.535,4
6,12,1.65,11.95,0.17,135635.1,1795.494,4
6,12,1.65,11.95,0.18,113599,1435.094,4
6,12,1.65,11.95,0.19,100318.3,1541.69,4
6,12,1.65,11.95,0.2,91758.16,1425.331,4
6,12,1.65,11.95,0.21,86537.02,1382.395,4
6,12,1.65,11.95,0.22,82888.69,1362.685,4
6,12,1.65,11.95,0.23,86643.42,1050.668,4
6,12,1.65,11.95,0.24,89520.12,1055.592,4
6,12,1.65,11.95,0.25,92661,1483.888,4
6,12,1.65,11.95,0.26,92073.04,1454.024,4
6,12,1.65,11.95,0.27,96153.9,1520.589,4
6,12,1.65,11.95,0.28,99363.01,1587.05,4
6,12,1.65,11.95,0.29,108059.8,1678.299,4
6,12,1.65,11.95,0.3,109215.9,1773.191,4
6,12,1.65,11.95,0.31,113936.6,2007.296,4
6,12,1.65,11.95,0.32,116184.5,1929.261,4
6,12,1.65,11.95,0.33,117633.7,1851.226,4
6,12,1.65,11.95,0.34,119510.1,2085.331,4
6,12,1.65,11.95,0.35,119152.9,2042.13,4
6,12,1.65,11.95,0.36,115297.8,1965.07,4
6,12,1.65,11.95,0.37,115960.1,1949.791,4
6,12,1.65,11.95,0.38,115123.5,1960.08,4
6,12,1.65,11.95,0.39,108407.9,1350.654,4
6,12,1.65,11.95,0.4,102270.4,1315.21,4
6,12,1.65,11.95,0.41,98445.16,1734.019,4
6,12,1.65,11.95,0.42,96016.47,1720.985,4
6,12,1.65,11.95,0.43,92805.96,1681.702,4
6,12,1.65,11.95,0.44,87305.67,1170.634,4
6,12,1.65,11.95,0.45,83263.39,1538.57,4
6,12,1.65,11.95,0.46,75245.01,1412.282,4
6,12,1.65,11.95,0.47,72463.39,1393.56,4
6,12,1.65,11.95,0.48,70795.47,1384.802,4
6,12,1.65,11.95,0.49,66435.62,990.6615,4
6,12,1.65,11.95,0.5,64570.89,1341.146,4
6,12,1.65,11.95,0.51,62391.24,1289.981,4
6,12,1.65,11.95,0.52,57711.42,1265.615,4
6,12,1.65,11.95,0.53,55144.37,966.6588,4
6,12,1.65,11.95,0.54,53844.73,1357.771,4
6,12,1.65,11.95,0.55,51174.63,1299.51,4
6,12,1.65,11.95,0.56,48189.75,1286.064,4
6,12,1.65,11.95,0.57,44997.62,1284.466,4
6,12,1.65,11.95,0.58,45271.02,1326.689,4
6,12,1.65,13.54,0.04,145501.9,2526.933,4
6,12,1.65,13.54,0.05,175432.4,2292.025,4
6,12,1.65,13.54,0.06,198970.6,2377.641,4
6,12,1.65,13.54,0.07,221762.8,2508.711,4
6,12,1.65,13.54,0.08,243801.7,4075.971,4
6,12,1.65,13.54,0.09,258177.8,4158.617,4
6,12,1.65,13.54,0.1,252087.6,4096.261,4
6,12,1.65,13.54,0.11,242132.3,4074.619,4
6,12,1.65,13.54,0.12,227376.9,2370.756,4
6,12,1.65,13.54,0.13,206644.4,2229.922,4
6,12,1.65,13.54,0.14,173676.3,2335.988,4
6,12,1.65,13.54,0.15,148788.2,2121.826,4
6,12,1.65,13.54,0.16,127411.9,1974.665,4
6,12,1.65,13.54,0.17,107376.9,1787.218,4
6,12,1.65,13.54,0.18,94917.3,1213.416,4
6,12,1.65,13.54,0.19,81590.12,1295.728,4
6,12,1.65,13.54,0.2,74191.86,1487.625,4
6,12,1.65,13.54,0.21,64032.19,1337.207,4
6,12,1.65,13.54,0.22,61780.38,1331.261,4
6,12,1.65,13.54,0.23,57887.11,776.0452,4
6,12,1.65,13.54,0.24,57631.06,752.4317,4
6,12,1.65,13.54,0.25,56187.31,890.2473,4
6,12,1.65,13.54,0.26,57122.76,891.8657,4
6,12,1.65,13.54,0.27,58900.47,912.5375,4
6,12,1.65,13.54,0.28,61353.18,961.9451,4
6,12,1.65,13.54,0.29,65783.49,738.9233,4
6,12,1.65,13.54,0.3,68218.84,778.3835,4
6,12,1.65,13.54,0.31,67295.16,1102.891,4
6,12,1.65,13.54,0.32,68595.42,1114.683,4
6,12,1.65,13.54,0.33,72950.15,1133.637,4
6,12,1.65,13.54,0.34,72923.97,871.2422,4
6,12,1.65,13.54,0.35,73388.18,882.4764,4
6,12,1.65,13.54,0.36,74757.8,1296.179,4
6,12,1.65,13.54,0.37,73952.38,1278.787,4
6,12,1.65,13.54,0.38,76921.52,1320.924,4
6,12,1.65,13.54,0.39,73000.1,901.01,4
6,12,1.65,13.54,0.4,70634.65,870.2748,4
6,12,1.65,13.54,0.41,72045.62,1135.543,4
6,12,1.65,13.54,0.42,69352.48,1114.14,4
6,12,1.65,13.54,0.43,64596.21,1096.194,4
6,12,1.65,13.54,0.44,62484.27,766.1642,4
6,12,1.65,13.54,0.45,59814.83,1017.262,4
6,12,1.65,13.54,0.46,56696.69,953.4916,4
6,12,1.65,13.54,0.47,51093.97,907.6688,4
6,12,1.65,13.54,0.48,49635.45,902.3705,4
6,12,1.65,13.54,0.49,49112.22,624.8568,4
6,12,1.65,13.54,0.5,48226.51,824.153,4
6,12,1.65,13.54,0.51,45891.75,786.2989,4
6,12,1.65,13.54,0.52,42608.84,759.0021,4
6,12,1.65,13.54,0.53,40271.25,486.883,4
6,12,1.65,13.54,0.54,40294.72,601.4231,4
6,12,1.65,13.54,0.55,37744.52,562.8253,4
6,12,1.65,13.54,0.56,34448.44,532.1071,4
6,12,1.65,13.54,0.57,33055.71,534.437,4
6,12,1.65,13.54,0.58,32832.34,558.4899,4
6,12,1.93,16,0,2070,300,5
6,12,1.93,16,0.018,4440,500,5
6,12,1.93,16,0.036,8240,600,5
6,12,1.93,16,0.054,14600,900,5
6,12,1.93,16,0.073,23500,1700,5
6,12,1.93,16,0.091,33800,1300,5
6,12,1.93,16,0.109,43200,2100,5
6,12,1.93,16,0.127,51100,2500,5
6,12,1.93,16,0.145,53000,2500,5
6,12,1.93,16,0.164,60200,2800,5
6,12,1.93,16,0.182,55300,2700,5
6,12,1.93,16,0.2,53300,2700,5
6,12,1.93,16,0.218,42500,2300,5
6,12,1.93,16,0.236,36200,2000,5
6,12,1.93,16,0.262,31400,1900,5
6,12,1.93,16,0.278,30500,1800,5
6,12,1.93,16,0.293,27200,1800,5
6,12,1.93,16,0.309,27000,1800,5
6,12,1.93,16,0.324,21600,1600,5
6,12,1.93,16,0.34,24300,1800,5
6,12,1.93,16,0.355,22400,1700,5
6,12,1.93,16,0.371,24900,2000,5
6,12,1.93,16,0.386,26100,2000,5
6,12,1.93,16,0.401,25400,2100,5
6,12,1.93,16,0.417,25900,2200,5
6,12,1.93,16,0.432,27200,2300,5
6,12,1.93,16,0.448,27500,2400,5
6,12,1.93,16,0.463,27000,2500,5
6,12,1.93,16,0.479,24300,2200,5
6,12,1.93,16,0.504,24400,2300,5
6,12,1.93,16,0.51,23100,2300,5
6,12,1.93,18,0,380,100,5
6,12,1.93,18,0.018,800,200,5
6,12,1.93,18,0.036,2140,300,5
6,12,1.93,18,0.054,2600,300,5
6,12,1.93,18,0.073,5770,500,5
6,12,1.93,18,0.092,8710,700,5
6,12,1.93,18,0.109,12500,800,5
6,12,1.93,18,0.127,16800,1000,5
6,12,1.93,18,0.145,23100,1400,5
6,12,1.93,18,0.164,26300,1400,5
6,12,1.93,18,0.182,27600,1400,5
6,12,1.93,18,0.2,31300,1600,5
6,12,1.93,18,0.218,28600,1500,5
6,12,1.93,18,0.236,27000,1400,5
6,12,1.93,18,0.255,24200,1400,5
6,12,1.93,18,0.27,22000,1300,5
6,12,1.93,18,0.285,20700,1300,5
6,12,1.93,18,0.301,18800,1200,5
6,12,1.93,18,0.316,19200,1300,5
6,12,1.93,18,0.332,18600,1300,5
6,12,1.93,18,0.347,17700,1200,5
6,12,1.93,18,0.364,16900,1200,5
6,12,1.93,18,0.38,16600,1200,5
6,12,1.93,18,0.394,19700,1500,5
6,12,1.93,18,0.409,18400,1400,5
6,12,1.93,18,0.424,19700,1600,5
6,12,1.93,18,0.439,19000,1500,5
6,12,1.93,18,0.454,20100,1600,5
6,12,1.93,18,0.469,19800,1700,5
6,12,1.93,18,0.484,20300,1700,5
6,12,1.93,18,0.499,18500,1600,5
6,12,1.93,18,0.514,19900,2000,5
6,12,1.93,18,0.526,18000,1900,5
6,12,1.93,18,0.541,18800,1900,5
6,12,1.93,18,0.555,17900,2000,5
6,12,1.93,18,0.57,17800,2000,5
6,12,2.13,16,0.021,1110,200,5
6,12,2.13,16,0.04,3380,400,5
6,12,2.13,16,0.063,6710,600,5
6,12,2.13,16,0.082,9890,700,5
6,12,2.13,16,0.102,17300,1000,5
6,12,2.13,16,0.121,22800,1200,5
6,12,2.13,16,0.141,29300,1700,5
6,12,2.13,16,0.16,35500,1700,5
6,12,2.13,16,0.179,37000,1800,5
6,12,2.13,16,0.199,38500,1900,5
6,12,2.13,16,0.218,37600,1800,5
6,12,2.13,16,0.237,36000,1800,5
6,12,2.13,16,0.256,33400,1800,5
6,12,2.13,16,0.272,28600,1700,5
6,12,2.13,16,0.297,25600,1600,5
6,12,2.13,16,0.315,21700,1500,5
6,12,2.13,16,0.334,21800,1600,5
6,12,2.13,16,0.353,19200,1500,5
6,12,2.13,16,0.373,22400,1800,5
6,12,2.13,16,0.389,22100,1900,5
6,12,2.13,16,0.406,22100,1900,5
6,12,2.13,16,0.423,24500,2100,5
6,12,2.13,16,0.44,23600,2100,5
6,12,2.13,16,0.457,23800,2200,5
6,12,2.13,16,0.474,25400,2100,5
6,12,2.13,16,0.491,21100,2300,5
6,12,2.13,16,0.508,22300,2300,5
6,12,2.13,16,0.521,18800,2000,5
6,12,2.13,16,0.537,24400,2600,5
6,12,2.13,16,0.554,20700,2300,5
6,12,2.13,16,0.57,22600,2600,5
6,12,2.13,16,0.586,23000,2600,5
6,12,2.13,16,0.602,16600,2000,5
6,12,2.13,16,0.619,16500,2000,5
6,12,2.13,18,0.035,560,100,5
6,12,2.13,18,0.054,1050,100,5
6,12,2.13,18,0.074,1720,200,5
6,12,2.13,18,0.093,3050,300,5
6,12,2.13,18,0.112,5510,400,5
6,12,2.13,18,0.132,7460,400,5
6,12,2.13,18,0.151,9980,500,5
6,12,2.13,18,0.171,13500,700,5
6,12,2.13,18,0.19,15600,800,5
6,12,2.13,18,0.209,16200,800,5
6,12,2.13,18,0.229,18500,900,5
6,12,2.13,18,0.246,20400,1000,5
6,12,2.13,18,0.265,19900,900,5
6,12,2.13,18,0.283,18300,900,5
6,12,2.13,18,0.301,15700,800,5
6,12,2.13,18,0.314,15800,900,5
6,12,2.13,18,0.329,13700,800,5
6,12,2.13,18,0.347,14400,800,5
6,12,2.13,18,0.367,14500,900,5
6,12,2.13,18,0.384,13400,800,5
6,12,2.13,18,0.401,13700,900,5
6,12,2.13,18,0.419,13400,900,5
6,12,2.13,18,0.436,13400,900,5
6,12,2.13,18,0.454,14600,1000,5
6,12,2.13,18,0.47,15100,1100,5
6,12,2.13,18,0.487,14300,1200,5
6,12,2.13,18,0.504,15200,1200,5
6,12,2.13,18,0.516,14400,1200,5
6,12,2.13,18,0.531,14500,1300,5
6,12,2.13,18,0.547,14700,1300,5
6,12,2.13,18,0.562,14300,1300,5
6,12,2.13,18,0.578,14300,1300,5
6,12,2.13,18,0.594,14200,1400,5
6,12,2.222,15.541,0.087,8855.9,193.62,6
6,12,2.222,15.541,0.097,12640,326.34,6
6,12,2.222,15.541,0.107,16153,396.56,6
6,12,2.222,15.541,0.117,20153,462.32,6
6,12,2.222,15.541,0.127,24115,588.75,6
6,12,2.222,15.541,0.137,28173,948.9,6
6,12,2.222,15.541,0.147,31380,688.98,6
6,12,2.222,15.541,0.157,35130,772.48,6
6,12,2.222,15.541,0.167,36747,910.9,6
6,12,2.222,15.541,0.177,38369,880.07,6
6,12,2.222,15.541,0.187,39885,1067.6,6
6,12,2.222,15.541,0.197,39163,974,6
6,12,2.222,15.541,0.207,39194,874.68,6
6,12,2.222,15.541,0.217,38199,789.54,6
6,12,2.222,15.541,0.227,36698,762.1,6
6,12,2.222,15.541,0.237,33975,756.31,6
6,12,2.222,15.541,0.247,31759,665.48,6
6,12,2.222,15.541,0.257,29495,763.76,6
6,12,2.222,15.541,0.267,28302,625.72,6
6,12,2.222,15.541,0.277,25595,618.33,6
6,12,2.222,15.541,0.287,23809,515.98,6
6,12,2.222,15.541,0.297,22500,504.89,6
6,12,2.222,15.541,0.307,20831,482.27,6
6,12,2.222,15.541,0.317,19968,497.79,6
6,12,2.222,15.541,0.327,19311,449.61,6
6,12,2.222,15.541,0.337,19002,499.11,6
6,12,2.222,15.541,0.347,18621,407.81,6
6,12,2.222,15.541,0.357,18440,495.9,6
6,12,2.222,15.541,0.367,18600,407.82,6
6,12,2.222,15.541,0.377,18414,452.71,6
6,12,2.222,15.541,0.387,18220,403.78,6
6,12,2.222,15.541,0.397,19250,456.97,6
6,12,2.222,15.541,0.407,19360,434.48,6
6,12,2.222,15.541,0.417,19635,456.02,6
6,12,2.222,15.541,0.427,20073,453.87,6
6,12,2.222,15.541,0.437,20443,481.54,6
6,12,2.222,15.541,0.447,20473,410.59,6
6,12,2.222,15.541,0.457,20809,495.28,6
6,12,2.222,15.541,0.467,20461,437.7,6
6,12,2.222,15.541,0.477,20660,443.6,6
6,12,2.222,15.541,0.487,20174,483.82,6
6,12,2.222,15.541,0.497,19762,405.9,6
6,12,2.222,15.541,0.507,19470,411.49,6
6,12,2.222,15.541,0.517,19207,410.01,6
6,12,2.222,15.541,0.527,18923,416.95,6
6,12,2.222,15.541,0.537,18715,391.8,6
6,12,2.222,15.541,0.547,18087,596.93,6
6,12,2.222,15.541,0.557,17605,390.89,6
6,12,2.222,15.541,0.567,16918,386.3,6
6,12,2.222,15.541,0.577,16627,338.66,6
6,12,2.222,15.541,0.587,16206,329.78,6
6,12,2.222,15.541,0.597,16074,368.05,6
6,12,2.222,15.541,0.607,15015,383.14,6
6,12,2.222,15.541,0.617,14716,320.14,6
6,12,2.222,15.541,0.627,14514,326.28,6
6,12,2.222,15.541,0.637,14346,311.67,6
6,12,2.222,15.541,0.647,13981,336.06,6
6,12,2.222,15.541,0.657,13690,310.77,6
6,12,2.222,15.541,0.667,13309,366.93,6
6,12,2.222,15.541,0.677,13092,320.3,6
6,12,2.222,15.541,0.687,12861,317.66,6
6,12,2.222,15.541,0.697,12363,311.17,6
6,12,2.222,15.541,0.707,12197,297.86,6
6,12,2.222,15.541,0.717,12242,279.78,6
6,12,2.222,15.541,0.727,12084,259.2,6
6,12,2.222,15.541,0.737,12039,276.19,6
6,12,2.222,15.541,0.747,11773,253.38,6
6,12,2.222,15.541,0.757,11872,247.63,6
6,12,2.222,15.541,0.767,11712,251.6,6
6,12,2.222,15.541,0.777,11718,287.5,6
6,12,2.222,15.541,0.787,11383,250.68,6
6,12,2.222,15.541,0.797,11393,283.27,6
6,12,2.222,15.541,0.807,11271,257.72,6
6,12,2.222,15.541,0.817,11143,257.6,6
6,12,2.222,15.541,0.827,11211,280.48,6
6,12,2.222,15.541,0.837,11349,243.42,6
6,12,2.222,15.541,0.847,11062,242.94,6
6,12,2.222,15.541,0.857,11029,265.89,6
6,12,2.222,15.541,0.867,10796,304,6
6,12,2.222,15.541,0.877,10756,274.91,6
6,12,2.222,15.541,0.887,10574,283.17,6
6,12,2.222,15.541,0.897,10405,265.85,6
6,12,2.222,15.541,0.907,10419,258.36,6
6,12,2.222,15.541,0.917,10271,282.94,6
6,12,2.222,15.541,0.927,10451,284.91,6
6,12,2.222,15.541,0.937,10131,260.88,6
6,12,2.015,35.51,0.5504,206.8,1.68,7
6,12,2.015,35.51,0.5601,219.3,1.438,7
6,12,2.015,35.51,0.5712,236.2,1.446,7
6,12,2.015,35.51,0.5823,261,1.54,7
6,12,2.015,35.51,0.5934,272.1,1.567,7
6,12,2.015,35.51,0.6045,279.7,1.595,7
6,12,2.015,35.51,0.6155,281.3,1.607,7
6,12,2.015,35.51,0.6266,285.8,1.59,7
6,12,2.015,35.51,0.6377,296.9,1.644,7
6,12,2.015,35.51,0.6488,294,1.604,7
6,12,2.015,35.51,0.6599,301,1.632,7
6,12,2.015,35.51,0.671,316.9,1.743,7
6,12,2.015,35.51,0.6821,320.5,1.875,7
6,12,2.015,35.51,0.6931,331,2.065,7
6,12,3.188,47.68,1.6346,1.481,0.03362,7
6,12,3.188,47.68,1.6449,1.563,0.02925,7
6,12,3.188,47.68,1.6567,1.781,0.03059,7
6,12,3.188,47.68,1.6684,2.01,0.03235,7
6,12,3.188,47.68,1.6802,2.235,0.03409,7
6,12,3.188,47.68,1.6919,2.398,0.03511,7
6,12,3.188,47.68,1.7037,2.536,0.0362,7
6,12,3.188,47.68,1.7155,2.744,0.03758,7
6,12,3.188,47.68,1.7272,2.986,0.03923,7
6,12,3.188,47.68,1.739,3.24,0.04096,7
6,12,3.188,47.68,1.7507,3.539,0.04278,7
6,12,3.188,47.68,1.7625,3.927,0.04602,7
6,12,3.188,47.68,1.7742,4.283,0.05033,7
6,12,3.188,47.68,1.786,4.526,0.05375,7
6,12,2.02,15.022,0.075,27980,482,8
6,12,2.02,15.022,0.09,37590,562,8
6,12,2.02,15.022,0.105,50770,1169,8
6,12,2.02,15.022,0.12,56920,1224,8
6,12,2.02,15.022,0.135,64680,988.6,8
6,12,2.02,15.022,0.15,67040,1000,8
6,12,2.02,15.022,0.165,67860,1470,8
6,12,2.02,15.022,0.18,64310,1374,8
6,12,2.02,15.022,0.195,57740,1265,8
6,12,2.02,15.022,0.21,53760,975.8,8
6,12,2.02,15.022,0.225,48690,933.6,8
6,12,2.02,15.022,0.24,40050,1244,8
6,12,2.02,15.022,0.255,34220,1140,8
6,12,2.02,15.022,0.27,29530,1043,8
6,12,2.02,15.022,0.285,28320,739.3,8
6,12,2.02,15.022,0.3,28960,1041,8
6,12,2.02,15.022,0.315,26140,979.3,8
6,12,2.02,15.022,0.33,29150,1034,8
6,12,2.02,15.022,0.345,29440,1075,8
6,12,2.02,15.022,0.36,27920,1071,8
6,12,2.02,20.016,0.075,464.2,14.28,8
6,12,2.02,20.016,0.09,853.3,19.27,8
6,12,2.02,20.016,0.105,1364,24.01,8
6,12,2.02,20.016,0.12,2029,136.2,8
6,12,2.02,20.016,0.135,3343,167.9,8
6,12,2.02,20.016,0.15,4302,150.4,8
6,12,2.02,20.016,0.165,5850,171.7,8
6,12,2.02,20.016,0.18,7637,169.8,8
6,12,2.02,20.016,0.195,9234,185.4,8
6,12,2.02,20.016,0.21,10550,257.6,8
6,12,2.02,20.016,0.225,11210,233.8,8
6,12,2.02,20.016,0.24,11680,291.2,8
6,12,2.02,20.016,0.255,12000,227.2,8
6,12,2.02,20.016,0.27,11700,272.5,8
6,12,2.02,20.016,0.285,11220,262,8
6,12,2.02,20.016,0.3,10630,252.4,8
6,12,2.02,20.016,0.315,9704,293.3,8
6,12,2.02,20.016,0.33,9346,202.4,8
6,12,2.02,20.016,0.345,8690,261.2,8
6,12,2.02,20.016,0.36,8323,247.6,8
6,12,2.02,20.016,0.375,7572,229,8
6,12,2.02,20.016,0.39,7406,162.2,8
6,12,2.02,20.016,0.405,7063,159.4,8
6,12,2.02,20.016,0.42,6628,210.4,8
6,12,2.02,20.016,0.435,6937,217.5,8
6,12,2.02,20.016,0.45,7602,234.7,8
6,12,3.595,16.02,0.21,79.87,4.247,8
6,12,3.595,16.02,0.225,115.9,4.999,8
6,12,3.595,16.02,0.24,162.1,5.846,8
6,12,3.595,16.02,0.255,215.4,6.819,8
6,12,3.595,16.02,0.27,268.4,7.934,8
6,12,3.595,16.02,0.285,362.7,8.586,8
6,12,3.595,16.02,0.3,470.9,9.61,8
6,12,3.595,16.02,0.315,610.8,10.84,8
6,12,3.595,16.02,0.33,787.5,30.52,8
6,12,3.595,16.02,0.345,984.3,33.92,8
6,12,3.595,16.02,0.36,1215,37.7,8
6,12,3.595,16.02,0.375,1420,40.49,8
6,12,3.595,16.02,0.39,1598,42.84,8
6,12,3.595,16.02,0.405,1869,37.95,8
6,12,3.595,16.02,0.42,2125,40.16,8
6,12,3.595,16.02,0.435,2283,41.38,8
6,12,3.595,16.02,0.45,2310,63.09,8
6,12,3.595,16.02,0.465,2534,64.4,8
6,12,3.595,16.02,0.48,2645,65,8
6,12,3.595,16.02,0.495,2651,63.9,8
6,12,3.595,16.02,0.51,2740,64.44,8
6,12,3.595,16.02,0.525,2607,49.45,8
6,12,3.595,16.02,0.54,2653,48.89,8
6,12,3.595,16.02,0.555,2571,48.31,8
6,12,3.595,16.02,0.57,2606,73.66,8
6,12,3.595,16.02,0.585,2425,70.08,8
6,12,3.595,16.02,0.6,2421,67.02,8
6,12,3.595,16.02,0.615,2508,67,8
6,12,3.595,16.02,0.63,2407,66.11,8
6,12,3.595,16.02,0.645,2319,55.95,8
6,12,3.595,16.02,0.66,2435,57.02,8
6,12,3.595,16.02,0.675,2429,55.85,8
6,12,3.595,16.02,0.69,2552,91.67,8
6,12,3.595,16.02,0.705,2497,92.82,8
6,12,3.595,16.02,0.72,2738,96.96,8
6,12,3.595,16.02,0.735,2636,91.4,8
6,12,3.595,16.02,0.75,2766,97.52,8
6,12,3.595,16.02,0.765,2745,71.18,8
6,12,3.595,16.02,0.78,2557,66.48,8
6,12,3.595,16.02,0.795,2693,69.6,8
6,12,3.595,16.02,0.81,2440,89.87,8
6,12,3.595,16.02,0.825,2781,96.58,8
6,12,3.595,16.02,0.84,2675,93.79,8
6,12,3.595,16.02,0.855,2593,92.43,8
6,12,3.595,16.02,0.87,2505,73.95,8
6,12,3.595,16.02,0.885,2736,78.17,8
6,12,3.595,16.02,0.9,2674,76.54,8
6,12,3.595,16.02,0.915,2851,125.8,8
6,12,3.595,16.02,0.93,2654,119.2,8
6,12,3.595,16.02,0.945,2800,125.1,8
6,12,3.595,16.02,0.96,2531,118.2,8
6,12,3.595,16.02,0.975,2614,81.56,8
6,12,3.595,16.02,0.99,2598,80.6,8
6,12,3.595,16.02,1.005,2804,111.2,8
6,12,3.595,16.02,1.02,2945,116.1,8
6,12,3.595,16.02,1.035,2740,109.1,8
6,12,3.595,16.02,1.05,2734,106.6,8
6,12,3.595,16.02,1.065,2791,110.9,8
6,12,3.595,16.02,1.08,2804,81.83,8
6,12,3.595,16.02,1.095,2629,78.21,8
6,12,3.595,16.02,1.11,2840,114.5,8
6,12,3.595,16.02,1.125,2766,113.9,8
6,12,3.595,16.02,1.14,2776,116.5,8
6,12,3.595,16.02,1.155,2885,120.2,8
6,12,3.595,16.02,1.17,3062,72.99,8
6,12,3.595,16.02,1.185,3024,68.06,8
6,12,3.595,16.02,1.2,2743,74.94,8
6,12,3.595,16.02,1.215,2836,74.76,8
6,12,3.595,16.02,1.23,2889,74.13,8
6,12,3.595,16.02,1.245,2992,75.51,8
6,12,3.595,16.02,1.26,2938,75.2,8
6,12,3.595,16.02,1.275,2965,61.06,8
6,12,3.595,16.02,1.29,2872,60.77,8
6,12,3.595,16.02,1.305,2738,94.62,8
6,12,3.595,16.02,1.32,2834,93.41,8
6,12,3.595,16.02,1.335,2811,92.27,8
6,12,3.595,16.02,1.35,3071,99.13,8
6,12,3.595,16.02,1.365,2814,74.48,8
6,12,3.595,16.02,1.38,2835,74.12,8
6,12,3.595,16.02,1.395,2855,111.5,8
6,12,3.595,16.02,1.41,3007,113.5,8
6,12,3.595,16.02,1.425,2561,103.6,8
6,12,3.595,16.02,1.44,2816,80.24,8
6,12,3.595,16.02,1.455,2754,77.59,8
6,12,3.595,16.02,1.47,2799,107.9,8
6,12,3.595,16.02,1.485,2601,103.6,8
6,12,3.595,16.02,1.5,2660,105.2,8
6,12,3.595,16.02,1.515,2667,105.4,8
6,12,3.595,16.02,1.53,2729,107.7,8
6,12,3.595,16.02,1.545,2515,104.8,8
6,12,3.595,20.016,0.165,0.05955,0.02844,8
6,12,3.595,20.016,0.18,0.1439,0.03609,8
6,12,3.595,20.016,0.195,0.22,0.04046,8
6,12,3.595,20.016,0.21,0.3531,0.04929,8
6,12,3.595,20.016,0.225,0.5972,0.06558,8
6,12,3.595,20.016,0.24,1.027,0.08916,8
6,12,3.595,20.016,0.255,1.249,0.1015,8
6,12,3.595,20.016,0.27,1.924,0.1127,8
6,12,3.595,20.016,0.285,2.655,0.1284,8
6,12,3.595,20.016,0.3,3.769,0.1525,8
6,12,3.595,20.016,0.315,5.006,0.3818,8
6,12,3.595,20.016,0.33,6.711,0.4348,8
6,12,3.595,20.016,0.345,8.446,0.4901,8
6,12,3.595,20.016,0.36,11.74,0.5818,8
6,12,3.595,20.016,0.375,14.48,0.6455,8
6,12,3.595,20.016,0.39,17.8,0.7196,8
6,12,3.595,20.016,0.405,25.05,0.7951,8
6,12,3.595,20.016,0.42,30.35,0.8847,8
6,12,3.595,20.016,0.435,39.92,1.035,8
6,12,3.595,20.016,0.45,46.96,2.304,8
6,12,3.595,20.016,0.465,61.05,2.562,8
6,12,3.595,20.016,0.48,84.44,2.999,8
6,12,3.595,20.016,0.495,97.26,3.162,8
6,12,3.595,20.016,0.51,122.1,3.548,8
6,12,3.595,20.016,0.525,143.8,3.349,8
6,12,3.595,20.016,0.54,167.7,3.575,8
6,12,3.595,20.016,0.555,198.6,3.959,8
6,12,3.595,20.016,0.57,245.5,7.887,8
6,12,3.595,20.016,0.585,281.8,8.39,8
6,12,3.595,20.016,0.6,314.3,8.482,8
6,12,3.595,20.016,0.615,361.9,8.934,8
6,12,3.595,20.016,0.63,365.6,9.086,8
6,12,3.595,20.016,0.645,416.8,8.314,8
6,12,3.595,20.016,0.66,421.8,8.319,8
6,12,3.595,20.016,0.675,441.2,8.182,8
6,12,3.595,20.016,0.69,455.1,13.84,8
6,12,3.595,20.016,0.705,462,13.78,8
6,12,3.595,20.016,0.72,494.7,13.68,8
6,12,3.595,20.016,0.735,512.1,14.34,8
6,12,3.595,20.016,0.75,520.9,11.03,8
6,12,3.595,20.016,0.765,517.6,10.58,8
6,12,3.595,20.016,0.78,517.8,10.74,8
6,12,3.595,20.016,0.795,525.7,15.37,8
6,12,3.595,20.016,0.81,533.9,15.5,8
6,12,3.595,20.016,0.825,543.9,15.49,8
6,12,3.595,20.016,0.84,529.7,15.42,8
6,12,3.595,20.016,0.855,522.3,15.39,8
6,12,3.595,20.016,0.87,558.9,16.04,8
6,12,3.595,20.016,0.885,587,16.84,8
6,12,3.595,25.012,0.36,0.02992,0.01394,8
6,12,3.595,25.012,0.39,0.0438,0.01597,8
6,12,3.595,25.012,0.405,0.0707,0.01837,8
6,12,3.595,25.012,0.42,0.08021,0.01858,8
6,12,3.595,25.012,0.435,0.136,0.02444,8
6,12,3.595,25.012,0.45,0.1599,0.02662,8
6,12,3.595,25.012,0.465,0.1885,0.02861,8
6,12,3.595,25.012,0.48,0.2664,0.02982,8
6,12,3.595,25.012,0.495,0.4383,0.03939,8
6,12,3.595,25.012,0.51,0.508,0.04278,8
6,12,3.595,25.012,0.525,0.6353,0.04822,8
6,12,3.595,25.012,0.54,0.8935,0.1163,8
6,12,3.595,25.012,0.555,1.171,0.1245,8
6,12,3.595,25.012,0.57,1.593,0.1454,8
6,12,3.595,25.012,0.585,1.861,0.155,8
6,12,3.595,25.012,0.6,2.043,0.1668,8
6,12,3.595,25.012,0.615,2.35,0.151,8
6,12,3.595,25.012,0.63,3.069,0.1732,8
6,12,3.595,25.012,0.645,3.204,0.2728,8
6,12,3.595,25.012,0.66,4.683,0.3434,8
6,12,3.595,25.012,0.675,5.868,0.3775,8
6,12,3.595,25.012,0.69,6.61,0.3907,8
6,12,3.595,25.012,0.705,8.264,0.4428,8
6,12,3.595,25.012,0.72,10.67,0.4274,8
6,12,3.595,25.012,0.735,13.28,0.4697,8
6,12,3.595,25.012,0.75,15.72,0.5157,8
6,12,3.595,25.012,0.765,18.6,0.9629,8
6,12,3.595,25.012,0.78,22.46,1.054,8
6,12,3.595,25.012,0.795,26.74,1.137,8
6,12,3.595,25.012,0.81,34.05,1.305,8
6,12,3.595,25.012,0.825,35.08,1.312,8
6,12,3.595,25.012,0.84,42.24,1.138,8
6,12,3.595,25.012,0.855,47.23,1.212,8
6,12,3.595,25.012,0.87,52.19,1.933,8
6,12,3.595,25.012,0.885,53.99,1.964,8
6,12,3.595,25.012,0.9,64.13,2.113,8
6,12,3.595,25.012,0.915,71.99,2.27,8
6,12,3.595,25.012,0.93,71.31,2.248,8
6,12,3.595,25.012,0.945,77.47,1.833,8
6,12,3.595,25.012,0.96,84.07,1.898,8
6,12,3.595,25.012,0.975,87.15,2.914,8
6,12,3.595,25.012,0.99,92.96,3.053,8
6,12,3.595,25.012,1.005,101.2,3.148,8
6,12,3.595,25.012,1.02,93.66,2.902,8
6,12,3.595,25.012,1.035,102.8,3.161,8
6,12,3.595,25.012,1.05,101.3,2.33,8
6,12,3.595,25.012,1.065,105.5,2.336,8
6,12,3.595,25.012,1.08,113.2,3.485,8
6,12,3.595,25.012,1.095,114.1,3.532,8
6,12,3.595,25.012,1.11,115.5,3.636,8
6,12,3.595,25.012,1.125,122,3.751,8
6,12,3.595,25.012,1.14,119.7,3.639,8
6,12,3.595,25.012,1.155,130.8,3.834,8
6,12,3.595,30.01,0.975,2.675,0.2953,8
6,12,3.595,30.01,0.99,2.55,0.2742,8
6,12,3.595,30.01,1.005,2.837,0.2785,8
6,12,3.595,30.01,1.02,3.674,0.3287,8
6,12,3.595,30.01,1.035,5.064,0.3844,8
6,12,3.595,30.01,1.05,5.437,0.3839,8
6,12,3.595,30.01,1.065,6.463,0.4227,8
6,12,3.595,30.01,1.08,7.208,0.2912,8
6,12,3.595,30.01,1.095,8.341,0.3099,8
6,12,3.595,30.01,1.11,9.545,0.4127,8
6,12,3.595,30.01,1.125,11.24,0.4534,8
6,12,3.595,30.01,1.14,12.11,0.477,8
6,12,3.595,30.01,1.155,13.11,0.5024,8
6,12,3.595,30.01,1.17,15.08,0.4258,8
6,12,3.595,30.01,1.185,16.75,0.4457,8
6,12,3.595,30.01,1.2,18.02,0.7329,8
6,12,3.595,30.01,1.215,19.41,0.7408,8
6,12,3.595,30.01,1.23,22.67,0.7897,8
6,12,3.595,30.01,1.245,21.68,0.7658,8
6,12,3.595,30.01,1.26,23.17,0.634,8
6,12,3.595,30.01,1.275,24.62,0.6498,8
6,12,3.595,30.01,1.29,28.48,1.131,8
6,12,3.595,30.01,1.305,27.89,1.121,8
6,12,3.595,30.01,1.32,29.29,1.129,8
6,12,3.595,30.01,1.335,31.35,1.144,8
6,12,3.595,30.01,1.35,32.11,0.9064,8
6,12,3.595,30.01,1.365,33.31,0.9334,8
6,12,3.595,30.01,1.38,33.99,1.348,8
6,12,3.595,30.01,1.395,35.93,1.393,8
6,12,3.595,30.01,1.41,37.21,1.4,8
6,12,3.595,30.01,1.425,38.12,1.429,8
6,12,3.595,30.01,1.44,43.4,1.127,8
6,12,3.595,30.01,1.455,44.03,1.128,8
6,12,3.595,30.01,1.47,46.6,1.615,8
6,12,3.595,30.01,1.485,51.83,1.688,8
6,12,3.595,30.01,1.5,49.72,1.643,8
6,12,3.595,30.01,1.515,52.89,1.177,8
6,12,3.595,30.01,1.53,55.51,1.198,8
6,12,3.595,30.01,1.545,55.9,1.605,8
6,12,3.595,30.01,1.56,62.17,1.664,8
6,12,3.595,30.01,1.575,58.91,1.58,8
6,12,3.595,30.01,1.59,61.06,1.667,8
6,12,3.595,30.01,1.605,66.63,1.471,8
6,12,3.595,30.01,1.62,65.63,2.513,8
6,12,3.595,30.01,1.635,74.62,2.689,8
6,12,3.595,30.01,1.65,77.41,2.766,8
6,12,3.595,30.01,1.665,73.86,2.683,8
6,12,3.595,30.01,1.68,78.62,2.194,8
6,12,3.595,30.01,1.695,86.65,3.562,8
6,12,3.595,30.01,1.71,88.78,3.474,8
6,12,3.595,30.01,1.725,85.29,3.324,8
6,12,3.595,30.01,1.74,92.63,3.467,8
6,12,3.595,30.01,1.755,99.54,2.551,8
6,12,3.595,30.01,1.77,101,2.546,8
6,12,3.595,30.01,1.785,104.1,3.46,8
6,12,3.595,30.01,1.8,110.5,3.552,8
6,12,3.595,30.01,1.815,108.2,3.477,8
6,12,3.595,30.01,1.83,106.7,2.622,8
6,12,3.595,30.01,1.845,117.1,3.925,8
6,12,3.595,30.01,1.86,112.9,3.819,8
6,12,3.595,30.01,1.875,120.4,3.902,8
6,12,3.595,30.01,1.89,118.3,3.937,8
6,12,3.595,30.01,1.905,125.6,2.675,8
6,12,3.595,30.01,1.92,129.4,3.468,8
6,12,3.595,30.01,1.935,134.4,3.446,8
6,12,3.595,30.01,1.95,132.6,3.39,8
6,12,3.595,30.01,1.965,142.1,2.923,8
6,12,3.595,30.01,1.98,143.6,4.82,8
6,12,3.595,30.01,1.995,147.9,4.854,8
6,12,3.595,30.01,2.01,144.6,4.774,8
6,12,3.595,30.01,2.025,145.1,4.909,8
6,12,3.605,16.0203,0.105,3.419,0.1118,8
6,12,3.605,16.0203,0.12,6.223,0.1557,8
6,12,3.605,16.0203,0.135,10.31,0.2038,8
6,12,3.605,16.0203,0.15,16.48,0.2507,8
6,12,3.605,16.0203,0.165,24.88,0.3072,8
6,12,3.605,16.0203,0.18,36.69,0.3979,8
6,12,3.605,16.0203,0.195,52.06,0.4827,8
6,12,4.045,15,0.15,7.098,1.115,9
6,12,4.045,15,0.165,11.85,1.463,9
6,12,4.045,15,0.18,15.95,1.696,9
6,12,4.045,15,0.195,25.02,2.096,9
6,12,4.045,15,0.21,35.85,2.477,9
6,12,4.045,15,0.225,47.7,2.824,9
6,12,4.045,15,0.24,70.63,3.426,9
6,12,4.045,15,0.255,79.05,3.597,9
6,12,4.045,15,0.27,114.9,4.32,9
6,12,4.045,15,0.285,156.1,5.027,9
6,12,4.045,15,0.3,211.1,5.847,9
6,12,4.045,15,0.315,278.4,6.71,9
6,12,4.045,15,0.33,336.5,7.335,9
6,12,4.045,15,0.345,438.1,8.28,9
6,12,4.045,15,0.36,537.1,8.97,9
6,12,4.045,15,0.375,713.7,10.64,9
6,12,4.045,15,0.39,905.3,12.13,9
6,12,4.045,15,0.405,1081,13.19,9
6,12,4.045,15,0.42,1252,14.15,9
6,12,4.045,15,0.435,1465,15.38,9
6,12,4.045,15,0.45,1661,16.27,9
6,12,4.045,15,0.465,1825,16.79,9
6,12,4.045,15,0.48,1968,13.97,9
6,12,4.045,15,0.495,2057,13.99,9
6,12,4.045,15,0.51,2167,13.87,9
6,12,4.045,15,0.525,2233,13.84,9
6,12,4.045,15,0.54,2263,13.8,9
6,12,4.045,15,0.555,2258,13.32,9
6,12,4.045,15,0.57,2255,13.08,9
6,12,4.045,15,0.585,2232,12.95,9
6,12,4.045,15,0.6,2249,13.05,9
6,12,4.045,15,0.615,2236,12.97,9
6,12,4.045,15,0.63,2195,17.56,9
6,12,4.045,15,0.645,2206,17.42,9
6,12,4.045,15,0.66,2197,17.14,9
6,12,4.045,15,0.675,2232,17.63,9
6,12,4.045,15,0.69,2228,17.37,9
6,12,4.045,15,0.705,2314,17.82,9
6,12,4.045,15,0.72,2357,18.15,9
6,12,4.045,15,0.735,2356,18.14,9
6,12,4.045,15,0.75,2371,18.02,9
6,12,4.045,15,0.765,2382,18.1,9
6,12,4.045,15,0.78,2392,17.94,9
6,12,4.045,15,0.795,2403,18.03,9
6,12,4.045,15,0.81,2433,18.01,9
6,12,4.045,15,0.825,2439,18.05,9
6,12,4.045,15,0.84,2444,17.84,9
6,12,4.045,15,0.855,2456,17.92,9
6,12,4.045,15,0.87,2506,18.05,9
6,12,4.045,15,0.885,2501,18,9
6,12,4.045,15,0.9,2468,17.77,9
6,12,4.045,15,0.915,2453,17.66,9
6,12,4.045,15,0.93,2458,17.45,9
6,12,4.045,15,0.945,2453,17.42,9
6,12,4.045,15,0.96,2477,17.58,9
6,12,4.045,15,0.975,2502,17.76,9
6,12,4.045,15,0.99,2461,17.72,9
6,12,4.045,15,1.005,2536,18.26,9
6,12,4.045,15,1.02,2551,18.36,9
6,12,4.045,15,1.035,2576,18.81,9
6,12,4.045,15,1.05,2598,19.22,9
6,12,4.045,15,1.065,2590,19.42,9
6,12,4.045,15,1.08,2594,19.72,9
6,12,4.045,15,1.095,2601,20.29,9
6,12,4.045,15,1.11,2658,21,9
6,12,4.045,23,0.24,0.0003735,0.0002952,9
6,12,4.045,23,0.255,0.0003743,0.0002959,9
6,12,4.045,23,0.27,0.0003721,0.0002942,9
6,12,4.045,23,0.285,0.0004848,0.0002695,9
6,12,4.045,23,0.3,0.001208,0.0004006,9
6,12,4.045,23,0.315,0.002285,0.0005377,9
6,12,4.045,23,0.33,0.003622,0.0006722,9
6,12,4.045,23,0.345,0.004849,0.0007763,9
6,12,4.045,23,0.36,0.005472,0.0008246,9
6,12,4.045,23,0.375,0.009544,0.001088,9
6,12,4.045,23,0.39,0.01383,0.001313,9
6,12,4.045,23,0.405,0.02136,0.00163,9
6,12,4.045,23,0.42,0.02955,0.001915,9
6,12,4.045,23,0.435,0.04643,0.002401,9
6,12,4.045,23,0.45,0.06921,0.002927,9
6,12,4.045,23,0.465,0.09036,0.003344,9
6,12,4.045,23,0.48,0.1107,0.003653,9
6,12,4.045,23,0.495,0.1589,0.004354,9
6,12,4.045,23,0.51,0.2108,0.005017,9
6,12,4.045,23,0.525,0.2633,0.005582,9
6,12,4.045,23,0.54,0.33,0.00627,9
6,12,4.045,23,0.555,0.4367,0.00725,9
6,12,4.045,23,0.57,0.539,0.008085,9
6,12,4.045,23,0.585,0.6623,0.009007,9
6,12,4.045,23,0.6,0.8269,0.01017,9
6,12,4.045,23,0.615,1.018,0.01151,9
6,12,4.045,23,0.63,1.248,0.0196,9
6,12,4.045,23,0.645,1.527,0.02168,9
6,12,4.045,23,0.66,1.888,0.02417,9
6,12,4.045,23,0.675,2.22,0.02642,9
6,12,4.045,23,0.69,2.751,0.02971,9
6,12,4.045,23,0.705,3.382,0.03315,9
6,12,4.045,23,0.72,4.083,0.03715,9
6,12,4.045,23,0.735,4.985,0.04188,9
6,12,4.045,23,0.75,6.077,0.04679,9
6,12,4.045,23,0.765,7.353,0.05295,9
6,12,4.045,23,0.78,8.926,0.2009,9
6,12,4.045,23,0.795,10.65,0.2183,9
6,12,4.045,23,0.81,13.03,0.2384,9
6,12,4.045,23,0.825,15.86,0.2665,9
6,12,4.045,23,0.84,18.86,0.2905,9
6,12,4.045,23,0.855,21.69,0.3102,9
6,12,4.045,23,0.87,26.26,0.3414,9
6,12,4.045,23,0.885,29.4,0.3586,9
6,12,4.045,23,0.9,34.09,0.3853,9
6,12,4.045,23,0.915,38.69,0.4102,9
6,12,4.045,23,0.93,43.03,0.4303,9
6,12,4.045,23,0.945,47.7,0.4484,9
6,12,4.045,23,0.96,52.67,0.4688,9
6,12,4.045,23,0.975,56.23,0.4835,9
6,12,4.045,23,0.99,60.03,0.4982,9
6,12,4.045,23,1.005,64.63,0.5106,9
6,12,4.045,23,1.02,67.44,0.526,9
6,12,4.045,23,1.035,70.27,0.5411,9
6,12,4.045,23,1.05,74.03,0.5552,9
6,12,4.045,23,1.065,78.68,0.5822,9
6,12,4.045,23,1.08,81.3,0.6016,9
6,12,4.045,23,1.095,84.53,0.6255,9
6,12,4.045,23,1.11,86.21,0.6379,9
6,12,4.045,30,0.66,0.0008824,0.000468,9
6,12,4.045,30,0.675,0.0003185,0.0002116,9
6,12,4.045,30,0.69,0.0004028,0.0002238,9
6,12,4.045,30,0.705,0.0002884,0.0001916,9
6,12,4.045,30,0.72,0.0006476,0.0002616,9
6,12,4.045,30,0.735,0.001339,0.0003564,9
6,12,4.045,30,0.75,0.00192,0.0004185,9
6,12,4.045,30,0.765,0.002492,0.0004707,9
6,12,4.045,30,0.78,0.003234,0.0005316,9
6,12,4.045,30,0.795,0.003367,0.000539,9
6,12,4.045,30,0.81,0.003595,0.0005547,9
6,12,4.045,30,0.825,0.005975,0.0007093,9
6,12,4.045,30,0.84,0.008953,0.0008613,9
6,12,4.045,30,0.855,0.01214,0.0009979,9
6,12,4.045,30,0.87,0.01335,0.00104,9
6,12,4.045,30,0.885,0.01439,0.001076,9
6,12,4.045,30,0.9,0.01928,0.00124,9
6,12,4.045,30,0.915,0.02505,0.001405,9
6,12,4.045,30,0.93,0.0295,0.001522,9
6,12,4.045,30,0.945,0.03542,0.001654,9
6,12,4.045,30,0.96,0.04544,0.001872,9
6,12,4.045,30,0.975,0.05408,0.001974,9
6,12,4.045,30,0.99,0.06355,0.002123,9
6,12,4.045,30,1.005,0.07773,0.00234,9
6,12,4.045,30,1.02,0.09702,0.0026,9
6,12,4.045,30,1.035,0.1135,0.002805,9
6,12,4.045,30,1.05,0.1405,0.003134,9
6,12,4.045,30,1.065,0.1618,0.003365,9
6,12,4.045,30,1.08,0.202,0.003778,9
6,12,4.045,30,1.095,0.2457,0.004177,9
6,12,4.045,30,1.11,0.2914,0.004576,9
6,12,4.045,30,1.125,0.3554,0.006043,9
6,12,4.045,30,1.14,0.4318,0.006694,9
6,12,4.045,30,1.155,0.509,0.007228,9
6,12,4.045,30,1.17,0.6218,0.00802,9
6,12,4.045,30,1.185,0.7433,0.00877,9
6,12,4.045,30,1.2,0.8952,0.009668,9
6,12,4.045,30,1.215,1.038,0.01049,9
6,12,4.045,30,1.23,1.264,0.01163,9
6,12,4.045,30,1.245,1.509,0.01298,9
6,12,4.045,30,1.26,1.777,0.0144,9
6,12,4.045,30,1.275,2.1,0.01596,9
6,12,4.045,30,1.29,2.476,0.0416,9
6,12,4.045,30,1.305,2.888,0.04477,9
6,12,4.045,30,1.32,3.323,0.04785,9
6,12,4.045,30,1.335,3.771,0.05053,9
6,12,4.045,30,1.35,4.272,0.05383,9
6,12,4.045,30,1.365,4.706,0.05647,9
6,12,4.045,30,1.38,5.276,0.05962,9
6,12,4.045,30,1.395,6.064,0.06368,9
6,12,4.045,30,1.41,6.547,0.06612,9
6,12,4.045,30,1.425,7.024,0.06392,9
6,12,4.045,30,1.44,7.785,0.06695,9
6,12,4.045,30,1.455,8.291,0.06881,9
6,12,4.045,30,1.47,8.997,0.07108,9
6,12,4.045,30,1.485,9.688,0.0746,9
6,12,4.045,30,1.5,10.31,0.07733,9
6,12,4.045,30,1.515,10.92,0.08081,9
6,12,4.045,30,1.53,11.68,0.08526,9
6,12,4.045,30,1.545,12.12,0.177,9
6,12,4.045,30,1.56,13.05,0.1814,9
6,12,4.045,30,1.575,13.93,0.1867,9
6,12,4.045,30,1.59,14.61,0.1899,9
6,12,4.045,30,1.605,15.46,0.1948,9
6,12,4.045,30,1.62,15.94,0.1977,9
6,12,4.045,30,1.635,17.23,0.2051,9
6,12,4.045,30,1.65,17.96,0.2083,9
6,12,4.045,30,1.665,18.78,0.2122,9
6,12,4.045,30,1.68,20.01,0.2181,9
6,12,4.045,30,1.695,20.87,0.2213,9
6,12,4.045,30,1.71,22.11,0.2299,9
6,12,4.045,30,1.725,23.69,0.2369,9
6,12,4.045,30,1.74,24.47,0.2399,9
6,12,4.045,30,1.755,26.1,0.2479,9
6,12,4.045,30,1.77,27.25,0.2534,9
6,12,4.045,30,1.785,28.6,0.2603,9
6,12,4.045,30,1.8,29.84,0.2655,9
6,12,4.045,30,1.815,31.64,0.2753,9
6,12,4.045,30,1.83,32.67,0.2842,9
6,12,4.045,30,1.845,34.76,0.2989,9
6,12,4.045,30,1.86,36.21,0.315,9
6,12,4.045,30,1.875,38.18,0.3284,9
6,12,4.045,30,1.89,40.3,0.3506,9
6,12,4.045,37,1.425,0.01946,0.002589,9
6,12,4.045,37,1.44,0.02577,0.002804,9
6,12,4.045,37,1.455,0.03045,0.002884,9
6,12,4.045,37,1.47,0.0354,0.002976,9
6,12,4.045,37,1.485,0.04772,0.003345,9
6,12,4.045,37,1.5,0.0575,0.003587,9
6,12,4.045,37,1.515,0.0757,0.004072,9
6,12,4.045,37,1.53,0.08811,0.004361,9
6,12,4.045,37,1.545,0.09412,0.00448,9
6,12,4.045,37,1.56,0.1144,0.004897,9
6,12,4.045,37,1.575,0.1445,0.005477,9
6,12,4.045,37,1.59,0.1588,0.005718,9
6,12,4.045,37,1.605,0.2019,0.006441,9
6,12,4.045,37,1.62,0.2358,0.006934,9
6,12,4.045,37,1.635,0.2827,0.007547,9
6,12,4.045,37,1.65,0.3295,0.008204,9
6,12,4.045,37,1.665,0.4062,0.009057,9
6,12,4.045,37,1.68,0.4822,0.009837,9
6,12,4.045,37,1.695,0.5509,0.01052,9
6,12,4.045,37,1.71,0.6325,0.01126,9
6,12,4.045,37,1.725,0.7392,0.01212,9
6,12,4.045,37,1.74,0.8463,0.01295,9
6,12,4.045,37,1.755,0.9707,0.01379,9
6,12,4.045,37,1.77,1.113,0.01469,9
6,12,4.045,37,1.785,1.229,0.01548,9
6,12,4.045,37,1.8,1.406,0.01645,9
6,12,4.045,37,1.815,1.528,0.01726,9
6,12,4.045,37,1.83,1.713,0.01851,9
6,12,4.045,37,1.845,1.835,0.01927,9
6,12,4.045,37,1.86,2.018,0.02058,9
6,12,4.045,37,1.875,2.232,0.02209,9
6,12,4.045,37,1.89,2.446,0.02397,9
6,12,4.045,45,1.68,0.0006087,0.0004812,9
6,12,4.045,45,1.695,0.0003029,0.0003709,9
6,12,4.045,45,1.71,0.002715,0.0009294,9
6,12,4.045,45,1.725,0.001195,0.0006341,9
6,12,4.045,45,1.74,0.001501,0.0007041,9
6,12,4.045,45,1.755,0.001193,0.0006326,9
6,12,4.045,45,1.77,0.002699,0.0009242,9
6,12,4.045,45,1.785,0.003571,0.001052,9
6,12,4.045,45,1.8,0.004988,0.0007352,9
6,12,4.045,45,1.815,0.004725,0.0006818,9
6,12,4.045,45,1.83,0.006883,0.0007839,9
6,12,4.045,45,1.845,0.007736,0.0008022,9
6,12,4.045,45,1.86,0.009844,0.000884,9
6,12,4.045,45,1.875,0.0096,0.000862,9
6,12,4.045,45,1.89,0.01317,0.001005,9
6,12,4.045,45,1.905,0.01603,0.001106,9
6,12,4.045,45,1.92,0.02073,0.001256,9
6,12,4.045,45,1.935,0.02568,0.001402,9
6,12,4.045,45,1.95,0.03103,0.001555,9
6,12,4.045,45,1.965,0.03592,0.001868,9
6,12,4.045,45,1.98,0.04361,0.002046,9
6,12,4.045,45,1.995,0.05387,0.002268,9
6,12,4.045,45,2.01,0.06034,0.00239,9
6,12,4.045,45,2.025,0.07685,0.002706,9
6,12,4.045,45,2.04,0.08753,0.002888,9
6,12,4.045,45,2.055,0.1082,0.003214,9
6,12,4.045,45,2.07,0.1302,0.003516,9
6,12,4.045,45,2.085,0.16,0.003888,9
6,12,4.045,45,2.1,0.183,0.004136,9
6,12,4.045,45,2.115,0.204,0.004367,9
6,12,4.045,45,2.13,0.2547,0.004534,9
6,12,4.045,45,2.145,0.2889,0.004797,9
6,12,4.045,45,2.16,0.3327,0.005157,9
6,12,4.045,45,2.175,0.3853,0.005588,9
6,12,4.045,45,2.19,0.4353,0.006051,9
6,12,4.045,45,2.205,0.4873,0.006579,9
6,12,4.045,45,2.22,0.5362,0.0141,9
6,12,4.045,45,2.235,0.597,0.01475,9
6,12,4.045,45,2.25,0.6599,0.01544,9
6,12,4.045,45,2.265,0.7703,0.01656,9
6,12,4.045,45,2.28,0.836,0.01714,9
6,12,4.045,45,2.295,0.9026,0.01778,9
6,12,4.045,45,2.31,0.9971,0.01865,9
6,12,4.045,45,2.325,1.122,0.01974,9
6,12,4.045,45,2.34,1.211,0.02047,9
6,12,4.045,45,2.355,1.368,0.02162,9
6,12,4.045,45,2.37,1.493,0.02255,9
6,12,4.045,45,2.385,1.595,0.02328,9
6,12,4.045,45,2.4,1.772,0.02463,9
6,12,4.045,45,2.415,1.932,0.02589,9
6,12,4.045,45,2.43,2.117,0.02752,9
6,12,4.045,45,2.445,2.383,0.03003,9
6,12,4.045,45,2.46,2.529,0.03237,9
6,12,4.045,45,2.46,2.529,0.03237,9
6,12,4.045,55,2.145,0.001412,0.0006325,9
6,12,4.045,55,2.16,0.0006369,0.0004569,9
6,12,4.045,55,2.175,0.001207,0.0005575,9
6,12,4.045,55,2.19,0.002138,0.0006618,9
6,12,4.045,55,2.205,0.0003852,0.0003105,9
6,12,4.045,55,2.22,0.001143,0.0005048,9
6,12,4.045,55,2.235,0.002247,0.0006846,9
6,12,4.045,55,2.25,0.001681,0.0006117,9
6,12,4.045,55,2.265,0.003498,0.0008464,9
6,12,4.045,55,2.28,0.00274,0.0007395,9
6,12,4.045,55,2.295,0.005083,0.0009933,9
6,12,4.045,55,2.31,0.005614,0.001049,9
6,12,4.045,55,2.325,0.006464,0.001126,9
6,12,4.045,55,2.34,0.008412,0.001265,9
6,12,4.045,55,2.355,0.01049,0.00141,9
6,12,4.045,55,2.37,0.01244,0.001527,9
6,12,4.045,55,2.385,0.0152,0.0009165,9
6,12,4.045,55,2.4,0.01748,0.0009109,9
6,12,4.045,55,2.415,0.02452,0.00101,9
6,12,4.045,55,2.43,0.02868,0.001052,9
6,12,4.045,55,2.445,0.03637,0.00116,9
6,12,4.045,55,2.46,0.04354,0.001272,9
6,12,4.045,55,2.475,0.05375,0.001532,9
6,12,4.045,55,2.49,0.06495,0.001656,9
6,12,4.045,55,2.505,0.0777,0.00181,9
6,12,4.045,55,2.52,0.09442,0.001964,9
6,12,4.045,55,2.535,0.1104,0.002097,9
6,12,4.045,55,2.55,0.1233,0.002206,9
6,12,4.045,55,2.565,0.1426,0.002352,9
6,12,4.045,55,2.58,0.1701,0.002552,9
6,12,4.045,55,2.595,0.192,0.002707,9
6,12,4.045,55,2.61,0.2203,0.002776,9
6,12,4.045,55,2.625,0.2515,0.002968,9
6,12,4.045,55,2.64,0.2928,0.003162,9
6,12,4.045,55,2.655,0.3366,0.003433,9
6,12,4.045,55,2.67,0.389,0.003812,9
6,12,4.045,55,2.685,0.4577,0.004348,9
6,12,4.045,55,2.7,0.5351,0.0137,9
6,12,4.045,55,2.715,0.5999,0.01452,9
6,12,4.045,55,2.73,0.6626,0.01504,9
6,12,4.045,55,2.745,0.7464,0.01597,9
6,12,4.045,55,2.76,0.8365,0.01681,9
6,12,4.045,55,2.775,0.9224,0.01762,9
6,12,4.045,55,2.79,1.017,0.01841,9
6,12,4.045,55,2.805,1.154,0.01962,9
6,12,4.045,55,2.82,1.259,0.01813,9
6,12,4.045,55,2.835,1.405,0.01883,9
6,12,4.045,55,2.85,1.576,0.02017,9
6,12,4.045,55,2.865,1.708,0.02169,9
6,12,4.045,55,2.88,1.955,0.04067,9
6,12,4.045,55,2.895,2.079,0.04159,9
6,12,4.045,55,2.91,2.274,0.04321,9
6,12,4.045,55,2.925,2.452,0.04461,9
6,12,4.045,55,2.94,2.678,0.04632,9
6,12,4.045,55,2.955,2.924,0.04853,9
6,12,4.045,55,2.97,3.294,0.05105,9
6,12,4.045,55,2.985,3.506,0.05295,9
6,12,4.045,55,3,3.795,0.0554,9
6,12,4.045,55,3.015,4.168,0.06002,9
6,12,4.045,55,3.03,4.548,0.06686,9
6,12,5.011,24,1.436,5.132,0.1009,10
6,12,5.011,24,1.458,6.246,0.09706,10
6,12,5.011,24,1.482,7.047,0.09175,10
6,12,5.011,24,1.506,8.182,0.09005,10
6,12,5.011,24,1.556,10.62,0.1021,10
6,12,5.011,24,1.583,11.73,0.1031,10
6,12,5.011,24,1.61,12.98,0.1061,10
6,12,5.011,24,1.639,14.37,0.1098,10
6,12,5.011,24,1.669,15.95,0.1141,10
6,12,5.011,24,1.731,19.74,0.132,10
6,12,5.011,24,1.764,22.01,0.1378,10
6,12,5.011,24,1.798,24.4,0.1441,10
6,12,5.011,24,1.834,27.25,0.1514,10
6,12,5.011,24,1.871,30.75,0.1664,10
6,12,5.011,24,1.95,38.12,0.1701,10
6,12,5.011,24,1.992,42.81,0.2141,10
6,12,5.011,24,2.035,46.96,0.2568,10
6,12,5.011,24,2.081,52.9,0.3654,10
6,12,5.011,24,2.129,58.98,0.2695,10
6,12,5.011,24,2.179,65.78,0.2808,10
6,12,5.011,24,2.232,72.17,0.4141,10
6,12,5.011,24,2.287,81.6,0.3206,10
6,12,5.011,24,2.345,90.57,0.5182,10
6,12,5.011,24,2.406,97.65,0.4342,10
6,12,5.011,29,1.87,1.215,0.033,10
6,12,5.011,29,1.896,1.554,0.03298,10
6,12,5.011,29,1.923,1.836,0.03238,10
6,12,5.011,29,1.951,2.163,0.03234,10
6,12,5.011,29,1.98,2.457,0.0324,10
6,12,5.011,29,2.01,2.867,0.0343,10
6,12,5.011,29,2.04,3.311,0.03638,10
6,12,5.011,29,2.072,3.894,0.03946,10
6,12,5.011,29,2.104,4.409,0.04176,10
6,12,5.011,29,2.138,5.088,0.04446,10
6,12,5.011,29,2.172,5.887,0.04789,10
6,12,5.011,29,2.208,6.75,0.05121,10
6,12,5.011,29,2.245,7.888,0.05597,10
6,12,5.011,29,2.283,9.291,0.06387,10
6,12,5.011,29,2.323,10.47,0.06261,10
6,12,5.011,29,2.364,11.99,0.0595,10
6,12,5.011,29,2.406,13.92,0.0748,10
6,12,5.011,29,2.45,15.74,0.1079,10
6,12,5.011,29,2.496,18.1,0.08248,10
6,12,5.011,29,2.543,20.75,0.08836,10
6,12,5.011,29,2.592,23.47,0.09389,10
6,12,5.011,29,2.643,27.25,0.1507,10
6,12,5.011,29,2.696,30.27,0.1259,10
6,12,5.011,29,2.751,33.82,0.2233,10
6,12,5.011,36,2.329,0.1524,0.007395,10
6,12,5.011,36,2.355,0.2051,0.007653,10
6,12,5.011,36,2.383,0.2593,0.00504,10
6,12,5.011,36,2.411,0.3234,0.007075,10
6,12,5.011,36,2.44,0.4036,0.007886,10
6,12,5.011,36,2.469,0.4871,0.008677,10
6,12,5.011,36,2.499,0.5966,0.009614,10
6,12,5.011,36,2.53,0.7022,0.01047,10
6,12,5.011,36,2.562,0.8768,0.01173,10
6,12,5.011,36,2.595,1.058,0.01298,10
6,12,5.011,36,2.628,1.276,0.009754,10
6,12,5.011,36,2.662,1.528,0.01522,10
6,12,5.011,36,2.697,1.841,0.01579,10
6,12,5.011,36,2.733,2.155,0.01516,10
6,12,5.011,36,2.77,2.553,0.02858,10
6,12,5.011,36,2.808,3.033,0.02096,10
6,12,5.011,36,2.847,3.616,0.02244,10
6,12,5.011,36,2.888,4.29,0.02419,10
6,12,5.011,36,2.929,5.097,0.03784,10
6,12,5.011,36,2.972,5.978,0.02978,10
6,12,5.011,36,3.015,7.15,0.03631,10
6,12,5.011,36,3.061,7.964,0.04155,10
6,12,5.011,36,3.107,9.143,0.05104,10
6,12,5.011,36,3.155,10.42,0.04053,10
6,12,5.011,36,3.205,12.01,0.05336,10
6,12,5.011,36,3.256,13.7,0.04709,10
6,12,5.011,36,3.308,15.93,0.06759,10
6,12,5.011,36,3.363,17.96,0.0866,10
6,12,5.011,46,3.048,0.1183,0.003116,10
6,12,5.011,46,3.077,0.1422,0.003193,10
6,12,5.011,46,3.106,0.1891,0.002283,10
6,12,5.011,46,3.136,0.2356,0.00341,10
6,12,5.011,46,3.166,0.2882,0.002658,10
6,12,5.011,46,3.197,0.3714,0.004315,10
6,12,5.011,46,3.229,0.4474,0.003339,10
6,12,5.011,46,3.261,0.5746,0.003724,10
6,12,5.011,46,3.294,0.7077,0.00599,10
6,12,5.011,46,3.328,0.8782,0.004903,10
6,12,5.011,46,3.362,1.075,0.006991,10
6,12,5.011,46,3.397,1.305,0.009653,10
6,12,5.011,46,3.432,1.568,0.01038,10
6,12,5.011,46,3.469,1.887,0.01151,10
6,12,5.011,46,3.506,2.244,0.01272,10
6,12,5.011,46,3.544,2.709,0.01442,10
6,12,5.011,46,3.583,3.222,0.0135,10
6,12,5.011,46,3.623,3.726,0.02257,10
6,12,5.011,46,3.663,4.309,0.02295,10
6,12,5.011,46,3.705,4.992,0.03076,10
6,12,5.011,46,3.747,5.928,0.0279,10
6,12,5.011,46,3.791,6.841,0.03572,10
6,12,0.5,60,0.02,179,19,11
6,12,0.5,60,0.026,102,13,11
6,12,0.5,60,0.03,575,52,11
6,12,0.5,60,0.036,1380,110,11
6,12,0.5,60,0.04,1200,90,11
6,12,0.5,60,0.0459,921,71,11
6,12,0.5,60,0.0557,1260,70,11
6,12,0.5,60,0.06,2590,130,11
6,12,0.5,60,0.0658,2990,140,11
6,12,0.5,60,0.0757,3750,150,11
6,12,0.5,60,0.0856,4750,190,11
6,12,0.5,60,0.0955,5460,220,11
6,12,0.5,60,0.1,6250,250,11
6,12,0.5,60,0.1053,6320,260,11
6,12,0.5,60,0.1143,7090,280,11
6,12,0.5,60,0.1251,6970,280,11
6,12,0.5,60,0.135,7280,290,11
6,12,0.5,60,0.14,6610,280,11
6,12,0.5,60,0.1448,6970,280,11
6,12,0.5,60,0.1547,6540,260,11
6,12,0.5,60,0.1646,5910,240,11
6,12,0.5,60,0.1745,5230,210,11
6,12,0.5,60,0.1843,4430,180,11
6,12,0.5,60,0.1942,3790,150,11
6,12,0.5,60,0.2041,3380,140,11
6,12,0.5,60,0.2141,2960,140,11
6,12,0.5,60,0.2238,2640,130,11
6,12,0.5,60,0.2337,2610,140,11
6,12,0.5,60,0.2436,2430,150,11
6,12,0.5,60,0.2534,2550,160,11
6,12,0.5,60,0.2633,2540,160,11
6,12,0.5,60,0.2732,2880,190,11
6,12,0.5,60,0.2831,2940,210,11
6,12,0.5,60,0.293,2940,210,11
6,12,0.5,60,0.3028,3420,240,11
6,12,1.2044,45,0.1702,40.84,1.381,12
6,12,1.2044,45,0.1857,65.6,1.755,12
6,12,1.2044,45,0.2011,105.7,2.167,12
6,12,1.2044,45,0.2166,160,2.801,12
6,12,1.2044,45,0.2321,233.6,3.571,12
6,12,1.2044,45,0.2476,336.6,4.538,12
6,12,1.2044,45,0.2631,444.1,5.245,12
6,12,1.2044,45,0.2786,552.9,5.706,12
6,12,1.2044,45,0.2941,674.4,6.097,12
6,12,1.2044,45,0.3406,917.5,7.093,12
6,12,1.2044,45,0.3561,944.2,6.975,12
6,12,1.2044,45,0.3716,931.2,6.757,12
6,12,1.2044,45,0.387,919.3,6.643,12
6,12,1.2044,45,0.4025,917.7,6.624,12
6,12,1.2044,45,0.418,861.4,6.249,12
6,12,1.2044,45,0.4335,806.4,5.897,12
6,12,1.2044,45,0.449,801.3,6.04,12
6,12,1.2044,45,0.48,785.4,5.828,12
6,12,1.2044,45,0.4955,811.1,6.039,12
6,12,1.2044,45,0.511,839.4,6.257,12
6,12,1.2044,45,0.5265,884.7,6.55,12
6,12,1.2044,45,0.542,926.3,6.752,12
6,12,1.2044,45,0.5574,936.6,6.755,12
6,12,1.2044,45,0.5884,996.3,7.598,12
6,12,1.2044,45,0.6039,1025,7.359,12
6,12,1.2044,45,0.6194,1014,7.248,12
6,12,1.2044,45,0.6349,1003,7.168,12
6,12,1.2044,45,0.6504,973.6,6.972,12
6,12,1.2044,45,0.6659,950.7,6.918,12
6,12,1.2044,45,0.6969,947.6,6.56,12
6,12,1.2044,45,0.7124,950.8,6.546,12
6,12,1.2044,45,0.7279,921.5,6.373,12
6,12,1.2044,45,0.7433,903.9,6.28,12
6,12,1.2044,45,0.7743,917,6.199,12
6,12,1.2044,45,0.7898,910.2,6.048,12
6,12,1.2044,45,0.8053,906,6.024,12
6,12,1.2044,45,0.8208,902,6.057,12
6,12,1.2044,55,0.3398,90.82,1.646,12
6,12,1.2044,55,0.3536,120.7,1.846,12
6,12,1.2044,55,0.3674,147.9,1.982,12
6,12,1.2044,55,0.3812,179.7,2.124,12
6,12,1.2044,55,0.3949,215.3,2.258,12
6,12,1.2044,55,0.4087,241.6,2.31,12
6,12,1.2044,55,0.4225,260.8,2.321,12
6,12,1.2044,55,0.4363,276.2,2.322,12
6,12,1.2044,55,0.45,297.8,2.452,12
6,12,1.2044,55,0.4776,306.4,2.363,12
6,12,1.2044,55,0.4914,308.5,2.34,12
6,12,1.2044,55,0.5051,303.3,2.304,12
6,12,1.2044,55,0.5189,301.5,2.29,12
6,12,1.2044,55,0.5327,302.8,2.296,12
6,12,1.2044,55,0.5465,299.2,2.28,12
6,12,1.2044,55,0.5602,299.7,2.298,12
6,12,1.2044,55,0.5878,333,2.909,12
6,12,1.2044,55,0.6016,340.9,2.806,12
6,12,1.2044,55,0.6153,354.8,2.887,12
6,12,1.2044,55,0.6291,374.5,2.986,12
6,12,1.2044,55,0.6429,393.3,3.075,12
6,12,1.2044,55,0.6567,398.6,3.083,12
6,12,1.2044,55,0.6704,414.5,3.281,12
6,12,1.2044,55,0.698,441.4,3.275,12
6,12,1.2044,55,0.7118,439.1,3.241,12
6,12,1.2044,55,0.7255,441.9,3.245,12
6,12,1.2044,55,0.7393,438.9,3.23,12
6,12,1.2044,55,0.7531,438,3.295,12
6,12,1.2044,70,0.4791,28.58,1.069,12
6,12,1.2044,70,0.4907,34.6,1.084,12
6,12,1.2044,70,0.5023,42.29,1.104,12
6,12,1.2044,70,0.5138,49.66,1.12,12
6,12,1.2044,70,0.5254,56.06,1.13,12
6,12,1.2044,70,0.5369,63.37,1.143,12
6,12,1.2044,70,0.5485,69.38,1.15,12
6,12,1.2044,70,0.56,75.65,1.161,12
6,12,1.2044,70,0.5716,82.37,1.192,12
6,12,1.2044,70,0.5947,89.16,1.266,12
6,12,1.2044,70,0.6063,90.52,1.262,12
6,12,1.2044,70,0.6178,92.64,1.265,12
6,12,1.2044,70,0.6294,94.96,1.272,12
6,12,1.2044,70,0.6409,98.52,1.284,12
6,12,1.2044,70,0.6525,98.42,1.283,12
6,12,1.2044,70,0.664,101.1,1.298,12
6,12,1.2044,70,0.6871,114.5,1.385,12
6,12,1.2044,70,0.6987,121.7,1.383,12
6,12,1.2044,70,0.7103,128,1.411,12
6,12,1.2044,70,0.7218,134,1.437,12
6,12,1.2044,70,0.7334,140,1.459,12
6,12,1.2044,70,0.7449,144.9,1.476,12
6,12,1.2044,70,0.7565,155.1,1.573,12
6,12,2.3466,20,0.7658,3892,120.3,12
6,12,2.3466,20,0.7843,3864,119.3,12
6,12,2.3466,20,0.8028,3823,118.1,12
6,12,2.3466,20,0.8214,3760,116.1,12
6,12,2.3466,20,0.8399,3750,115.9,12
6,12,2.3466,20,0.8584,3720,115,12
6,12,2.3466,20,0.8769,3626,112.1,12
6,12,2.3466,20,0.8955,3659,113.1,12
6,12,2.3466,20,0.914,3607,111.5,12
6,12,2.3466,20,0.9325,3574,110.5,12
6,12,2.3466,20,0.951,3620,111.9,12
6,12,2.3466,20,0.9695,3678,114,12
6,12,2.3466,20,0.9881,3681,113.7,12
6,12,2.3466,20,1.0066,3634,112.1,12
6,12,2.3466,20,1.0251,3628,111.9,12
6,12,2.3466,20,1.0436,3524,108.8,12
6,12,2.3466,20,1.0622,3512,108.4,12
6,12,2.3466,20,1.0807,3433,105.9,12
6,12,2.3466,20,1.0992,3428,105.7,12
6,12,2.3466,20,1.1177,3380,104.3,12
6,12,2.3466,20,1.1362,3356,103.5,12
6,12,2.3466,20,1.1548,3354,103.6,12
6,12,2.3466,20,1.1733,3302,101.8,12
6,12,2.3466,20,1.1918,3188,98.04,12
6,12,2.3466,20,1.2103,3201,98.4,12
6,12,2.3466,20,1.2289,3188,97.97,12
6,12,2.3466,20,1.2474,3033,93.29,12
6,12,2.3466,20,1.2659,3050,93.8,12
6,12,2.3466,20,1.2844,2998,92.18,12
6,12,2.3466,20,1.3029,2910,89.5,12
6,12,2.3466,20,1.3215,2934,90.34,12
6,12,2.3466,20,1.34,2830,86.84,12
6,12,2.3466,20,1.3585,2786,85.38,12
6,12,2.3466,20,1.377,2734,83.78,12
6,12,2.3466,20,1.3956,2695,82.6,12
6,12,2.3466,20,1.4141,2678,82.07,12
6,12,2.3466,20,1.4326,2619,80.24,12
6,12,2.3466,20,1.4511,2526,77.45,12
6,12,2.3466,20,1.4696,2597,79.81,12
6,12,2.3466,20,1.4882,2463,75.34,12
6,12,2.3466,20,1.5067,2441,74.64,12
6,12,2.3466,20,1.5252,2411,73.74,12
6,12,2.3466,20,1.5437,2389,73.05,12
6,12,2.3466,20,1.5623,2286,69.92,12
6,12,2.3466,20,1.5808,2290,70.04,12
6,12,2.3466,20,1.5993,2258,69.57,12
6,12,2.3466,20,1.6178,2210,67.83,12
6,12,2.3466,20,1.6363,2173,66.67,12
6,12,2.3466,20,1.6549,2169,66.52,12
6,12,2.3466,20,1.6734,2096,64.28,12
6,12,2.3466,20,1.6919,2100,64.44,12
6,12,2.3466,30,0.2495,1.521,1.006,12
6,12,2.3466,30,0.2655,2.315,1.009,12
6,12,2.3466,30,0.2814,3.3,1.012,12
6,12,2.3466,30,0.2974,4.971,1.022,12
6,12,2.3466,30,0.3134,6.525,1.038,12
6,12,2.3466,30,0.3293,9.858,1.071,12
6,12,2.3466,30,0.3453,12.94,1.118,12
6,12,2.3466,30,0.3613,18.22,1.21,12
6,12,2.3466,30,0.3772,24.54,1.346,12
6,12,2.3466,30,0.3932,32.23,1.534,12
6,12,2.3466,30,0.4092,43.17,1.83,12
6,12,2.3466,30,0.4251,57.29,2.24,12
6,12,2.3466,30,0.4411,75.53,2.785,12
6,12,2.3466,30,0.4571,97.94,3.47,12
6,12,2.3466,30,0.473,129.1,4.427,12
6,12,2.3466,30,0.505,181.8,6.249,12
6,12,2.3466,30,0.5209,209.5,6.994,12
6,12,2.3466,30,0.5369,239.1,7.836,12
6,12,2.3466,30,0.5529,268.7,8.679,12
6,12,2.3466,30,0.5688,288.1,9.216,12
6,12,2.3466,30,0.5848,311.3,9.873,12
6,12,2.3466,30,0.6008,328.8,10.36,12
6,12,2.3466,30,0.6167,336,10.56,12
6,12,2.3466,30,0.6327,352.6,11.03,12
6,12,2.3466,30,0.6487,354,11.05,12
6,12,2.3466,30,0.6646,356.4,11.11,12
6,12,2.3466,30,0.6806,362.8,11.29,12
6,12,2.3466,30,0.6966,362.6,11.28,12
6,12,2.3466,30,0.7125,366.8,11.4,12
6,12,2.3466,30,0.7285,380.9,11.84,12
6,12,2.3466,30,0.7445,383.2,11.94,12
6,12,2.3466,30,0.7604,385.2,12.2,12
6,12,2.3466,30,0.7764,394.7,12.4,12
6,12,2.3466,30,0.7924,411.4,12.89,12
6,12,2.3466,30,0.8083,416.1,13.03,12
6,12,2.3466,30,0.8243,419.2,13.12,12
6,12,2.3466,30,0.8403,432.4,13.52,12
6,12,2.3466,30,0.8562,448.5,14,12
6,12,2.3466,30,0.8722,463.1,14.44,12
6,12,2.3466,30,0.8882,460.9,14.37,12
6,12,2.3466,30,0.9041,471.8,14.69,12
6,12,2.3466,30,0.9201,476.9,14.83,12
6,12,2.3466,30,0.9361,479.6,14.91,12
6,12,2.3466,30,0.952,500.9,15.56,12
6,12,2.3466,30,0.968,509.3,15.87,12
6,12,2.3466,30,0.984,519.2,16.26,12
6,12,2.3466,30,0.9999,518.1,16.12,12
6,12,2.3466,30,1.0159,535.4,16.64,12
6,12,2.3466,30,1.0319,533.7,16.58,12
6,12,2.3466,30,1.0478,538.2,16.71,12
6,12,2.3466,30,1.0638,553.1,17.16,12
6,12,2.3466,30,1.0797,556.2,17.25,12
6,12,2.3466,30,1.0957,571.3,17.7,12
6,12,2.3466,30,1.1117,582.2,18.03,12
6,12,2.3466,30,1.1276,586.9,18.16,12
6,12,2.3466,30,1.1436,597.9,18.5,12
6,12,2.3466,30,1.1596,622.4,19.31,12
6,12,2.3466,30,1.1755,620,19.22,12
6,12,2.3466,30,1.1915,619.3,19.11,12
6,12,2.3466,30,1.2075,635,19.58,12
6,12,2.3466,30,1.2234,631.3,19.46,12
6,12,2.3466,30,1.2394,647.3,19.93,12
6,12,2.3466,30,1.2554,643.6,19.82,12
6,12,2.3466,30,1.2713,664.2,20.44,12
6,12,2.3466,30,1.2873,663.5,20.41,12
6,12,2.3466,30,1.3033,665.7,20.47,12
6,12,2.3466,30,1.3192,687,21.14,12
6,12,2.3466,30,1.3352,682.7,21.23,12
6,12,2.3466,30,1.3512,684.8,21.14,12
6,12,2.3466,30,1.3671,670.9,20.7,12
6,12,2.3466,30,1.3831,684.2,21.1,12
6,12,2.3466,30,1.3991,679.6,20.95,12
6,12,2.3466,30,1.415,692.4,21.34,12
6,12,2.3466,30,1.431,680.6,20.98,12
6,12,2.3466,30,1.447,678.7,20.91,12
6,12,2.3466,30,1.4629,705.5,21.76,12
6,12,2.3466,30,1.4789,695.4,21.51,12
6,12,2.3466,30,1.4949,682.9,21.01,12
6,12,2.3466,30,1.5108,682.7,21,12
6,12,2.3466,30,1.5268,674.7,20.75,12
6,12,2.3466,30,1.5428,680.1,20.91,12
6,12,2.3466,30,1.5587,677.2,20.81,12
6,12,2.3466,30,1.5747,668.6,20.56,12
6,12,2.3466,30,1.5907,685.6,21.15,12
6,12,2.3466,30,1.6066,673.8,20.75,12
6,12,2.3466,30,1.6226,657.7,20.23,12
6,12,2.3466,30,1.6386,663.3,20.4,12
6,12,2.3466,30,1.6545,664.8,20.44,12
6,12,2.3466,30,1.6705,654.6,20.13,12
6,12,2.3466,30,1.6865,654,20.12,12
6,12,2.3466,45,0.7675,1.141,1.002,12
6,12,2.3466,45,0.7798,1.428,1.002,12
6,12,2.3466,45,0.7921,1.877,1.004,12
6,12,2.3466,45,0.8044,2.427,1.005,12
6,12,2.3466,45,0.8167,2.666,1.006,12
6,12,2.3466,45,0.829,3.298,1.009,12
6,12,2.3466,45,0.8413,3.98,1.012,12
6,12,2.3466,45,0.8536,4.888,1.017,12
6,12,2.3466,45,0.8659,5.876,1.023,12
6,12,2.3466,45,0.8782,7.06,1.031,12
6,12,2.3466,45,0.8905,8.129,1.039,12
6,12,2.3466,45,0.9028,9.369,1.05,12
6,12,2.3466,45,0.9151,10.62,1.062,12
6,12,2.3466,45,0.9275,12.2,1.079,12
6,12,2.3466,45,0.9398,13.67,1.096,12
6,12,2.3466,45,0.9521,15.18,1.116,12
6,12,2.3466,45,0.9644,16.83,1.14,12
6,12,2.3466,45,0.989,19,1.18,12
6,12,2.3466,45,1.0013,20.84,1.207,12
6,12,2.3466,45,1.0136,21.73,1.221,12
6,12,2.3466,45,1.0259,22.7,1.238,12
6,12,2.3466,45,1.0382,23.87,1.258,12
6,12,2.3466,45,1.0505,25.33,1.285,12
6,12,2.3466,45,1.0628,26.76,1.313,12
6,12,2.3466,45,1.0751,27.74,1.332,12
6,12,2.3466,45,1.0874,29.46,1.366,12
6,12,2.3466,45,1.0997,31.06,1.399,12
6,12,2.3466,45,1.112,31.48,1.408,12
6,12,2.3466,45,1.1243,33.54,1.452,12
6,12,2.3466,45,1.1366,34.47,1.472,12
6,12,2.3466,45,1.1489,37.49,1.542,12
6,12,2.3466,45,1.1612,38.77,1.576,12
6,12,2.3466,45,1.1735,40.5,1.644,12
6,12,2.3466,45,1.1858,41.28,1.65,12
6,12,2.3466,45,1.1981,43.5,1.701,12
6,12,2.3466,45,1.2104,44.72,1.731,12
6,12,2.3466,45,1.2227,46.76,1.782,12
6,12,2.3466,45,1.235,48.8,1.833,12
6,12,2.3466,45,1.2473,50.36,1.872,12
6,12,2.3466,45,1.2596,53.58,1.955,12
6,12,2.3466,45,1.2719,55.77,2.012,12
6,12,2.3466,45,1.2843,57.37,2.053,12
6,12,2.3466,45,1.2966,59.93,2.12,12
6,12,2.3466,45,1.3089,63.05,2.204,12
6,12,2.3466,45,1.3212,67.38,2.327,12
6,12,2.3466,45,1.3458,71.12,2.46,12
6,12,2.3466,45,1.3581,71.5,2.462,12
6,12,2.3466,45,1.3704,75.55,2.573,12
6,12,2.3466,45,1.3827,78.88,2.666,12
6,12,2.3466,45,1.395,82.24,2.759,12
6,12,2.3466,45,1.4073,84.19,2.813,12
6,12,2.3466,45,1.4196,87.72,2.913,12
6,12,2.3466,45,1.4319,90.61,2.993,12
6,12,2.3466,45,1.4442,91.11,3.007,12
6,12,2.3466,45,1.4565,96.06,3.15,12
6,12,2.3466,45,1.4688,100.2,3.283,12
6,12,2.3466,45,1.4811,100.6,3.294,12
6,12,2.3466,45,1.4934,104.3,3.381,12
6,12,2.3466,45,1.5057,108.1,3.489,12
6,12,2.3466,45,1.518,110.4,3.553,12
6,12,2.3466,45,1.5303,112.3,3.609,12
6,12,2.3466,45,1.5426,118.1,3.778,12
6,12,2.3466,45,1.5549,120.4,3.843,12
6,12,2.3466,45,1.5672,120.8,3.854,12
6,12,2.3466,45,1.5795,125,3.975,12
6,12,2.3466,45,1.5918,130.1,4.142,12
6,12,2.3466,45,1.6041,126.4,4.135,12
6,12,2.3466,45,1.6164,133,4.301,12
6,12,2.3466,45,1.6287,134.1,4.333,12
6,12,2.3466,45,1.641,137.5,4.432,12
6,12,2.3466,45,1.6534,141,4.534,12
6,12,2.3466,45,1.6657,140.5,4.514,12
6,12,2.3466,45,1.678,142.9,4.586,12
6,12,2.3466,45,1.6903,144.8,4.652,12
6,12,2.3466,60,1.1783,0.7757,1.001,12
6,12,2.3466,60,1.1878,0.9263,1.001,12
6,12,2.3466,60,1.1973,1.085,1.002,12
6,12,2.3466,60,1.2067,1.272,1.002,12
6,12,2.3466,60,1.2162,1.385,1.002,12
6,12,2.3466,60,1.2257,1.609,1.003,12
6,12,2.3466,60,1.2351,1.864,1.003,12
6,12,2.3466,60,1.2446,2.002,1.004,12
6,12,2.3466,60,1.2541,2.188,1.004,12
6,12,2.3466,60,1.2636,2.64,1.006,12
6,12,2.3466,60,1.273,2.921,1.007,12
6,12,2.3466,60,1.2825,3.062,1.007,12
6,12,2.3466,60,1.292,3.297,1.008,12
6,12,2.3466,60,1.3014,3.562,1.009,12
6,12,2.3466,60,1.3109,3.783,1.01,12
6,12,2.3466,60,1.3204,4.071,1.011,12
6,12,2.3466,60,1.3393,4.36,1.015,12
6,12,2.3466,60,1.3488,5.001,1.018,12
6,12,2.3466,60,1.3583,5.234,1.019,12
6,12,2.3466,60,1.3677,5.58,1.021,12
6,12,2.3466,60,1.3772,5.818,1.022,12
6,12,2.3466,60,1.3867,6.26,1.025,12
6,12,2.3466,60,1.3962,6.572,1.027,12
6,12,2.3466,60,1.4056,7.168,1.031,12
6,12,2.3466,60,1.4151,7.584,1.035,12
6,12,2.3466,60,1.4246,7.935,1.037,12
6,12,2.3466,60,1.434,8.281,1.04,12
6,12,2.3466,60,1.4435,8.828,1.045,12
6,12,2.3466,60,1.453,9.286,1.049,12
6,12,2.3466,60,1.4625,10.16,1.058,12
6,12,2.3466,60,1.4814,10.99,1.062,12
6,12,2.3466,60,1.4909,11.41,1.065,12
6,12,2.3466,60,1.5003,12.3,1.075,12
6,12,2.3466,60,1.5098,12.73,1.079,12
6,12,2.3466,60,1.5193,13.54,1.089,12
6,12,2.3466,60,1.5288,14.17,1.096,12
6,12,2.3466,60,1.5382,14.92,1.106,12
6,12,2.3466,60,1.5477,16.1,1.122,12
6,12,2.3466,60,1.5572,16.59,1.128,12
6,12,2.3466,60,1.5666,17.47,1.141,12
6,12,2.3466,60,1.5761,18.36,1.154,12
6,12,2.3466,60,1.5856,19.42,1.171,12
6,12,2.3466,60,1.6045,21.28,1.25,12
6,12,2.3466,60,1.614,21.67,1.25,12
6,12,2.3466,60,1.6235,23.57,1.286,12
6,12,2.3466,60,1.6329,24.03,1.294,12
6,12,2.3466,60,1.6424,25.23,1.318,12
6,12,2.3466,60,1.6519,26.52,1.343,12
6,12,2.3466,60,1.6614,27.19,1.356,12
6,12,2.3466,60,1.6708,28.29,1.378,12
6,12,2.3466,60,1.6803,28.69,1.386,12
6,12,2.3466,60,1.6898,30.91,1.437,12
6,12,2.3476,20,1.7106,2039,62.32,12
6,12,2.3476,20,1.7291,2041,62.25,12
6,12,2.3476,20,1.7476,1948,59.43,12
6,12,2.3476,20,1.7662,1931,58.88,12
6,12,2.3476,20,1.7847,1906,58.17,12
6,12,2.3476,30,1.7187,655.6,20.22,12
6,12,2.3476,30,1.7347,650.4,20.05,12
6,12,2.3476,30,1.7506,650.3,20.05,12
6,12,2.3476,30,1.7666,646.6,19.93,12
6,12,2.3476,30,1.7826,641.3,19.79,12
6,12,2.3476,30,1.7985,656.8,20.1,12
6,12,2.3476,30,1.8145,649.2,19.82,12
6,12,2.3476,30,1.8305,637.9,19.48,12
6,12,2.3476,30,1.8464,633.8,19.35,12
6,12,2.3476,30,1.8624,635.2,19.42,12
6,12,2.3476,45,1.7154,149.7,4.767,12
6,12,2.3476,45,1.7277,153.9,4.882,12
6,12,2.3476,45,1.74,154.2,4.89,12
6,12,2.3476,45,1.7523,158.5,5.016,12
6,12,2.3476,45,1.7646,161.6,5.107,12
6,12,2.3476,45,1.7769,160.7,5.08,12
6,12,2.3476,45,1.7892,167.7,5.319,12
6,12,2.3476,45,1.8015,167.2,5.251,12
6,12,2.3476,45,1.8138,170,5.324,12
6,12,2.3476,45,1.8261,172.6,5.398,12
6,12,2.3476,45,1.8384,172,5.38,12
6,12,2.3476,45,1.8507,173,5.408,12
6,12,2.3476,45,1.863,177.8,5.564,12
6,12,2.3476,45,1.8753,184.4,5.753,12
6,12,2.3476,45,1.8876,180.7,5.622,12
6,12,2.3476,45,1.8999,184.7,5.739,12
6,12,2.3476,45,1.9122,185.5,5.763,12
6,12,2.3476,45,1.9245,186.3,5.789,12
6,12,2.3476,60,1.7094,33.62,1.483,12
6,12,2.3476,60,1.7189,34.73,1.5,12
6,12,2.3476,60,1.7284,35.96,1.527,12
6,12,2.3476,60,1.7378,37.56,1.564,12
6,12,2.3476,60,1.7473,38.42,1.583,12
6,12,2.3476,60,1.7568,39.93,1.619,12
6,12,2.3476,60,1.7662,41.81,1.663,12
6,12,2.3476,60,1.7757,42.31,1.675,12
6,12,2.3476,60,1.7852,43.55,1.709,12
6,12,2.3476,60,1.7947,44.94,1.747,12
6,12,2.3476,60,1.8041,46.78,1.777,12
6,12,2.3476,60,1.8136,47.35,1.79,12
6,12,2.3476,60,1.8231,48.37,1.815,12
6,12,2.3476,60,1.8325,50.4,1.866,12
6,12,2.3476,60,1.842,51.8,1.901,12
6,12,2.3476,60,1.8515,52.16,1.91,12
6,12,2.3476,60,1.8609,54.45,1.972,12
6,12,2.3476,60,1.8799,58.59,2.168,12
6,12,2.3476,60,1.8893,60.54,2.214,12
6,12,2.3476,60,1.8988,61.83,2.248,12
6,12,2.3476,60,1.9083,62.19,2.256,12
6,12,2.3476,60,1.9178,61.99,2.249,12
6,12,2.3476,60,1.9272,65.1,2.34,12
6,12,3.4886,14,0.0541,12.65,2.373,12
6,12,3.4886,14,0.0733,24.04,3.455,12
6,12,3.4886,14,0.0925,50.68,6.242,12
6,12,3.4886,14,0.1117,104.1,12.01,12
6,12,3.4886,14,0.1308,197.5,24.86,12
6,12,3.4886,14,0.15,408.4,17.7,12
6,12,3.4886,14,0.1692,711.6,32.5,12
6,12,3.4886,14,0.1884,1219,25.22,12
6,12,3.4886,14,0.2076,1830,68.38,12
6,12,3.4886,14,0.2268,2590,77.29,12
6,12,3.4886,14,0.246,3615,91.16,12
6,12,3.4886,14,0.2652,4722,98.83,12
6,12,3.4886,14,0.2844,5819,98.84,12
6,12,3.4886,14,0.3036,6831,94.83,12
6,12,3.4886,14,0.3228,7804,90.94,12
6,12,3.4886,14,0.342,8444,88.24,12
6,12,3.4886,14,0.3612,8660,85.5,12
6,12,3.4886,14,0.3804,8703,84.03,12
6,12,3.4886,14,0.3996,8704,83.61,12
6,12,3.4886,14,0.4188,8356,80.62,12
6,12,3.4886,14,0.438,8094,78.84,12
6,12,3.4886,14,0.4572,7606,74.91,12
6,12,3.4886,14,0.4764,7235,72.67,12
6,12,3.4886,14,0.4956,7019,72.31,12
6,12,3.4886,14,0.5148,6818,72.79,12
6,12,3.4886,14,0.534,6803,87.53,12
6,12,3.4886,14,0.5532,6711,82.77,12
6,12,3.4886,14,0.5724,6663,81.81,12
6,12,3.4886,14,0.5915,6783,82.91,12
6,12,3.4886,14,0.6107,6868,83.53,12
6,12,3.4886,14,0.6299,6934,83.41,12
6,12,3.4886,14,0.6491,7002,83.91,12
6,12,3.4886,14,0.6683,6870,82.52,12
6,12,3.4886,14,0.6875,6931,82.84,12
6,12,3.4886,14,0.7067,6881,81.77,12
6,12,3.4886,14,0.7259,6698,79.29,12
6,12,3.4886,14,0.7451,6566,77.89,12
6,12,3.4886,14,0.7643,6660,79.23,12
6,12,3.4886,14,0.7835,6613,79.23,12
6,12,3.4886,14,0.8027,6540,78.65,12
6,12,3.4886,14,0.8219,6318,76.59,12
6,12,3.4886,14,0.8411,6254,76.11,12
6,12,3.4886,14,0.8603,6312,77.2,12
6,12,3.4886,14,0.8795,6194,76.09,12
6,12,3.4886,14,0.8987,6201,76.38,12
6,12,3.4886,14,0.9179,6309,79.2,12
6,12,3.4886,14,0.9563,6212,75.81,12
6,12,3.4886,14,0.9755,6214,74.25,12
6,12,3.4886,14,0.9947,6166,73.71,12
6,12,3.4886,14,1.0139,6121,73.16,12
6,12,3.4886,14,1.033,5998,71.7,12
6,12,3.4886,14,1.0522,5950,70.99,12
6,12,3.4886,14,1.0714,5965,71.28,12
6,12,3.4886,14,1.0906,5858,70.36,12
6,12,3.4886,14,1.1098,5939,70.89,12
6,12,3.4886,14,1.129,5845,69.91,12
6,12,3.4886,14,1.1482,5889,70.47,12
6,12,3.4886,14,1.1674,5842,69.64,12
6,12,3.4886,14,1.1866,5850,69.57,12
6,12,3.4886,14,1.2058,5756,68.57,12
6,12,3.4886,14,1.225,5724,68.47,12
6,12,3.4886,14,1.2442,5716,67.92,12
6,12,3.4886,14,1.2634,5727,68.17,12
6,12,3.4886,14,1.2826,5597,68.68,12
6,12,3.4886,14,1.3018,5485,76.08,12
6,12,3.4886,14,1.321,5403,70.88,12
6,12,3.4886,14,1.3402,5504,71.27,12
6,12,3.4886,14,1.3594,5320,69.5,12
6,12,3.4886,14,1.3786,5182,67.73,12
6,12,3.4886,14,1.3978,5062,66.53,12
6,12,3.4886,14,1.417,4934,65.17,12
6,12,3.4886,14,1.4362,5096,66.81,12
6,12,3.4886,14,1.4554,4922,64.87,12
6,12,3.4886,14,1.4745,4918,64.97,12
6,12,3.4886,14,1.4937,4904,64.8,12
6,12,3.4886,14,1.5129,4708,62.7,12
6,12,3.4886,14,1.5321,4729,62.91,12
6,12,3.4886,14,1.5513,4591,61.37,12
6,12,3.4886,14,1.5705,4610,61.79,12
6,12,3.4886,14,1.5897,4570,63.07,12
6,12,3.4886,14,1.6089,4482,52.51,12
6,12,3.4886,14,1.6281,4419,49.73,12
6,12,3.4886,14,1.6473,4367,49.02,12
6,12,3.4886,14,1.6665,4303,48.47,12
6,12,3.4886,14,1.6857,4097,46.32,12
6,12,3.4886,14,1.7049,4142,46.73,12
6,12,3.4886,14,1.7241,4118,46.62,12
6,12,3.4886,14,1.7433,4067,46.08,12
6,12,3.4886,14,1.7625,4041,45.87,12
6,12,3.4886,14,1.7817,4062,45.93,12
6,12,3.4886,14,1.8009,3950,44.88,12
6,12,3.4886,14,1.8201,3933,44.63,12
6,12,3.4886,14,1.8393,3913,44.55,12
6,12,3.4886,14,1.8585,3819,44.95,12
6,12,3.4886,14,1.8777,3820,43.23,12
6,12,3.4886,14,1.8969,3705,41.2,12
6,12,3.4886,14,1.9161,3656,40.73,12
6,12,3.4886,14,1.9352,3548,39.52,12
6,12,3.4886,14,1.9544,3487,38.98,12
6,12,3.4886,14,1.9736,3561,39.72,12
6,12,3.4886,14,1.9928,3463,38.72,12
6,12,3.4886,14,2.012,3465,38.79,12
6,12,3.4886,14,2.0312,3444,38.51,12
6,12,3.4886,14,2.0504,3362,37.64,12
6,12,3.4886,14,2.0696,3364,37.68,12
6,12,3.4886,14,2.0888,3344,39.06,12
6,12,3.4886,20,0.2688,3.609,1.09,12
6,12,3.4886,20,0.2862,5.175,1.066,12
6,12,3.4886,20,0.3036,8.091,1.073,12
6,12,3.4886,20,0.3211,11.74,1.129,12
6,12,3.4886,20,0.3385,15.95,1.178,12
6,12,3.4886,20,0.3559,22.74,1.297,12
6,12,3.4886,20,0.3733,30.73,1.474,12
6,12,3.4886,20,0.3907,39.75,1.643,12
6,12,3.4886,20,0.4081,54.86,1.973,12
6,12,3.4886,20,0.4255,72.75,2.367,12
6,12,3.4886,20,0.4429,96.54,2.88,12
6,12,3.4886,20,0.4603,129.9,3.57,12
6,12,3.4886,20,0.4778,168.8,4.324,12
6,12,3.4886,20,0.4952,209.3,4.987,12
6,12,3.4886,20,0.5474,346.8,7.242,12
6,12,3.4886,20,0.5648,387.5,7.23,12
6,12,3.4886,20,0.5822,439.8,7.444,12
6,12,3.4886,20,0.5996,488.1,7.63,12
6,12,3.4886,20,0.6171,520,7.608,12
6,12,3.4886,20,0.6345,540.2,7.522,12
6,12,3.4886,20,0.6519,567.2,7.588,12
6,12,3.4886,20,0.6693,588.8,7.606,12
6,12,3.4886,20,0.6867,603.2,7.614,12
6,12,3.4886,20,0.7041,630.8,7.818,12
6,12,3.4886,20,0.7215,626.2,7.712,12
6,12,3.4886,20,0.7389,638.3,7.79,12
6,12,3.4886,20,0.7563,651.6,7.911,12
6,12,3.4886,20,0.7738,647.1,7.854,12
6,12,3.4886,20,0.7912,676.6,8.16,12
6,12,3.4886,20,0.8086,675.1,8.157,12
6,12,3.4886,20,0.826,673.6,8.127,12
6,12,3.4886,20,0.8434,689.8,8.309,12
6,12,3.4886,20,0.8608,705.9,8.494,12
6,12,3.4886,20,0.8782,716.6,8.59,12
6,12,3.4886,20,0.8956,758.9,9.09,12
6,12,3.4886,20,0.913,758.5,9.195,12
6,12,3.4886,20,0.9653,792.8,10.59,12
6,12,3.4886,20,0.9827,815.4,10.53,12
6,12,3.4886,20,1.0001,835.2,10.68,12
6,12,3.4886,20,1.0175,831.2,10.61,12
6,12,3.4886,20,1.0349,837.7,10.63,12
6,12,3.4886,20,1.0523,849.3,10.73,12
6,12,3.4886,20,1.0698,852.1,10.72,12
6,12,3.4886,20,1.0872,875.1,10.94,12
6,12,3.4886,20,1.1046,898.2,11.2,12
6,12,3.4886,20,1.122,895,11.14,12
6,12,3.4886,20,1.1394,922.6,11.43,12
6,12,3.4886,20,1.1568,942.3,11.6,12
6,12,3.4886,20,1.1742,964.6,11.8,12
6,12,3.4886,20,1.1916,967.2,11.81,12
6,12,3.4886,20,1.209,1006,12.15,12
6,12,3.4886,20,1.2265,1007,12.16,12
6,12,3.4886,20,1.2439,1022,12.26,12
6,12,3.4886,20,1.2613,1077,12.91,12
6,12,3.4886,20,1.2787,1066,13.03,12
6,12,3.4886,20,1.3135,1076,12.88,12
6,12,3.4886,20,1.3309,1103,12.7,12
6,12,3.4886,20,1.3483,1092,12.47,12
6,12,3.4886,20,1.3657,1097,12.51,12
6,12,3.4886,20,1.3832,1094,12.45,12
6,12,3.4886,20,1.4006,1087,12.32,12
6,12,3.4886,20,1.418,1111,12.5,12
6,12,3.4886,20,1.4354,1130,12.71,12
6,12,3.4886,20,1.4528,1139,12.73,12
6,12,3.4886,20,1.4702,1155,12.87,12
6,12,3.4886,20,1.4876,1155,12.88,12
6,12,3.4886,20,1.505,1163,12.88,12
6,12,3.4886,20,1.5225,1153,12.76,12
6,12,3.4886,20,1.5399,1164,12.89,12
6,12,3.4886,20,1.5573,1147,12.66,12
6,12,3.4886,20,1.5747,1197,13.25,12
6,12,3.4886,20,1.5921,1165,13.24,12
6,12,3.4886,20,1.6269,1164,13.58,12
6,12,3.4886,20,1.6443,1144,13.14,12
6,12,3.4886,20,1.6617,1157,13.23,12
6,12,3.4886,20,1.6792,1122,12.86,12
6,12,3.4886,20,1.6966,1144,13.03,12
6,12,3.4886,20,1.714,1154,13.14,12
6,12,3.4886,20,1.7314,1129,12.88,12
6,12,3.4886,20,1.7488,1147,13.03,12
6,12,3.4886,20,1.7662,1139,12.96,12
6,12,3.4886,20,1.7836,1153,13.05,12
6,12,3.4886,20,1.801,1163,13.14,12
6,12,3.4886,20,1.8184,1142,12.92,12
6,12,3.4886,20,1.8359,1159,13.15,12
6,12,3.4886,20,1.8533,1135,13.25,12
6,12,3.4886,20,1.8881,1120,12.56,12
6,12,3.4886,20,1.9055,1107,12.23,12
6,12,3.4886,20,1.9229,1092,12.08,12
6,12,3.4886,20,1.9403,1091,12.03,12
6,12,3.4886,20,1.9577,1085,12,12
6,12,3.4886,20,1.9752,1088,12,12
6,12,3.4886,20,1.9926,1114,12.24,12
6,12,3.4886,20,2.01,1103,12.16,12
6,12,3.4886,20,2.0274,1092,12.01,12
6,12,3.4886,20,2.0448,1085,11.95,12
6,12,3.4886,20,2.0622,1079,11.87,12
6,12,3.4886,20,2.0796,1081,12.18,12
6,12,3.4886,28,0.9649,25.23,1.118,12
6,12,3.4886,28,0.9798,27.63,1.121,12
6,12,3.4886,28,0.9946,31.59,1.137,12
6,12,3.4886,28,1.0095,33.73,1.142,12
6,12,3.4886,28,1.0243,36.73,1.155,12
6,12,3.4886,28,1.0392,38.94,1.162,12
6,12,3.4886,28,1.054,41.27,1.17,12
6,12,3.4886,28,1.0689,42.95,1.176,12
6,12,3.4886,28,1.0837,46.09,1.19,12
6,12,3.4886,28,1.0986,48.51,1.201,12
6,12,3.4886,28,1.1134,50.38,1.208,12
6,12,3.4886,28,1.1283,53.26,1.224,12
6,12,3.4886,28,1.1431,57.21,1.247,12
6,12,3.4886,28,1.158,57.96,1.249,12
6,12,3.4886,28,1.1729,59.05,1.252,12
6,12,3.4886,28,1.1877,62.09,1.271,12
6,12,3.4886,28,1.2026,64.54,1.284,12
6,12,3.4886,28,1.2174,67.75,1.305,12
6,12,3.4886,28,1.2323,69.39,1.315,12
6,12,3.4886,28,1.2471,73.33,1.341,12
6,12,3.4886,28,1.262,76.8,1.372,12
6,12,3.4886,28,1.2768,80.69,1.408,12
6,12,3.4886,28,1.3214,86.03,1.586,12
6,12,3.4886,28,1.3362,91.97,1.612,12
6,12,3.4886,28,1.3511,94,1.61,12
6,12,3.4886,28,1.3659,95.53,1.619,12
6,12,3.4886,28,1.3808,99.82,1.65,12
6,12,3.4886,28,1.3956,102.4,1.673,12
6,12,3.4886,28,1.4105,106.1,1.695,12
6,12,3.4886,28,1.4253,111.5,1.742,12
6,12,3.4886,28,1.4402,116.1,1.776,12
6,12,3.4886,28,1.455,120.5,1.808,12
6,12,3.4886,28,1.4699,126.6,1.86,12
6,12,3.4886,28,1.4847,128.1,1.866,12
6,12,3.4886,28,1.4996,131.9,1.894,12
6,12,3.4886,28,1.5144,137.2,1.935,12
6,12,3.4886,28,1.5293,138.3,1.938,12
6,12,3.4886,28,1.5442,146.3,2.005,12
6,12,3.4886,28,1.559,149.9,2.033,12
6,12,3.4886,28,1.5739,157,2.112,12
6,12,3.4886,28,1.5887,161.8,2.184,12
6,12,3.4886,28,1.6184,169.2,2.485,12
6,12,3.4886,28,1.6333,173.2,2.43,12
6,12,3.4886,28,1.6481,178.7,2.436,12
6,12,3.4886,28,1.663,182.3,2.452,12
6,12,3.4886,28,1.6778,183.8,2.457,12
6,12,3.4886,28,1.6927,185.7,2.467,12
6,12,3.4886,28,1.7075,190.6,2.511,12
6,12,3.4886,28,1.7224,197,2.559,12
6,12,3.4886,28,1.7372,199.5,2.576,12
6,12,3.4886,28,1.7521,205.3,2.62,12
6,12,3.4886,28,1.7669,209.9,2.651,12
6,12,3.4886,28,1.7818,212.8,2.679,12
6,12,3.4886,28,1.7966,214.1,2.676,12
6,12,3.4886,28,1.8115,219.8,2.729,12
6,12,3.4886,28,1.8263,225,2.772,12
6,12,3.4886,28,1.8412,232,2.866,12
6,12,3.4886,28,1.856,233,2.942,12
6,12,3.4886,28,1.8857,234.2,3.071,12
6,12,3.4886,28,1.9006,243.2,3.064,12
6,12,3.4886,28,1.9155,240.8,3.007,12
6,12,3.4886,28,1.9303,242.8,3.011,12
6,12,3.4886,28,1.9452,243.2,3.002,12
6,12,3.4886,28,1.96,249.7,3.066,12
6,12,3.4886,28,1.9749,248.4,3.048,12
6,12,3.4886,28,1.9897,254.3,3.094,12
6,12,3.4886,28,2.0046,260.1,3.145,12
6,12,3.4886,28,2.0194,262.7,3.159,12
6,12,3.4886,28,2.0343,261.1,3.134,12
6,12,3.4886,28,2.0491,263.9,3.161,12
6,12,3.4886,28,2.064,268.5,3.219,12
6,12,3.4886,28,2.0788,277,3.376,12
6,12,3.4886,28,2.1085,267.9,3.808,12
6,12,3.4886,28,2.1234,279.1,3.748,12
6,12,3.4886,28,2.1382,272.9,3.648,12
6,12,3.4886,28,2.1531,273,3.64,12
6,12,3.4886,28,2.1679,272.3,3.62,12
6,12,3.4886,28,2.1828,279.4,3.691,12
6,12,3.4886,28,2.1976,281.9,3.712,12
6,12,3.4886,28,2.2125,284.7,3.732,12
6,12,3.4886,28,2.2273,291.5,3.79,12
6,12,3.4886,28,2.2422,287.9,3.747,12
6,12,3.4886,28,2.257,285.7,3.732,12
6,12,3.4886,28,2.2719,296.8,3.95,12
6,12,3.4886,36,1.6199,14.82,1.029,12
6,12,3.4886,36,1.6323,15.57,1.028,12
6,12,3.4886,36,1.6448,15.9,1.028,12
6,12,3.4886,36,1.6573,16.68,1.029,12
6,12,3.4886,36,1.6697,17.52,1.031,12
6,12,3.4886,36,1.6822,18.46,1.033,12
6,12,3.4886,36,1.6947,19.59,1.036,12
6,12,3.4886,36,1.7071,20.45,1.039,12
6,12,3.4886,36,1.7196,20.94,1.04,12
6,12,3.4886,36,1.7321,22.9,1.045,12
6,12,3.4886,36,1.7445,23.32,1.047,12
6,12,3.4886,36,1.757,24.84,1.051,12
6,12,3.4886,36,1.7694,26,1.054,12
6,12,3.4886,36,1.7819,26.7,1.056,12
6,12,3.4886,36,1.7944,27.78,1.059,12
6,12,3.4886,36,1.8068,29.37,1.064,12
6,12,3.4886,36,1.8193,30.06,1.066,12
6,12,3.4886,36,1.8318,32.21,1.075,12
6,12,3.4886,36,1.8442,33.44,1.081,12
6,12,3.4886,36,1.8816,36.93,1.143,12
6,12,3.4886,36,1.8941,38.17,1.137,12
6,12,3.4886,36,1.9066,39.91,1.138,12
6,12,3.4886,36,1.919,41.46,1.143,12
6,12,3.4886,36,1.9315,42.49,1.147,12
6,12,3.4886,36,1.944,43.59,1.151,12
6,12,3.4886,36,1.9564,45.11,1.158,12
6,12,3.4886,36,1.9689,47.82,1.171,12
6,12,3.4886,36,1.9813,49.54,1.18,12
6,12,3.4886,36,1.9938,50.13,1.182,12
6,12,3.4886,36,2.0063,52.3,1.193,12
6,12,3.4886,36,2.0187,52.79,1.193,12
6,12,3.4886,36,2.0312,54.39,1.2,12
6,12,3.4886,36,2.0437,57.02,1.213,12
6,12,3.4886,36,2.0561,58.37,1.221,12
6,12,3.4886,36,2.0686,59.44,1.231,12
6,12,3.4886,36,2.0811,62.32,1.258,12
6,12,3.4886,36,2.106,64.12,1.455,12
6,12,3.4886,36,2.1185,64.26,1.415,12
6,12,3.4886,36,2.1309,67.15,1.413,12
6,12,3.4886,36,2.1434,67.23,1.408,12
6,12,3.4886,36,2.1559,69.23,1.421,12
6,12,3.4886,36,2.1683,69.6,1.421,12
6,12,3.4886,36,2.1808,73.3,1.448,12
6,12,3.4886,36,2.1932,75.77,1.466,12
6,12,3.4886,36,2.2057,75.87,1.466,12
6,12,3.4886,36,2.2182,78.48,1.484,12
6,12,3.4886,36,2.2306,78.57,1.479,12
6,12,3.4886,36,2.2431,80.99,1.495,12
6,12,3.4886,36,2.2556,82.56,1.512,12
6,12,3.4886,36,2.268,85.12,1.55,12
6,12,3.4886,40,1.8821,12.11,1.022,12
6,12,3.4886,40,1.8935,12.76,1.022,12
6,12,3.4886,40,1.9049,13.44,1.022,12
6,12,3.4886,40,1.9163,14.27,1.023,12
6,12,3.4886,40,1.9277,14.69,1.024,12
6,12,3.4886,40,1.9391,15.32,1.025,12
6,12,3.4886,40,1.9505,15.73,1.026,12
6,12,3.4886,40,1.9619,16.9,1.029,12
6,12,3.4886,40,1.9733,17.54,1.03,12
6,12,3.4886,40,1.9847,18.5,1.033,12
6,12,3.4886,40,1.9961,19.53,1.035,12
6,12,3.4886,40,2.0075,20.65,1.038,12
6,12,3.4886,40,2.0189,21.17,1.039,12
6,12,3.4886,40,2.0303,21.42,1.039,12
6,12,3.4886,40,2.0417,22.59,1.043,12
6,12,3.4886,40,2.0531,23.7,1.046,12
6,12,3.4886,40,2.0645,25.14,1.051,12
6,12,3.4886,40,2.0759,25.92,1.055,12
6,12,3.4886,40,2.1101,28.33,1.095,12
6,12,3.4886,40,2.1215,28.96,1.091,12
6,12,3.4886,40,2.1329,29.51,1.089,12
6,12,3.4886,40,2.1443,30.68,1.093,12
6,12,3.4886,40,2.1557,31.74,1.096,12
6,12,3.4886,40,2.1671,32.3,1.098,12
6,12,3.4886,40,2.1785,33.8,1.104,12
6,12,3.4886,40,2.1899,35.03,1.109,12
6,12,3.4886,40,2.2013,35.56,1.111,12
6,12,3.4886,40,2.2127,38.22,1.123,12
6,12,3.4886,40,2.2241,38.28,1.122,12
6,12,3.4886,40,2.2355,39.69,1.127,12
6,12,3.4886,40,2.2469,40.26,1.129,12
6,12,3.4886,40,2.2583,42.32,1.14,12
6,12,3.4886,40,2.2697,43.48,1.151,12
6,12,3.4886,40,2.3039,45.2,1.321,12
6,12,3.4886,40,2.3153,47.11,1.306,12
6,12,3.4886,40,2.3267,47.59,1.298,12
6,12,3.4886,40,2.3381,49.78,1.311,12
6,12,3.4886,40,2.3495,47.85,1.293,12
6,12,3.4886,40,2.3609,50.12,1.31,12
6,12,3.4886,40,2.3723,52.17,1.324,12
6,12,3.4886,40,2.3837,52.28,1.325,12
6,12,3.4886,40,2.3951,55.23,1.345,12
6,12,3.4886,40,2.4065,56.55,1.351,12
6,12,3.4886,40,2.4179,55.68,1.345,12
6,12,3.4886,40,2.4293,58.44,1.366,12
6,12,3.4886,40,2.4407,60.67,1.404,12
6,12,3.4886,40,2.4635,59.11,1.347,12
6,12,3.4886,40,2.4749,59.96,1.33,12
6,12,3.4886,40,2.4863,62.53,1.345,12
6,12,3.4886,40,2.4977,61.95,1.338,12
6,12,3.4886,40,2.5091,63.29,1.346,12
6,12,3.4886,40,2.5205,66.24,1.364,12
6,12,3.4886,40,2.5319,68.84,1.383,12
6,12,3.4886,40,2.5433,69.41,1.384,12
6,12,3.4886,40,2.5547,68.69,1.377,12
6,12,3.4886,40,2.5661,70.7,1.392,12
6,12,3.4886,40,2.5775,72.45,1.426,12
6,12,4.6286,10.65,0.1217,225.3,16.9,12
6,12,4.6286,10.65,0.1413,409.2,22.5,12
6,12,4.6286,10.65,0.161,609.8,42.77,12
6,12,4.6286,10.65,0.1806,1300,59.03,12
6,12,4.6286,10.65,0.2003,2175,102.5,12
6,12,4.6286,10.65,0.2199,3179,124.8,12
6,12,4.6286,10.65,0.2395,4418,162.1,12
6,12,4.6286,10.65,0.2592,6160,207,12
6,12,4.6286,10.65,0.2788,7703,234.4,12
6,12,4.6286,10.65,0.2985,9507,261.1,12
6,12,4.6286,10.65,0.3181,10940,269.6,12
6,12,4.6286,10.65,0.3378,11780,260.3,12
6,12,4.6286,10.65,0.3574,12740,253.9,12
6,12,4.6286,10.65,0.3771,13450,242.1,12
6,12,4.6286,10.65,0.3967,13540,220.6,12
6,12,4.6286,10.65,0.4164,13090,196.9,12
6,12,4.6286,10.65,0.436,12770,179.4,12
6,12,4.6286,10.65,0.4557,12140,162.4,12
6,12,4.6286,10.65,0.4753,11690,152.6,12
6,12,4.6286,10.65,0.4949,11500,150,12
6,12,4.6286,10.65,0.5146,10680,142.7,12
6,12,4.6286,10.65,0.5342,10260,143,12
6,12,4.6286,10.65,0.5539,10300,149.6,12
6,12,4.6286,10.65,0.5735,10210,153.5,12
6,12,4.6286,10.65,0.5932,10220,157.6,12
6,12,4.6286,10.65,0.6128,10360,161.3,12
6,12,4.6286,10.65,0.6325,10730,166.6,12
6,12,4.6286,10.65,0.6521,10620,162.5,12
6,12,4.6286,10.65,0.6521,11040,186.3,12
6,12,4.6286,10.65,0.6718,10750,171.3,12
6,12,4.6286,10.65,0.6718,10850,163.3,12
6,12,4.6286,10.65,0.6914,10890,161.1,12
6,12,4.6286,10.65,0.6914,10980,167,12
6,12,4.6286,10.65,0.7111,10880,160.7,12
6,12,4.6286,10.65,0.7307,10810,156.6,12
6,12,4.6286,10.65,0.7504,10640,150.4,12
6,12,4.6286,10.65,0.77,10490,145.8,12
6,12,4.6286,10.65,0.7896,10270,141,12
6,12,4.6286,10.65,0.8093,9907,134.9,12
6,12,4.6286,10.65,0.8289,9759,132.6,12
6,12,4.6286,10.65,0.8486,9630,130.4,12
6,12,4.6286,10.65,0.8682,9533,129,12
6,12,4.6286,10.65,0.8879,9612,130,12
6,12,4.6286,10.65,0.9075,9399,127.4,12
6,12,4.6286,10.65,0.9272,9388,127.2,12
6,12,4.6286,10.65,0.9468,9337,126.7,12
6,12,4.6286,10.65,0.9665,9291,126,12
6,12,4.6286,10.65,0.9861,9658,129.9,12
6,12,4.6286,10.65,1.0058,9401,125.9,12
6,12,4.6286,10.65,1.0254,9389,125.3,12
6,12,4.6286,10.65,1.045,9449,125.1,12
6,12,4.6286,10.65,1.0647,9603,126,12
6,12,4.6286,10.65,1.0843,9685,125.9,12
6,12,4.6286,10.65,1.104,9626,124.9,12
6,12,4.6286,10.65,1.1236,9480,121.8,12
6,12,4.6286,10.65,1.1433,9263,121.2,12
6,12,4.6286,10.65,1.1433,9520,121.8,12
6,12,4.6286,10.65,1.1629,9404,121.2,12
6,12,4.6286,10.65,1.1629,9560,119,12
6,12,4.6286,10.65,1.1826,9464,116.2,12
6,12,4.6286,10.65,1.2022,9400,115,12
6,12,4.6286,10.65,1.2219,9134,111.2,12
6,12,4.6286,10.65,1.2415,9108,110.5,12
6,12,4.6286,10.65,1.2612,8840,106.6,12
6,12,4.6286,10.65,1.2808,8821,106.1,12
6,12,4.6286,10.65,1.3004,8751,104.8,12
6,12,4.6286,10.65,1.3201,8632,103,12
6,12,4.6286,10.65,1.3397,8612,102.7,12
6,12,4.6286,10.65,1.3594,8351,99.55,12
6,12,4.6286,10.65,1.379,8503,100.6,12
6,12,4.6286,10.65,1.3987,8287,97.95,12
6,12,4.6286,10.65,1.4183,8360,98.74,12
6,12,4.6286,10.65,1.438,8252,96.77,12
6,12,4.6286,10.65,1.4576,8205,96.05,12
6,12,4.6286,10.65,1.4773,7978,93.82,12
6,12,4.6286,10.65,1.4969,7912,92.89,12
6,12,4.6286,10.65,1.5166,7802,91.68,12
6,12,4.6286,10.65,1.5362,7829,91.49,12
6,12,4.6286,10.65,1.5559,7683,89.93,12
6,12,4.6286,10.65,1.5559,7702,90.63,12
6,12,4.6286,10.65,1.5755,7544,89.39,12
6,12,4.6286,10.65,1.5755,7617,84.71,12
6,12,4.6286,10.65,1.5951,7399,81.34,12
6,12,4.6286,10.65,1.6148,7318,80.62,12
6,12,4.6286,10.65,1.6344,7299,80.06,12
6,12,4.6286,10.65,1.6541,7102,78.05,12
6,12,4.6286,10.65,1.6737,6830,75.49,12
6,12,4.6286,10.65,1.6934,6922,76.31,12
6,12,4.6286,10.65,1.713,6887,75.45,12
6,12,4.6286,10.65,1.7327,6740,74.64,12
6,12,4.6286,10.65,1.7523,6572,72.84,12
6,12,4.6286,10.65,1.772,6620,72.82,12
6,12,4.6286,10.65,1.7916,6549,72.56,12
6,12,4.6286,10.65,1.8113,6549,72.44,12
6,12,4.6286,10.65,1.8309,6408,71.01,12
6,12,4.6286,10.65,1.8505,6252,69.49,12
6,12,4.6286,10.65,1.8702,6265,69.44,12
6,12,4.6286,10.65,1.8898,6199,68.76,12
6,12,4.6286,10.65,1.9095,6180,68.67,12
6,12,4.6286,10.65,1.9291,6072,67.58,12
6,12,4.6286,16,0.3622,7.672,1.116,12
6,12,4.6286,16,0.3801,9.602,1.163,12
6,12,4.6286,16,0.398,13.55,1.2,12
6,12,4.6286,16,0.4159,18.43,1.318,12
6,12,4.6286,16,0.4337,23.49,1.528,12
6,12,4.6286,16,0.4516,30.74,1.685,12
6,12,4.6286,16,0.4695,40.86,1.965,12
6,12,4.6286,16,0.4874,53.38,2.312,12
6,12,4.6286,16,0.5053,67.36,2.684,12
6,12,4.6286,16,0.5232,86.33,3.171,12
6,12,4.6286,16,0.5411,113.5,3.84,12
6,12,4.6286,16,0.559,138.1,4.317,12
6,12,4.6286,16,0.5769,176.3,5,12
6,12,4.6286,16,0.5948,215.8,5.513,12
6,12,4.6286,16,0.6127,257.3,5.855,12
6,12,4.6286,16,0.6306,303.4,6.051,12
6,12,4.6286,16,0.6485,346.6,5.992,12
6,12,4.6286,16,0.6664,387.9,5.788,12
6,12,4.6286,16,0.6843,436,5.615,12
6,12,4.6286,16,0.6843,436.9,7.438,12
6,12,4.6286,16,0.7022,456,6.911,12
6,12,4.6286,16,0.7022,484.1,5.494,12
6,12,4.6286,16,0.7201,502.4,6.754,12
6,12,4.6286,16,0.738,526.1,6.517,12
6,12,4.6286,16,0.7559,554.9,6.535,12
6,12,4.6286,16,0.7738,568.1,6.422,12
6,12,4.6286,16,0.7917,591,6.519,12
6,12,4.6286,16,0.8096,605,6.544,12
6,12,4.6286,16,0.8275,599.9,6.444,12
6,12,4.6286,16,0.8454,614.5,6.489,12
6,12,4.6286,16,0.8632,615.4,6.513,12
6,12,4.6286,16,0.8811,634.6,6.648,12
6,12,4.6286,16,0.899,651.7,6.846,12
6,12,4.6286,16,0.9169,645.2,6.727,12
6,12,4.6286,16,0.9348,664.5,6.938,12
6,12,4.6286,16,0.9527,695.8,7.191,12
6,12,4.6286,16,0.9706,692.4,7.117,12
6,12,4.6286,16,0.9885,712.6,7.298,12
6,12,4.6286,16,1.0064,735.7,7.482,12
6,12,4.6286,16,1.0243,749.1,7.581,12
6,12,4.6286,16,1.0422,759.8,7.651,12
6,12,4.6286,16,1.0601,757.6,7.638,12
6,12,4.6286,16,1.078,802.4,8.053,12
6,12,4.6286,16,1.0959,797.7,7.998,12
6,12,4.6286,16,1.1138,828.1,8.282,12
6,12,4.6286,16,1.1317,852.4,8.507,12
6,12,4.6286,16,1.1496,848.5,11.1,12
6,12,4.6286,16,1.1496,874.2,8.771,12
6,12,4.6286,16,1.1675,863.3,10.65,12
6,12,4.6286,16,1.1675,895.2,9.153,12
6,12,4.6286,16,1.1854,938.2,10.9,12
6,12,4.6286,16,1.2033,912.2,10.48,12
6,12,4.6286,16,1.2212,935.2,10.6,12
6,12,4.6286,16,1.2391,923.3,10.47,12
6,12,4.6286,16,1.257,963.4,10.78,12
6,12,4.6286,16,1.2749,990.9,11.02,12
6,12,4.6286,16,1.2927,954.9,10.54,12
6,12,4.6286,16,1.3106,979.7,10.8,12
6,12,4.6286,16,1.3285,1032,11.19,12
6,12,4.6286,16,1.3464,1050,11.28,12
6,12,4.6286,16,1.3643,1048,11.17,12
6,12,4.6286,16,1.3822,1074,11.34,12
6,12,4.6286,16,1.4001,1099,11.56,12
6,12,4.6286,16,1.418,1104,11.51,12
6,12,4.6286,16,1.4359,1133,11.68,12
6,12,4.6286,16,1.4538,1156,11.84,12
6,12,4.6286,16,1.4717,1160,11.79,12
6,12,4.6286,16,1.4896,1156,11.67,12
6,12,4.6286,16,1.5075,1210,12.11,12
6,12,4.6286,16,1.5254,1193,11.86,12
6,12,4.6286,16,1.5433,1208,12.03,12
6,12,4.6286,16,1.5612,1222,12.13,12
6,12,4.6286,16,1.5791,1235,14.24,12
6,12,4.6286,16,1.5791,1242,12.6,12
6,12,4.6286,16,1.597,1257,13.69,12
6,12,4.6286,16,1.597,1260,13.26,12
6,12,4.6286,16,1.6149,1241,13.22,12
6,12,4.6286,16,1.6328,1265,13.31,12
6,12,4.6286,16,1.6507,1222,12.98,12
6,12,4.6286,16,1.6686,1261,13.3,12
6,12,4.6286,16,1.6865,1235,12.93,12
6,12,4.6286,16,1.7044,1237,12.89,12
6,12,4.6286,16,1.7223,1244,12.88,12
6,12,4.6286,16,1.7401,1255,13.09,12
6,12,4.6286,16,1.758,1253,12.9,12
6,12,4.6286,16,1.7759,1274,13.09,12
6,12,4.6286,16,1.7938,1263,12.97,12
6,12,4.6286,16,1.8117,1277,13.04,12
6,12,4.6286,16,1.8296,1292,13.18,12
6,12,4.6286,16,1.8475,1273,13.01,12
6,12,4.6286,16,1.8654,1247,12.76,12
6,12,4.6286,16,1.8833,1298,13.1,12
6,12,4.6286,16,1.9012,1267,12.85,12
6,12,4.6286,16,1.9191,1266,12.92,12
6,12,4.6286,16,1.937,1285,13.39,12
6,12,4.6286,16,1.937,1297,12.97,12
6,12,4.6286,16,1.9549,1288,12.25,12
6,12,4.6286,16,1.9549,1319,14.1,12
6,12,4.6286,16,1.9728,1276,11.75,12
6,12,4.6286,16,1.9907,1289,11.78,12
6,12,4.6286,16,2.0086,1263,11.61,12
6,12,4.6286,16,2.0265,1295,11.77,12
6,12,4.6286,16,2.0444,1238,11.29,12
6,12,4.6286,16,2.0623,1258,11.45,12
6,12,4.6286,16,2.0802,1271,11.57,12
6,12,4.6286,16,2.0981,1245,11.28,12
6,12,4.6286,16,2.116,1258,11.44,12
6,12,4.6286,16,2.1339,1289,11.58,12
6,12,4.6286,16,2.1518,1262,11.32,12
6,12,4.6286,16,2.1696,1269,11.42,12
6,12,4.6286,16,2.1875,1218,11.06,12
6,12,4.6286,16,2.2054,1251,11.24,12
6,12,4.6286,16,2.2233,1253,11.26,12
6,12,4.6286,16,2.2412,1241,11.23,12
6,12,4.6286,16,2.2591,1271,11.71,12
6,12,4.6286,16,2.277,1244,12.14,12
6,12,4.6286,20,0.712,4.162,1.024,12
6,12,4.6286,20,0.7285,4.878,1.028,12
6,12,4.6286,20,0.7449,5.579,1.032,12
6,12,4.6286,20,0.7613,7.126,1.045,12
6,12,4.6286,20,0.7777,8.581,1.058,12
6,12,4.6286,20,0.7942,10.3,1.074,12
6,12,4.6286,20,0.8106,12.46,1.095,12
6,12,4.6286,20,0.827,15.65,1.128,12
6,12,4.6286,20,0.8435,18.88,1.162,12
6,12,4.6286,20,0.8599,21.23,1.183,12
6,12,4.6286,20,0.8763,26.52,1.24,12
6,12,4.6286,20,0.8927,30.22,1.269,12
6,12,4.6286,20,0.9092,36.44,1.325,12
6,12,4.6286,20,0.9256,40.69,1.345,12
6,12,4.6286,20,0.942,45.19,1.363,12
6,12,4.6286,20,0.9585,52.73,1.409,12
6,12,4.6286,20,0.9749,58.28,1.425,12
6,12,4.6286,20,0.9913,63.78,1.435,12
6,12,4.6286,20,1.0077,69.4,1.446,12
6,12,4.6286,20,1.0242,73.75,1.449,12
6,12,4.6286,20,1.0406,81.72,1.476,12
6,12,4.6286,20,1.057,82.71,1.448,12
6,12,4.6286,20,1.0735,90.01,1.481,12
6,12,4.6286,20,1.0899,92.18,1.474,12
6,12,4.6286,20,1.1063,99.96,1.514,12
6,12,4.6286,20,1.1227,102.4,1.515,12
6,12,4.6286,20,1.1392,105.7,1.535,12
6,12,4.6286,20,1.1556,110.7,2.373,12
6,12,4.6286,20,1.1556,112.7,1.584,12
6,12,4.6286,20,1.172,113.2,1.593,12
6,12,4.6286,20,1.172,114.3,2.299,12
6,12,4.6286,20,1.1885,120.6,2.296,12
6,12,4.6286,20,1.2049,124.3,2.259,12
6,12,4.6286,20,1.2213,126.2,2.248,12
6,12,4.6286,20,1.2377,132.7,2.306,12
6,12,4.6286,20,1.2542,135.6,2.324,12
6,12,4.6286,20,1.2706,135.1,2.315,12
6,12,4.6286,20,1.287,143.3,2.383,12
6,12,4.6286,20,1.3035,143.8,2.379,12
6,12,4.6286,20,1.3199,156,2.5,12
6,12,4.6286,20,1.3363,156.1,2.489,12
6,12,4.6286,20,1.3527,160.1,2.525,12
6,12,4.6286,20,1.3692,164.8,2.554,12
6,12,4.6286,20,1.3856,175.5,2.647,12
6,12,4.6286,20,1.402,184.3,2.734,12
6,12,4.6286,20,1.4185,185.6,2.729,12
6,12,4.6286,20,1.4349,191.3,2.786,12
6,12,4.6286,20,1.4513,201.4,2.851,12
6,12,4.6286,20,1.4677,206.4,2.9,12
6,12,4.6286,20,1.4842,206.3,2.869,12
6,12,4.6286,20,1.5006,214.6,2.958,12
6,12,4.6286,20,1.517,227.5,3.039,12
6,12,4.6286,20,1.5335,232.2,3.073,12
6,12,4.6286,20,1.5499,239,3.152,12
6,12,4.6286,20,1.5663,245.6,3.246,12
6,12,4.6286,20,1.5827,249.5,6.013,12
6,12,4.6286,20,1.5827,255.3,3.381,12
6,12,4.6286,20,1.5992,258.8,5.836,12
6,12,4.6286,20,1.6156,274.1,5.802,12
6,12,4.6286,20,1.632,264,5.609,12
6,12,4.6286,20,1.6484,279.7,5.774,12
6,12,4.6286,20,1.6649,286.8,5.827,12
6,12,4.6286,20,1.6813,294.1,5.908,12
6,12,4.6286,20,1.6977,292.9,5.821,12
6,12,4.6286,20,1.7142,298.8,5.933,12
6,12,4.6286,20,1.7306,315.3,6.08,12
6,12,4.6286,20,1.747,312.7,6.057,12
6,12,4.6286,20,1.7634,328.4,6.161,12
6,12,4.6286,20,1.7799,326.9,6.17,12
6,12,4.6286,20,1.7963,337.4,6.257,12
6,12,4.6286,20,1.8127,344.4,6.335,12
6,12,4.6286,20,1.8292,341.4,6.288,12
6,12,4.6286,20,1.8456,353.1,6.419,12
6,12,4.6286,20,1.862,352.8,6.319,12
6,12,4.6286,20,1.8784,362.9,6.441,12
6,12,4.6286,20,1.8949,364.9,6.491,12
6,12,4.6286,20,1.9113,373.4,6.601,12
6,12,4.6286,20,1.9277,379.5,6.814,12
6,12,4.6286,20,1.9442,383.8,4.206,12
6,12,4.6286,20,1.9442,393.7,7.179,12
6,12,4.6286,20,1.9606,390.5,4.052,12
6,12,4.6286,20,1.977,394.7,3.945,12
6,12,4.6286,20,1.9934,393.2,3.88,12
6,12,4.6286,20,2.0099,404.7,3.958,12
6,12,4.6286,20,2.0263,401.5,3.905,12
6,12,4.6286,20,2.0427,402.2,3.87,12
6,12,4.6286,20,2.0592,400.3,3.852,12
6,12,4.6286,20,2.0756,414.8,3.946,12
6,12,4.6286,20,2.092,412.3,3.906,12
6,12,4.6286,20,2.1084,415.6,3.906,12
6,12,4.6286,20,2.1249,430.4,4.006,12
6,12,4.6286,20,2.1413,423,3.934,12
6,12,4.6286,20,2.1577,428.4,3.964,12
6,12,4.6286,20,2.1742,430.3,3.959,12
6,12,4.6286,20,2.1906,434.9,3.964,12
6,12,4.6286,20,2.207,434,3.954,12
6,12,4.6286,20,2.2234,445.3,4.011,12
6,12,4.6286,20,2.2399,447.6,4.065,12
6,12,4.6286,20,2.2563,452,4.174,12
6,12,4.6286,20,2.2727,442.4,4.807,12
6,12,4.6286,20,2.2727,459.9,4.346,12
6,12,4.6286,20,2.2892,456.6,4.699,12
6,12,4.6286,20,2.3056,447,4.524,12
6,12,4.6286,20,2.322,446.8,4.502,12
6,12,4.6286,20,2.3384,462.2,4.585,12
6,12,4.6286,20,2.3549,455.1,4.493,12
6,12,4.6286,20,2.3713,448.7,4.463,12
6,12,4.6286,20,2.3877,460.1,4.537,12
6,12,4.6286,20,2.4042,456.5,4.481,12
6,12,4.6286,20,2.4206,458,4.507,12
6,12,4.6286,20,2.437,464.6,4.547,12
6,12,4.6286,20,2.4534,468.4,4.565,12
6,12,4.6286,20,2.4699,469.7,4.543,12
6,12,4.6286,20,2.4863,459.6,4.469,12
6,12,4.6286,20,2.5027,464.4,4.509,12
6,12,4.6286,20,2.5191,463.7,4.528,12
6,12,4.6286,20,2.5356,466.9,4.63,12
6,12,4.6286,20,2.552,468.1,4.842,12
6,12,4.6286,25,1.1677,1.485,1.002,12
6,12,4.6286,25,1.1823,1.786,1.003,12
6,12,4.6286,25,1.1969,2.011,1.003,12
6,12,4.6286,25,1.2115,2.36,1.003,12
6,12,4.6286,25,1.2261,2.827,1.004,12
6,12,4.6286,25,1.2406,3.239,1.005,12
6,12,4.6286,25,1.2552,3.822,1.006,12
6,12,4.6286,25,1.2698,4.405,1.007,12
6,12,4.6286,25,1.2844,4.808,1.008,12
6,12,4.6286,25,1.2989,5.48,1.009,12
6,12,4.6286,25,1.3135,6.189,1.01,12
6,12,4.6286,25,1.3281,7.094,1.012,12
6,12,4.6286,25,1.3427,7.813,1.013,12
6,12,4.6286,25,1.3573,8.774,1.015,12
6,12,4.6286,25,1.3718,9.212,1.015,12
6,12,4.6286,25,1.3864,10.14,1.017,12
6,12,4.6286,25,1.401,11.02,1.018,12
6,12,4.6286,25,1.4156,12.11,1.02,12
6,12,4.6286,25,1.4302,12.52,1.02,12
6,12,4.6286,25,1.4447,13.72,1.022,12
6,12,4.6286,25,1.4593,14.29,1.023,12
6,12,4.6286,25,1.4739,15.43,1.025,12
6,12,4.6286,25,1.4885,15.66,1.024,12
6,12,4.6286,25,1.503,17.03,1.027,12
6,12,4.6286,25,1.5176,18.1,1.029,12
6,12,4.6286,25,1.5322,19.12,1.032,12
6,12,4.6286,25,1.5468,20.12,1.034,12
6,12,4.6286,25,1.5614,20.9,1.037,12
6,12,4.6286,25,1.5759,21.6,1.079,12
6,12,4.6286,25,1.5759,22.78,1.043,12
6,12,4.6286,25,1.5905,23.32,1.08,12
6,12,4.6286,25,1.6051,23.14,1.075,12
6,12,4.6286,25,1.6197,25.52,1.081,12
6,12,4.6286,25,1.6342,26.04,1.08,12
6,12,4.6286,25,1.6488,27.22,1.084,12
6,12,4.6286,25,1.6634,28.78,1.089,12
6,12,4.6286,25,1.678,30.14,1.094,12
6,12,4.6286,25,1.6926,29.94,1.092,12
6,12,4.6286,25,1.7071,31.94,1.099,12
6,12,4.6286,25,1.7217,34.1,1.108,12
6,12,4.6286,25,1.7363,35.32,1.112,12
6,12,4.6286,25,1.7509,37.85,1.123,12
6,12,4.6286,25,1.7654,38.83,1.125,12
6,12,4.6286,25,1.78,39.94,1.129,12
6,12,4.6286,25,1.7946,42.74,1.141,12
6,12,4.6286,25,1.8092,44.8,1.149,12
6,12,4.6286,25,1.8238,46.39,1.154,12
6,12,4.6286,25,1.8383,47.72,1.158,12
6,12,4.6286,25,1.8529,49.7,1.166,12
6,12,4.6286,25,1.8675,50.44,1.166,12
6,12,4.6286,25,1.8821,54.12,1.181,12
6,12,4.6286,25,1.8966,56.56,1.193,12
6,12,4.6286,25,1.9112,58.16,1.201,12
6,12,4.6286,25,1.9258,60.02,1.211,12
6,12,4.6286,25,1.9404,61.97,1.363,12
6,12,4.6286,25,1.9404,64.03,1.237,12
6,12,4.6286,25,1.955,63.31,1.341,12
6,12,4.6286,25,1.9695,66.24,1.338,12
6,12,4.6286,25,1.9841,67.19,1.326,12
6,12,4.6286,25,1.9987,69.39,1.328,12
6,12,4.6286,25,2.0133,73.16,1.344,12
6,12,4.6286,25,2.0278,75.99,1.357,12
6,12,4.6286,25,2.0424,75.98,1.352,12
6,12,4.6286,25,2.057,76.89,1.35,12
6,12,4.6286,25,2.0716,82.97,1.386,12
6,12,4.6286,25,2.0862,83.72,1.385,12
6,12,4.6286,25,2.1007,83.51,1.379,12
6,12,4.6286,25,2.1153,85.99,1.388,12
6,12,4.6286,25,2.1299,90.55,1.413,12
6,12,4.6286,25,2.1445,93.39,1.423,12
6,12,4.6286,25,2.159,97.48,1.442,12
6,12,4.6286,25,2.1736,98.37,1.44,12
6,12,4.6286,25,2.1882,100.2,1.446,12
6,12,4.6286,25,2.2028,100.3,1.44,12
6,12,4.6286,25,2.2174,104.9,1.461,12
6,12,4.6286,25,2.2319,108.5,1.486,12
6,12,4.6286,25,2.2465,111,1.509,12
6,12,4.6286,25,2.2611,111.4,1.529,12
6,12,4.6286,25,2.2757,111.8,1.683,12
6,12,4.6286,25,2.2902,115.1,1.658,12
6,12,4.6286,25,2.3048,117,1.637,12
6,12,4.6286,25,2.3194,117,1.62,12
6,12,4.6286,25,2.334,120.4,1.637,12
6,12,4.6286,25,2.3486,122.7,1.647,12
6,12,4.6286,25,2.3631,122.7,1.629,12
6,12,4.6286,25,2.3777,122.2,1.632,12
6,12,4.6286,25,2.3923,129.6,1.665,12
6,12,4.6286,25,2.4069,128.8,1.655,12
6,12,4.6286,25,2.4215,129.7,1.66,12
6,12,4.6286,25,2.436,133.7,1.686,12
6,12,4.6286,25,2.4506,136.6,1.688,12
6,12,4.6286,25,2.4652,137.1,1.685,12
6,12,4.6286,25,2.4798,143,1.715,12
6,12,4.6286,25,2.4943,145.5,1.717,12
6,12,4.6286,25,2.5089,147.6,1.731,12
6,12,4.6286,25,2.5235,150.7,1.762,12
6,12,4.6286,25,2.5381,148.3,1.771,12
6,12,4.6286,25,2.5527,146.5,2.605,12
6,12,4.6286,25,2.5527,154.1,1.845,12
6,12,4.6286,25,2.5672,152.8,2.539,12
6,12,4.6286,25,2.5818,156.5,2.489,12
6,12,4.6286,25,2.5964,152.6,2.412,12
6,12,4.6286,25,2.611,159,2.462,12
6,12,4.6286,25,2.6255,156.5,2.431,12
6,12,4.6286,25,2.6401,152.4,2.4,12
6,12,4.6286,25,2.6547,154.3,2.409,12
6,12,4.6286,25,2.6693,158.4,2.429,12
6,12,4.6286,25,2.6839,161.7,2.448,12
6,12,4.6286,25,2.6984,168.9,2.515,12
6,12,4.6286,25,2.713,167.1,2.494,12
6,12,4.6286,25,2.7276,165,2.465,12
6,12,4.6286,25,2.7422,168,2.475,12
6,12,4.6286,25,2.7567,174.1,2.533,12
6,12,4.6286,25,2.7713,175.9,2.569,12
6,12,4.6286,25,2.7859,177.4,2.641,12
6,12,4.6286,25,2.8005,176.9,2.754,12
6,12,1.2044,22,0.3245,21380,564.4,12
6,12,1.2044,22.01,0.4659,18290,558.9,12
6,12,1.2044,22.01,0.5877,11140,280.6,12
6,12,1.2044,10.79,0.0083,3628000,85930,12
6,12,1.2044,10.79,0.0083,3628000,85930,12
6,12,1.2044,10.79,0.0135,4949000,118300,12
6,12,1.2044,10.79,0.0135,4949000,118300,12
6,12,1.2044,10.79,0.0187,2141000,52170,12
6,12,1.2044,10.79,0.0187,2141000,52170,12
6,12,1.2044,10.79,0.0239,1561000,38590,12
6,12,1.2044,10.79,0.0239,1561000,38590,12
6,12,1.2044,10.79,0.0292,1609000,39830,12
6,12,1.2044,10.79,0.0292,1609000,39830,12
6,12,1.2044,10.79,0.0344,1709000,42200,12
6,12,1.2044,10.79,0.0344,1709000,42200,12
6,12,1.2044,10.79,0.0396,1665000,41200,12
6,12,1.2044,10.79,0.0396,1665000,41200,12
6,12,1.2044,10.79,0.0448,1573000,39060,12
6,12,1.2044,10.79,0.0448,1573000,39060,12
6,12,1.2044,10.79,0.05,1480000,36830,12
6,12,1.2044,10.79,0.05,1480000,36830,12
6,12,1.2044,10.79,0.0552,1394000,34900,12
6,12,1.2044,10.79,0.0552,1394000,34900,12
6,12,1.2044,10.79,0.0604,1268000,31930,12
6,12,1.2044,10.79,0.0604,1268000,31930,12
6,12,1.2044,10.79,0.0656,1173000,29780,12
6,12,1.2044,10.79,0.0656,1173000,29780,12
6,12,1.2044,10.79,0.0708,1023000,26170,12
6,12,1.2044,10.79,0.0708,1023000,26170,12
6,12,1.2044,10.79,0.076,915100,23690,12
6,12,1.2044,10.79,0.076,915100,23690,12
6,12,1.2044,10.79,0.0813,815900,21390,12
6,12,1.2044,10.79,0.0813,815900,21390,12
6,12,1.2044,10.79,0.0865,698000,18570,12
6,12,1.2044,10.79,0.0865,698000,18570,12
6,12,1.2044,10.79,0.0917,606900,16360,12
6,12,1.2044,10.79,0.0917,606900,16360,12
6,12,1.2044,10.79,0.0969,542700,14860,12
6,12,1.2044,10.79,0.0969,542700,14860,12
6,12,1.2044,10.79,0.1021,467200,13010,12
6,12,1.2044,10.79,0.1021,467200,13010,12
6,12,1.2044,10.79,0.1073,394100,11190,12
6,12,1.2044,10.79,0.1073,394100,11190,12
6,12,1.2044,10.79,0.1125,366500,10570,12
6,12,1.2044,10.79,0.1125,366500,10570,12
6,12,1.2044,10.79,0.1177,318200,9339,12
6,12,1.2044,10.79,0.1177,318200,9339,12
6,12,1.2044,10.79,0.1229,276800,8306,12
6,12,1.2044,10.79,0.1229,276800,8306,12
6,12,1.2044,10.79,0.1282,247200,7550,12
6,12,1.2044,10.79,0.1282,247200,7550,12
6,12,1.2044,10.79,0.1334,233700,7245,12
6,12,1.2044,10.79,0.1334,233700,7245,12
6,12,1.2044,10.79,0.1386,212700,6704,12
6,12,1.2044,10.79,0.1386,212700,6704,12
6,12,1.2044,10.79,0.1438,189900,6117,12
6,12,1.2044,10.79,0.1438,189900,6117,12
6,12,1.2044,10.79,0.149,166300,5686,12
6,12,1.2044,10.79,0.149,166300,5686,12
6,12,1.2044,10.79,0.3262,209600,5592,12
6,12,1.2044,10.79,0.3262,209600,5592,12
6,12,1.2044,10.79,0.3314,206900,5522,12
6,12,1.2044,10.79,0.3314,206900,5522,12
6,12,1.2044,10.79,0.3366,201100,5374,12
6,12,1.2044,10.79,0.3366,201100,5374,12
6,12,1.2044,10.79,0.3418,194900,5205,12
6,12,1.2044,10.79,0.3418,194900,5205,12
6,12,1.2044,10.79,0.347,189800,5087,12
6,12,1.2044,10.79,0.347,189800,5087,12
6,12,1.2044,10.79,0.3522,185400,4974,12
6,12,1.2044,10.79,0.3522,185400,4974,12
6,12,1.2044,10.79,0.3574,180400,4848,12
6,12,1.2044,10.79,0.3574,180400,4848,12
6,12,1.2044,10.79,0.3626,180500,4855,12
6,12,1.2044,10.79,0.3626,180500,4855,12
6,12,1.2044,10.79,0.3678,169000,4561,12
6,12,1.2044,10.79,0.3678,169000,4561,12
6,12,1.2044,10.79,0.3731,164400,4456,12
6,12,1.2044,10.79,0.3731,164400,4456,12
6,12,1.2044,10.79,0.3783,158800,4312,12
6,12,1.2044,10.79,0.3783,158800,4312,12
6,12,1.2044,10.79,0.3835,155000,4213,12
6,12,1.2044,10.79,0.3835,155000,4213,12
6,12,1.2044,10.79,0.3887,147500,4033,12
6,12,1.2044,10.79,0.3887,147500,4033,12
6,12,1.2044,10.79,0.3939,141800,3882,12
6,12,1.2044,10.79,0.3939,141800,3882,12
6,12,1.2044,10.79,0.3991,135600,3726,12
6,12,1.2044,10.79,0.3991,135600,3726,12
6,12,1.2044,10.79,0.4043,130700,3604,12
6,12,1.2044,10.79,0.4043,130700,3604,12
6,12,1.2044,10.79,0.4095,129400,3562,12
6,12,1.2044,10.79,0.4095,129400,3562,12
6,12,1.2044,10.79,0.4147,128500,3557,12
6,12,1.2044,10.79,0.4147,128500,3557,12
6,12,1.2044,10.79,0.4199,117200,3258,12
6,12,1.2044,10.79,0.4199,117200,3258,12
6,12,1.2044,10.79,0.4252,114400,3189,12
6,12,1.2044,10.79,0.4252,114400,3189,12
6,12,1.2044,10.79,0.4304,113700,3173,12
6,12,1.2044,10.79,0.4304,113700,3173,12
6,12,1.2044,10.79,0.4356,107300,3010,12
6,12,1.2044,10.79,0.4356,107300,3010,12
6,12,1.2044,10.79,0.4408,105800,2974,12
6,12,1.2044,10.79,0.4408,105800,2974,12
6,12,1.2044,10.79,0.446,101500,2862,12
6,12,1.2044,10.79,0.446,101500,2862,12
6,12,1.2044,10.79,0.4512,99380,2811,12
6,12,1.2044,10.79,0.4512,99380,2811,12
6,12,1.2044,10.79,0.4564,99570,2815,12
6,12,1.2044,10.79,0.4564,99570,2815,12
6,12,1.2044,10.82,0.4669,95270,2384,12
6,12,1.2044,10.82,0.4669,95270,2384,12
6,12,1.2044,10.82,0.4721,90810,2274,12
6,12,1.2044,10.82,0.4721,90810,2274,12
6,12,1.2044,10.82,0.4774,89710,2249,12
6,12,1.2044,10.82,0.4774,89710,2249,12
6,12,1.2044,10.82,0.4826,85460,2143,12
6,12,1.2044,10.82,0.4826,85460,2143,12
6,12,1.2044,10.82,0.4878,82560,2071,12
6,12,1.2044,10.82,0.4878,82560,2071,12
6,12,1.2044,10.82,0.493,79920,2007,12
6,12,1.2044,10.82,0.493,79920,2007,12
6,12,1.2044,10.82,0.4982,78430,1972,12
6,12,1.2044,10.82,0.4982,78430,1972,12
6,12,1.2044,10.82,0.5034,73860,1858,12
6,12,1.2044,10.82,0.5034,73860,1858,12
6,12,1.2044,10.82,0.5086,72050,1816,12
6,12,1.2044,10.82,0.5086,72050,1816,12
6,12,1.2044,10.82,0.5138,69800,1762,12
6,12,1.2044,10.82,0.5138,69800,1762,12
6,12,1.2044,10.82,0.519,67640,1708,12
6,12,1.2044,10.82,0.519,67640,1708,12
6,12,1.2044,10.82,0.5242,64840,1640,12
6,12,1.2044,10.82,0.5242,64840,1640,12
6,12,1.2044,10.82,0.5295,63390,1605,12
6,12,1.2044,10.82,0.5295,63390,1605,12
6,12,1.2044,10.82,0.5347,62070,1571,12
6,12,1.2044,10.82,0.5347,62070,1571,12
6,12,1.2044,10.82,0.5399,62880,1591,12
6,12,1.2044,10.82,0.5399,62880,1591,12
6,12,1.2044,10.82,0.5451,60820,1539,12
6,12,1.2044,10.82,0.5451,60820,1539,12
6,12,1.2044,10.82,0.5503,58870,1491,12
6,12,1.2044,10.82,0.5503,58870,1491,12
6,12,1.2044,10.82,0.5555,59040,1496,12
6,12,1.2044,10.82,0.5555,59040,1496,12
6,12,1.2044,10.82,0.5607,56750,1439,12
6,12,1.2044,10.82,0.5607,56750,1439,12
6,12,1.2044,10.82,0.5659,57670,1463,12
6,12,1.2044,10.82,0.5659,57670,1463,12
6,12,1.2044,10.82,0.5711,56100,1423,12
6,12,1.2044,10.82,0.5711,56100,1423,12
6,12,1.2044,10.82,0.5763,56060,1423,12
6,12,1.2044,10.82,0.5763,56060,1423,12
6,12,1.2044,10.82,0.691,44060,1088,12
6,12,1.2044,10.82,0.691,44060,1088,12
6,12,1.2044,10.82,0.6962,43150,1066,12
6,12,1.2044,10.82,0.6962,43150,1066,12
6,12,1.2044,10.82,0.7014,43110,1063,12
6,12,1.2044,10.82,0.7014,43110,1063,12
6,12,1.2044,10.82,0.7066,41710,1029,12
6,12,1.2044,10.82,0.7066,41710,1029,12
6,12,1.2044,10.82,0.7118,41030,1012,12
6,12,1.2044,10.82,0.7118,41030,1012,12
6,12,1.2044,10.82,0.717,39490,973.8,12
6,12,1.2044,10.82,0.717,39490,973.8,12
6,12,1.2044,10.82,0.7222,39130,964.3,12
6,12,1.2044,10.82,0.7222,39130,964.3,12
6,12,1.2044,10.82,0.7274,38500,948.9,12
6,12,1.2044,10.82,0.7274,38500,948.9,12
6,12,1.2044,10.82,0.7326,38380,945.1,12
6,12,1.2044,10.82,0.7326,38380,945.1,12
6,12,1.2044,10.82,0.7379,38620,950.7,12
6,12,1.2044,10.82,0.7379,38620,950.7,12
6,12,1.2044,10.82,0.7431,37720,928.1,12
6,12,1.2044,10.82,0.7431,37720,928.1,12
6,12,1.2044,10.82,0.7483,37780,929.7,12
6,12,1.2044,10.82,0.7483,37780,929.7,12
6,12,1.2044,10.82,0.7535,36420,896,12
6,12,1.2044,10.82,0.7535,36420,896,12
6,12,1.2044,10.82,0.7587,36950,908.8,12
6,12,1.2044,10.82,0.7587,36950,908.8,12
6,12,1.2044,13.01,0.0099,1456000,36950,12
6,12,1.2044,13.01,0.0099,1456000,36950,12
6,12,1.2044,13.01,0.015,1758000,43730,12
6,12,1.2044,13.01,0.015,1758000,43730,12
6,12,1.2044,13.01,0.0202,1007000,25030,12
6,12,1.2044,13.01,0.0202,1007000,25030,12
6,12,1.2044,13.01,0.0253,685400,17130,12
6,12,1.2044,13.01,0.0253,685400,17130,12
6,12,1.2044,13.01,0.0305,640600,15970,12
6,12,1.2044,13.01,0.0305,640600,15970,12
6,12,1.2044,13.01,0.0357,662400,16390,12
6,12,1.2044,13.01,0.0357,662400,16390,12
6,12,1.2044,13.01,0.0408,678100,16720,12
6,12,1.2044,13.01,0.0408,678100,16720,12
6,12,1.2044,13.01,0.046,652500,16070,12
6,12,1.2044,13.01,0.046,652500,16070,12
6,12,1.2044,13.01,0.0511,651200,16010,12
6,12,1.2044,13.01,0.0511,651200,16010,12
6,12,1.2044,13.01,0.0563,638000,15680,12
6,12,1.2044,13.01,0.0563,638000,15680,12
6,12,1.2044,13.01,0.0615,618900,15230,12
6,12,1.2044,13.01,0.0615,618900,15230,12
6,12,1.2044,13.01,0.0666,606900,14950,12
6,12,1.2044,13.01,0.0666,606900,14950,12
6,12,1.2044,13.01,0.0718,587800,14510,12
6,12,1.2044,13.01,0.0718,587800,14510,12
6,12,1.2044,13.01,0.0769,544300,13490,12
6,12,1.2044,13.01,0.0769,544300,13490,12
6,12,1.2044,13.01,0.0821,515400,12850,12
6,12,1.2044,13.01,0.0821,515400,12850,12
6,12,1.2044,13.01,0.0873,469000,11760,12
6,12,1.2044,13.01,0.0873,469000,11760,12
6,12,1.2044,13.01,0.0924,415300,10500,12
6,12,1.2044,13.01,0.0924,415300,10500,12
6,12,1.2044,13.01,0.0976,374800,9560,12
6,12,1.2044,13.01,0.0976,374800,9560,12
6,12,1.2044,13.01,0.1027,326400,8419,12
6,12,1.2044,13.01,0.1027,326400,8419,12
6,12,1.2044,13.01,0.1079,290300,7567,12
6,12,1.2044,13.01,0.1079,290300,7567,12
6,12,1.2044,13.01,0.113,262100,6917,12
6,12,1.2044,13.01,0.113,262100,6917,12
6,12,1.2044,13.01,0.1182,235500,6285,12
6,12,1.2044,13.01,0.1182,235500,6285,12
6,12,1.2044,13.01,0.1234,214900,5804,12
6,12,1.2044,13.01,0.1234,214900,5804,12
6,12,1.2044,13.01,0.1285,184800,5076,12
6,12,1.2044,13.01,0.1285,184800,5076,12
6,12,1.2044,13.01,0.1337,175800,4883,12
6,12,1.2044,13.01,0.1337,175800,4883,12
6,12,1.2044,13.01,0.1388,153500,4336,12
6,12,1.2044,13.01,0.1388,153500,4336,12
6,12,1.2044,13.01,0.144,140400,4039,12
6,12,1.2044,13.01,0.144,140400,4039,12
6,12,1.2044,13.01,0.1595,119500,3126,12
6,12,1.2044,13.01,0.1595,119500,3126,12
6,12,1.2044,13.01,0.1646,107200,2824,12
6,12,1.2044,13.01,0.1646,107200,2824,12
6,12,1.2044,13.01,0.1698,101500,2698,12
6,12,1.2044,13.01,0.1698,101500,2698,12
6,12,1.2044,13.01,0.175,94330,2522,12
6,12,1.2044,13.01,0.175,94330,2522,12
6,12,1.2044,13.01,0.1801,89610,2406,12
6,12,1.2044,13.01,0.1801,89610,2406,12
6,12,1.2044,13.01,0.1853,84300,2288,12
6,12,1.2044,13.01,0.1853,84300,2288,12
6,12,1.2044,13.01,0.1904,80250,2187,12
6,12,1.2044,13.01,0.1904,80250,2187,12
6,12,1.2044,13.01,0.1956,83410,2277,12
6,12,1.2044,13.01,0.1956,83410,2277,12
6,12,1.2044,13.01,0.2007,82290,2257,12
6,12,1.2044,13.01,0.2007,82290,2257,12
6,12,1.2044,13.01,0.2059,81410,2238,12
6,12,1.2044,13.01,0.2059,81410,2238,12
6,12,1.2044,13.01,0.2111,82580,2272,12
6,12,1.2044,13.01,0.2111,82580,2272,12
6,12,1.2044,13.01,0.2162,83910,2311,12
6,12,1.2044,13.01,0.2162,83910,2311,12
6,12,1.2044,13.01,0.2214,86730,2384,12
6,12,1.2044,13.01,0.2214,86730,2384,12
6,12,1.2044,13.01,0.2265,87820,2413,12
6,12,1.2044,13.01,0.2265,87820,2413,12
6,12,1.2044,13.01,0.2317,91480,2512,12
6,12,1.2044,13.01,0.2317,91480,2512,12
6,12,1.2044,13.01,0.2369,94360,2585,12
6,12,1.2044,13.01,0.2369,94360,2585,12
6,12,1.2044,13.01,0.242,97320,2656,12
6,12,1.2044,13.01,0.242,97320,2656,12
6,12,1.2044,13.01,0.2472,100200,2736,12
6,12,1.2044,13.01,0.2472,100200,2736,12
6,12,1.2044,13.01,0.2523,104200,2831,12
6,12,1.2044,13.01,0.2523,104200,2831,12
6,12,1.2044,13.01,0.2575,106100,2872,12
6,12,1.2044,13.01,0.2575,106100,2872,12
6,12,1.2044,13.01,0.2626,113500,3070,12
6,12,1.2044,13.01,0.2626,113500,3070,12
6,12,1.2044,13.01,0.2678,112000,3021,12
6,12,1.2044,13.01,0.2678,112000,3021,12
6,12,1.2044,13.01,0.273,114000,3066,12
6,12,1.2044,13.01,0.273,114000,3066,12
6,12,1.2044,13.01,0.2781,119000,3192,12
6,12,1.2044,13.01,0.2781,119000,3192,12
6,12,1.2044,13.01,0.2833,120700,3231,12
6,12,1.2044,13.01,0.2833,120700,3231,12
6,12,1.2044,13.01,0.2884,120800,3228,12
6,12,1.2044,13.01,0.2884,120800,3228,12
6,12,1.2044,13.01,0.2936,123300,3286,12
6,12,1.2044,13.01,0.2936,123300,3286,12
6,12,1.2044,13.01,0.2988,123000,3273,12
6,12,1.2044,13.01,0.2988,123000,3273,12
6,12,1.2044,13.01,0.3039,126900,3375,12
6,12,1.2044,13.01,0.3039,126900,3375,12
6,12,1.2044,13.01,0.3091,130100,3461,12
6,12,1.2044,13.01,0.3091,130100,3461,12
6,12,1.2044,13.01,0.3142,126800,3384,12
6,12,1.2044,13.01,0.3142,126800,3384,12
6,12,1.2044,13.01,0.3297,141100,3729,12
6,12,1.2044,13.01,0.3297,141100,3729,12
6,12,1.2044,13.01,0.3349,140200,3700,12
6,12,1.2044,13.01,0.3349,140200,3700,12
6,12,1.2044,13.01,0.34,137500,3627,12
6,12,1.2044,13.01,0.34,137500,3627,12
6,12,1.2044,13.01,0.3452,132300,3490,12
6,12,1.2044,13.01,0.3452,132300,3490,12
6,12,1.2044,13.01,0.3504,130600,3459,12
6,12,1.2044,13.01,0.3504,130600,3459,12
6,12,1.2044,13.01,0.3555,125900,3338,12
6,12,1.2044,13.01,0.3555,125900,3338,12
6,12,1.2044,13.01,0.3607,127400,3379,12
6,12,1.2044,13.01,0.3607,127400,3379,12
6,12,1.2044,13.01,0.3658,121600,3233,12
6,12,1.2044,13.01,0.3658,121600,3233,12
6,12,1.2044,13.01,0.371,118200,3151,12
6,12,1.2044,13.01,0.371,118200,3151,12
6,12,1.2044,13.01,0.3761,116700,3115,12
6,12,1.2044,13.01,0.3761,116700,3115,12
6,12,1.2044,13.01,0.3813,111800,2991,12
6,12,1.2044,13.01,0.3813,111800,2991,12
6,12,1.2044,13.01,0.3865,109800,2948,12
6,12,1.2044,13.01,0.3865,109800,2948,12
6,12,1.2044,13.01,0.3916,104100,2802,12
6,12,1.2044,13.01,0.3916,104100,2802,12
6,12,1.2044,13.01,0.3968,99450,2689,12
6,12,1.2044,13.01,0.3968,99450,2689,12
6,12,1.2044,13.01,0.4019,99060,2684,12
6,12,1.2044,13.01,0.4019,99060,2684,12
6,12,1.2044,13.01,0.4071,95280,2585,12
6,12,1.2044,13.01,0.4071,95280,2585,12
6,12,1.2044,13.01,0.4123,93890,2557,12
6,12,1.2044,13.01,0.4123,93890,2557,12
6,12,1.2044,13.01,0.4174,91580,2501,12
6,12,1.2044,13.01,0.4174,91580,2501,12
6,12,1.2044,13.01,0.4226,87090,2385,12
6,12,1.2044,13.01,0.4226,87090,2385,12
6,12,1.2044,13.01,0.4277,86260,2369,12
6,12,1.2044,13.01,0.4277,86260,2369,12
6,12,1.2044,13.01,0.4329,83240,2295,12
6,12,1.2044,13.01,0.4329,83240,2295,12
6,12,1.2044,13.01,0.4381,82310,2274,12
6,12,1.2044,13.01,0.4381,82310,2274,12
6,12,1.2044,13.01,0.4432,79220,2197,12
6,12,1.2044,13.01,0.4432,79220,2197,12
6,12,1.2044,13.01,0.4484,77810,2166,12
6,12,1.2044,13.01,0.4484,77810,2166,12
6,12,1.2044,13.01,0.4535,76520,2135,12
6,12,1.2044,13.01,0.4535,76520,2135,12
6,12,1.2044,13.01,0.4587,72440,2051,12
6,12,1.2044,13.01,0.4587,72440,2051,12
6,12,1.2044,13.01,0.5877,37350,942.4,12
6,12,1.2044,13.01,0.5877,37350,942.4,12
6,12,1.2044,13.01,0.5928,37720,950.6,12
6,12,1.2044,13.01,0.5928,37720,950.6,12
6,12,1.2044,13.01,0.598,36610,922.3,12
6,12,1.2044,13.01,0.598,36610,922.3,12
6,12,1.2044,13.01,0.6031,35820,901.9,12
6,12,1.2044,13.01,0.6031,35820,901.9,12
6,12,1.2044,13.01,0.6083,35160,886.4,12
6,12,1.2044,13.01,0.6083,35160,886.4,12
6,12,1.2044,13.01,0.6135,35060,883.8,12
6,12,1.2044,13.01,0.6135,35060,883.8,12
6,12,1.2044,13.01,0.6186,33950,855.6,12
6,12,1.2044,13.01,0.6186,33950,855.6,12
6,12,1.2044,13.01,0.6238,33290,839.2,12
6,12,1.2044,13.01,0.6238,33290,839.2,12
6,12,1.2044,13.01,0.6289,32570,821.8,12
6,12,1.2044,13.01,0.6289,32570,821.8,12
6,12,1.2044,13.01,0.6341,32080,809.4,12
6,12,1.2044,13.01,0.6341,32080,809.4,12
6,12,1.2044,13.01,0.6393,31300,789.9,12
6,12,1.2044,13.01,0.6393,31300,789.9,12
6,12,1.2044,13.01,0.6444,32010,806.2,12
6,12,1.2044,13.01,0.6444,32010,806.2,12
6,12,1.2044,13.01,0.6496,31630,797.1,12
6,12,1.2044,13.01,0.6496,31630,797.1,12
6,12,1.2044,13.01,0.6547,31140,784.6,12
6,12,1.2044,13.01,0.6547,31140,784.6,12
6,12,1.2044,13.01,0.6599,30080,758.7,12
6,12,1.2044,13.01,0.6599,30080,758.7,12
6,12,1.2044,13.01,0.665,30230,762.3,12
6,12,1.2044,13.01,0.665,30230,762.3,12
6,12,1.2044,13.01,0.6702,30670,772.6,12
6,12,1.2044,13.01,0.6702,30670,772.6,12
6,12,1.2044,13.01,0.6754,30350,764.2,12
6,12,1.2044,13.01,0.6754,30350,764.2,12
6,12,1.2044,13.01,0.7734,28320,689.9,12
6,12,1.2044,13.01,0.7734,28320,689.9,12
6,12,1.2044,13.01,0.7785,27770,675.8,12
6,12,1.2044,13.01,0.7785,27770,675.8,12
6,12,1.2044,13.01,0.7837,26610,647.1,12
6,12,1.2044,13.01,0.7837,26610,647.1,12
6,12,1.2044,13.01,0.7889,26430,642.5,12
6,12,1.2044,13.01,0.7889,26430,642.5,12
6,12,1.2044,13.01,0.794,25940,630.4,12
6,12,1.2044,13.01,0.794,25940,630.4,12
6,12,1.2044,13.01,0.7992,25310,615.1,12
6,12,1.2044,13.01,0.7992,25310,615.1,12
6,12,1.2044,13.01,0.8043,25130,609.9,12
6,12,1.2044,13.01,0.8043,25130,609.9,12
6,12,1.2044,13.01,0.8095,24520,595.3,12
6,12,1.2044,13.01,0.8095,24520,595.3,12
6,12,1.2044,13.01,0.8147,24780,601.4,12
6,12,1.2044,13.01,0.8147,24780,601.4,12
6,12,1.2044,13.01,0.8198,23790,577.2,12
6,12,1.2044,13.01,0.8198,23790,577.2,12
6,12,1.2044,13.01,0.825,23430,568.5,12
6,12,1.2044,13.01,0.825,23430,568.5,12
6,12,1.2044,13.01,0.8301,23680,574.3,12
6,12,1.2044,13.01,0.8301,23680,574.3,12
6,12,1.2044,13.02,0.469,64540,1613,12
6,12,1.2044,13.02,0.469,64540,1613,12
6,12,1.2044,13.02,0.4742,64390,1610,12
6,12,1.2044,13.02,0.4742,64390,1610,12
6,12,1.2044,13.02,0.4794,60730,1521,12
6,12,1.2044,13.02,0.4794,60730,1521,12
6,12,1.2044,13.02,0.4845,59420,1490,12
6,12,1.2044,13.02,0.4845,59420,1490,12
6,12,1.2044,13.02,0.4897,57050,1432,12
6,12,1.2044,13.02,0.4897,57050,1432,12
6,12,1.2044,13.02,0.4948,54410,1368,12
6,12,1.2044,13.02,0.4948,54410,1368,12
6,12,1.2044,13.02,0.5,53000,1335,12
6,12,1.2044,13.02,0.5,53000,1335,12
6,12,1.2044,13.02,0.5052,51200,1291,12
6,12,1.2044,13.02,0.5052,51200,1291,12
6,12,1.2044,13.02,0.5103,50650,1278,12
6,12,1.2044,13.02,0.5103,50650,1278,12
6,12,1.2044,13.02,0.5155,48620,1229,12
6,12,1.2044,13.02,0.5155,48620,1229,12
6,12,1.2044,13.02,0.5206,47070,1192,12
6,12,1.2044,13.02,0.5206,47070,1192,12
6,12,1.2044,13.02,0.5258,45630,1156,12
6,12,1.2044,13.02,0.5258,45630,1156,12
6,12,1.2044,13.02,0.5309,44370,1126,12
6,12,1.2044,13.02,0.5309,44370,1126,12
6,12,1.2044,13.02,0.5361,43270,1098,12
6,12,1.2044,13.02,0.5361,43270,1098,12
6,12,1.2044,13.02,0.5413,43190,1098,12
6,12,1.2044,13.02,0.5413,43190,1098,12
6,12,1.2044,13.02,0.5464,42170,1072,12
6,12,1.2044,13.02,0.5464,42170,1072,12
6,12,1.2044,13.02,0.5516,41200,1047,12
6,12,1.2044,13.02,0.5516,41200,1047,12
6,12,1.2044,13.02,0.5567,40180,1024,12
6,12,1.2044,13.02,0.5567,40180,1024,12
6,12,1.2044,13.02,0.5619,39490,1006,12
6,12,1.2044,13.02,0.5619,39490,1006,12
6,12,1.2044,13.02,0.5671,39400,1005,12
6,12,1.2044,13.02,0.5671,39400,1005,12
6,12,1.2044,13.02,0.5722,39650,1010,12
6,12,1.2044,13.02,0.5722,39650,1010,12
6,12,1.2044,13.02,0.5774,38090,976.4,12
6,12,1.2044,13.02,0.5774,38090,976.4,12
6,12,1.2044,13.02,0.6909,32420,803.6,12
6,12,1.2044,13.02,0.6909,32420,803.6,12
6,12,1.2044,13.02,0.696,32390,802.2,12
6,12,1.2044,13.02,0.696,32390,802.2,12
6,12,1.2044,13.02,0.7012,31890,789.3,12
6,12,1.2044,13.02,0.7012,31890,789.3,12
6,12,1.2044,13.02,0.7063,31060,768.7,12
6,12,1.2044,13.02,0.7063,31060,768.7,12
6,12,1.2044,13.02,0.7115,30280,749.1,12
6,12,1.2044,13.02,0.7115,30280,749.1,12
6,12,1.2044,13.02,0.7167,29710,734.5,12
6,12,1.2044,13.02,0.7167,29710,734.5,12
6,12,1.2044,13.02,0.7218,28640,708.5,12
6,12,1.2044,13.02,0.7218,28640,708.5,12
6,12,1.2044,13.02,0.727,28420,702.7,12
6,12,1.2044,13.02,0.727,28420,702.7,12
6,12,1.2044,13.02,0.7321,28700,708.6,12
6,12,1.2044,13.02,0.7321,28700,708.6,12
6,12,1.2044,13.02,0.7373,28690,708.7,12
6,12,1.2044,13.02,0.7373,28690,708.7,12
6,12,1.2044,13.02,0.7425,28090,693.4,12
6,12,1.2044,13.02,0.7425,28090,693.4,12
6,12,1.2044,13.02,0.7476,27900,688.4,12
6,12,1.2044,13.02,0.7476,27900,688.4,12
6,12,1.2044,13.02,0.7528,27280,673.1,12
6,12,1.2044,13.02,0.7528,27280,673.1,12
6,12,1.2044,13.02,0.7579,27570,680,12
6,12,1.2044,13.02,0.7579,27570,680,12
6,12,1.2044,16.01,0.0087,226600,9323,12
6,12,1.2044,16.01,0.0087,226600,9323,12
6,12,1.2044,16.01,0.0138,301600,9425,12
6,12,1.2044,16.01,0.0138,301600,9425,12
6,12,1.2044,16.01,0.0189,358600,10120,12
6,12,1.2044,16.01,0.0189,358600,10120,12
6,12,1.2044,16.01,0.024,288800,7818,12
6,12,1.2044,16.01,0.024,288800,7818,12
6,12,1.2044,16.01,0.029,239800,6400,12
6,12,1.2044,16.01,0.029,239800,6400,12
6,12,1.2044,16.01,0.0341,211900,5563,12
6,12,1.2044,16.01,0.0341,211900,5563,12
6,12,1.2044,16.01,0.0392,217800,5646,12
6,12,1.2044,16.01,0.0392,217800,5646,12
6,12,1.2044,16.01,0.0443,228700,5860,12
6,12,1.2044,16.01,0.0443,228700,5860,12
6,12,1.2044,16.01,0.0493,223800,5688,12
6,12,1.2044,16.01,0.0493,223800,5688,12
6,12,1.2044,16.01,0.0544,221900,5614,12
6,12,1.2044,16.01,0.0544,221900,5614,12
6,12,1.2044,16.01,0.0595,223600,5635,12
6,12,1.2044,16.01,0.0595,223600,5635,12
6,12,1.2044,16.01,0.0646,223100,5612,12
6,12,1.2044,16.01,0.0646,223100,5612,12
6,12,1.2044,16.01,0.0696,238100,5949,12
6,12,1.2044,16.01,0.0696,238100,5949,12
6,12,1.2044,16.01,0.0747,247500,6162,12
6,12,1.2044,16.01,0.0747,247500,6162,12
6,12,1.2044,16.01,0.0798,260900,6480,12
6,12,1.2044,16.01,0.0798,260900,6480,12
6,12,1.2044,16.01,0.0849,268300,6660,12
6,12,1.2044,16.01,0.0849,268300,6660,12
6,12,1.2044,16.01,0.0899,261600,6499,12
6,12,1.2044,16.01,0.0899,261600,6499,12
6,12,1.2044,16.01,0.095,253800,6314,12
6,12,1.2044,16.01,0.095,253800,6314,12
6,12,1.2044,16.01,0.1001,238600,5968,12
6,12,1.2044,16.01,0.1001,238600,5968,12
6,12,1.2044,16.01,0.1052,230400,5779,12
6,12,1.2044,16.01,0.1052,230400,5779,12
6,12,1.2044,16.01,0.1102,215000,5419,12
6,12,1.2044,16.01,0.1102,215000,5419,12
6,12,1.2044,16.01,0.1153,200800,5095,12
6,12,1.2044,16.01,0.1153,200800,5095,12
6,12,1.2044,16.01,0.1204,189300,4832,12
6,12,1.2044,16.01,0.1204,189300,4832,12
6,12,1.2044,16.01,0.1255,167600,4312,12
6,12,1.2044,16.01,0.1255,167600,4312,12
6,12,1.2044,16.01,0.1306,156200,4061,12
6,12,1.2044,16.01,0.1306,156200,4061,12
6,12,1.2044,16.01,0.1356,143800,3772,12
6,12,1.2044,16.01,0.1356,143800,3772,12
6,12,1.2044,16.01,0.1407,126900,3368,12
6,12,1.2044,16.01,0.1407,126900,3368,12
6,12,1.2044,16.01,0.1458,114000,3115,12
6,12,1.2044,16.01,0.1458,114000,3115,12
6,12,1.2044,16.01,0.1559,97910,2546,12
6,12,1.2044,16.01,0.1559,97910,2546,12
6,12,1.2044,16.01,0.161,87650,2272,12
6,12,1.2044,16.01,0.161,87650,2272,12
6,12,1.2044,16.01,0.1661,79080,2066,12
6,12,1.2044,16.01,0.1661,79080,2066,12
6,12,1.2044,16.01,0.1712,73210,1926,12
6,12,1.2044,16.01,0.1712,73210,1926,12
6,12,1.2044,16.01,0.1762,67650,1795,12
6,12,1.2044,16.01,0.1762,67650,1795,12
6,12,1.2044,16.01,0.1813,62320,1664,12
6,12,1.2044,16.01,0.1813,62320,1664,12
6,12,1.2044,16.01,0.1864,56860,1535,12
6,12,1.2044,16.01,0.1864,56860,1535,12
6,12,1.2044,16.01,0.1915,54300,1474,12
6,12,1.2044,16.01,0.1915,54300,1474,12
6,12,1.2044,16.01,0.1965,52050,1427,12
6,12,1.2044,16.01,0.1965,52050,1427,12
6,12,1.2044,16.01,0.2016,50100,1382,12
6,12,1.2044,16.01,0.2016,50100,1382,12
6,12,1.2044,16.01,0.2067,49630,1374,12
6,12,1.2044,16.01,0.2067,49630,1374,12
6,12,1.2044,16.01,0.2118,48250,1343,12
6,12,1.2044,16.01,0.2118,48250,1343,12
6,12,1.2044,16.01,0.2168,47260,1322,12
6,12,1.2044,16.01,0.2168,47260,1322,12
6,12,1.2044,16.01,0.2219,48160,1348,12
6,12,1.2044,16.01,0.2219,48160,1348,12
6,12,1.2044,16.01,0.227,47050,1321,12
6,12,1.2044,16.01,0.227,47050,1321,12
6,12,1.2044,16.01,0.2321,48190,1355,12
6,12,1.2044,16.01,0.2321,48190,1355,12
6,12,1.2044,16.01,0.2371,47910,1350,12
6,12,1.2044,16.01,0.2371,47910,1350,12
6,12,1.2044,16.01,0.2422,48070,1352,12
6,12,1.2044,16.01,0.2422,48070,1352,12
6,12,1.2044,16.01,0.2473,50510,1420,12
6,12,1.2044,16.01,0.2473,50510,1420,12
6,12,1.2044,16.01,0.2524,52070,1459,12
6,12,1.2044,16.01,0.2524,52070,1459,12
6,12,1.2044,16.01,0.2575,51920,1450,12
6,12,1.2044,16.01,0.2575,51920,1450,12
6,12,1.2044,16.01,0.2625,55230,1543,12
6,12,1.2044,16.01,0.2625,55230,1543,12
6,12,1.2044,16.01,0.2676,58140,1616,12
6,12,1.2044,16.01,0.2676,58140,1616,12
6,12,1.2044,16.01,0.2727,58300,1617,12
6,12,1.2044,16.01,0.2727,58300,1617,12
6,12,1.2044,16.01,0.2778,60460,1672,12
6,12,1.2044,16.01,0.2778,60460,1672,12
6,12,1.2044,16.01,0.2828,60850,1675,12
6,12,1.2044,16.01,0.2828,60850,1675,12
6,12,1.2044,16.01,0.2879,63250,1736,12
6,12,1.2044,16.01,0.2879,63250,1736,12
6,12,1.2044,16.01,0.293,67050,1833,12
6,12,1.2044,16.01,0.293,67050,1833,12
6,12,1.2044,16.01,0.2981,66100,1803,12
6,12,1.2044,16.01,0.2981,66100,1803,12
6,12,1.2044,16.01,0.3031,66240,1807,12
6,12,1.2044,16.01,0.3031,66240,1807,12
6,12,1.2044,16.01,0.3082,70000,1907,12
6,12,1.2044,16.01,0.3082,70000,1907,12
6,12,1.2044,16.01,0.3133,69750,1905,12
6,12,1.2044,16.01,0.3133,69750,1905,12
6,12,1.2044,16.01,0.3285,71730,1816,12
6,12,1.2044,16.01,0.3285,71730,1816,12
6,12,1.2044,16.01,0.3336,72660,1839,12
6,12,1.2044,16.01,0.3336,72660,1839,12
6,12,1.2044,16.01,0.3387,70420,1780,12
6,12,1.2044,16.01,0.3387,70420,1780,12
6,12,1.2044,16.01,0.3437,70080,1771,12
6,12,1.2044,16.01,0.3437,70080,1771,12
6,12,1.2044,16.01,0.3488,71170,1797,12
6,12,1.2044,16.01,0.3488,71170,1797,12
6,12,1.2044,16.01,0.3539,69130,1746,12
6,12,1.2044,16.01,0.3539,69130,1746,12
6,12,1.2044,16.01,0.359,69160,1749,12
6,12,1.2044,16.01,0.359,69160,1749,12
6,12,1.2044,16.01,0.3641,68260,1729,12
6,12,1.2044,16.01,0.3641,68260,1729,12
6,12,1.2044,16.01,0.3691,67430,1706,12
6,12,1.2044,16.01,0.3691,67430,1706,12
6,12,1.2044,16.01,0.3742,64990,1649,12
6,12,1.2044,16.01,0.3742,64990,1649,12
6,12,1.2044,16.01,0.3793,63690,1618,12
6,12,1.2044,16.01,0.3793,63690,1618,12
6,12,1.2044,16.01,0.3844,62590,1592,12
6,12,1.2044,16.01,0.3844,62590,1592,12
6,12,1.2044,16.01,0.3894,61270,1562,12
6,12,1.2044,16.01,0.3894,61270,1562,12
6,12,1.2044,16.01,0.3945,59760,1525,12
6,12,1.2044,16.01,0.3945,59760,1525,12
6,12,1.2044,16.01,0.3996,57790,1478,12
6,12,1.2044,16.01,0.3996,57790,1478,12
6,12,1.2044,16.01,0.4047,58170,1488,12
6,12,1.2044,16.01,0.4047,58170,1488,12
6,12,1.2044,16.01,0.4097,56260,1442,12
6,12,1.2044,16.01,0.4097,56260,1442,12
6,12,1.2044,16.01,0.4148,56050,1441,12
6,12,1.2044,16.01,0.4148,56050,1441,12
6,12,1.2044,16.01,0.4199,53950,1390,12
6,12,1.2044,16.01,0.4199,53950,1390,12
6,12,1.2044,16.01,0.425,51570,1332,12
6,12,1.2044,16.01,0.425,51570,1332,12
6,12,1.2044,16.01,0.43,49850,1292,12
6,12,1.2044,16.01,0.43,49850,1292,12
6,12,1.2044,16.01,0.4351,49270,1279,12
6,12,1.2044,16.01,0.4351,49270,1279,12
6,12,1.2044,16.01,0.4402,48000,1250,12
6,12,1.2044,16.01,0.4402,48000,1250,12
6,12,1.2044,16.01,0.4453,45770,1198,12
6,12,1.2044,16.01,0.4453,45770,1198,12
6,12,1.2044,16.01,0.4503,45330,1188,12
6,12,1.2044,16.01,0.4503,45330,1188,12
6,12,1.2044,16.01,0.4554,45390,1193,12
6,12,1.2044,16.01,0.4554,45390,1193,12
6,12,1.2044,16.01,0.5874,24200,612.9,12
6,12,1.2044,16.01,0.5874,24200,612.9,12
6,12,1.2044,16.01,0.5925,24010,607.4,12
6,12,1.2044,16.01,0.5925,24010,607.4,12
6,12,1.2044,16.01,0.5976,23580,596.7,12
6,12,1.2044,16.01,0.5976,23580,596.7,12
6,12,1.2044,16.01,0.6026,22910,579.5,12
6,12,1.2044,16.01,0.6026,22910,579.5,12
6,12,1.2044,16.01,0.6077,22530,570.4,12
6,12,1.2044,16.01,0.6077,22530,570.4,12
6,12,1.2044,16.01,0.6128,22430,567.9,12
6,12,1.2044,16.01,0.6128,22430,567.9,12
6,12,1.2044,16.01,0.6179,21790,552.1,12
6,12,1.2044,16.01,0.6179,21790,552.1,12
6,12,1.2044,16.01,0.6229,21210,537.9,12
6,12,1.2044,16.01,0.6229,21210,537.9,12
6,12,1.2044,16.01,0.628,21090,535.2,12
6,12,1.2044,16.01,0.628,21090,535.2,12
6,12,1.2044,16.01,0.6331,20610,523.2,12
6,12,1.2044,16.01,0.6331,20610,523.2,12
6,12,1.2044,16.01,0.6382,19960,507.3,12
6,12,1.2044,16.01,0.6382,19960,507.3,12
6,12,1.2044,16.01,0.6432,19980,507,12
6,12,1.2044,16.01,0.6432,19980,507,12
6,12,1.2044,16.01,0.6483,20250,514.2,12
6,12,1.2044,16.01,0.6483,20250,514.2,12
6,12,1.2044,16.01,0.6534,19540,496.6,12
6,12,1.2044,16.01,0.6534,19540,496.6,12
6,12,1.2044,16.01,0.6585,19640,498.6,12
6,12,1.2044,16.01,0.6585,19640,498.6,12
6,12,1.2044,16.01,0.6635,19160,486.8,12
6,12,1.2044,16.01,0.6635,19160,486.8,12
6,12,1.2044,16.01,0.6686,19350,491.2,12
6,12,1.2044,16.01,0.6686,19350,491.2,12
6,12,1.2044,16.01,0.6737,19520,495.7,12
6,12,1.2044,16.01,0.6737,19520,495.7,12
6,12,1.2044,16.01,0.6889,18730,463.8,12
6,12,1.2044,16.01,0.6889,18730,463.8,12
6,12,1.2044,16.01,0.694,18570,459.6,12
6,12,1.2044,16.01,0.694,18570,459.6,12
6,12,1.2044,16.01,0.6991,18010,445.6,12
6,12,1.2044,16.01,0.6991,18010,445.6,12
6,12,1.2044,16.01,0.7042,17840,441.1,12
6,12,1.2044,16.01,0.7042,17840,441.1,12
6,12,1.2044,16.01,0.7092,17800,439.9,12
6,12,1.2044,16.01,0.7092,17800,439.9,12
6,12,1.2044,16.01,0.7143,17010,420.6,12
6,12,1.2044,16.01,0.7143,17010,420.6,12
6,12,1.2044,16.01,0.7194,16810,415.4,12
6,12,1.2044,16.01,0.7194,16810,415.4,12
6,12,1.2044,16.01,0.7245,16870,416.6,12
6,12,1.2044,16.01,0.7245,16870,416.6,12
6,12,1.2044,16.01,0.7295,16510,407.6,12
6,12,1.2044,16.01,0.7295,16510,407.6,12
6,12,1.2044,16.01,0.7346,17010,419.6,12
6,12,1.2044,16.01,0.7346,17010,419.6,12
6,12,1.2044,16.01,0.7397,16920,417.4,12
6,12,1.2044,16.01,0.7397,16920,417.4,12
6,12,1.2044,16.01,0.7448,16330,402.4,12
6,12,1.2044,16.01,0.7448,16330,402.4,12
6,12,1.2044,16.01,0.7498,16420,404.6,12
6,12,1.2044,16.01,0.7498,16420,404.6,12
6,12,1.2044,16.01,0.7549,16510,406.7,12
6,12,1.2044,16.01,0.7549,16510,406.7,12
6,12,1.2044,16.01,0.76,16450,405.4,12
6,12,1.2044,16.01,0.76,16450,405.4,12
6,12,1.2044,16.02,0.4707,38190,951.1,12
6,12,1.2044,16.02,0.4707,38190,951.1,12
6,12,1.2044,16.02,0.4758,38740,965.5,12
6,12,1.2044,16.02,0.4758,38740,965.5,12
6,12,1.2044,16.02,0.4808,36510,911.9,12
6,12,1.2044,16.02,0.4808,36510,911.9,12
6,12,1.2044,16.02,0.4859,35130,878.5,12
6,12,1.2044,16.02,0.4859,35130,878.5,12
6,12,1.2044,16.02,0.491,33300,834.9,12
6,12,1.2044,16.02,0.491,33300,834.9,12
6,12,1.2044,16.02,0.4961,32970,827.5,12
6,12,1.2044,16.02,0.4961,32970,827.5,12
6,12,1.2044,16.02,0.5011,31940,803.3,12
6,12,1.2044,16.02,0.5011,31940,803.3,12
6,12,1.2044,16.02,0.5062,31060,782.1,12
6,12,1.2044,16.02,0.5062,31060,782.1,12
6,12,1.2044,16.02,0.5113,30260,763.8,12
6,12,1.2044,16.02,0.5113,30260,763.8,12
6,12,1.2044,16.02,0.5164,28970,732.5,12
6,12,1.2044,16.02,0.5164,28970,732.5,12
6,12,1.2044,16.02,0.5215,28320,717.5,12
6,12,1.2044,16.02,0.5215,28320,717.5,12
6,12,1.2044,16.02,0.5265,27430,696.3,12
6,12,1.2044,16.02,0.5265,27430,696.3,12
6,12,1.2044,16.02,0.5316,26900,683.8,12
6,12,1.2044,16.02,0.5316,26900,683.8,12
6,12,1.2044,16.02,0.5367,26950,684.5,12
6,12,1.2044,16.02,0.5367,26950,684.5,12
6,12,1.2044,16.02,0.5418,26560,677.2,12
6,12,1.2044,16.02,0.5418,26560,677.2,12
6,12,1.2044,16.02,0.5468,25820,658.3,12
6,12,1.2044,16.02,0.5468,25820,658.3,12
6,12,1.2044,16.02,0.5519,24500,625.6,12
6,12,1.2044,16.02,0.5519,24500,625.6,12
6,12,1.2044,16.02,0.557,24800,634,12
6,12,1.2044,16.02,0.557,24800,634,12
6,12,1.2044,16.02,0.5621,24110,617.5,12
6,12,1.2044,16.02,0.5621,24110,617.5,12
6,12,1.2044,16.02,0.5671,24170,619.6,12
6,12,1.2044,16.02,0.5671,24170,619.6,12
6,12,1.2044,16.02,0.5722,23840,611.3,12
6,12,1.2044,16.02,0.5722,23840,611.3,12
6,12,1.2044,16.02,0.5773,23250,601.6,12
6,12,1.2044,16.02,0.5773,23250,601.6,12
6,12,1.2044,19,0.3251,39210,1015,12
6,12,1.2044,19,0.3251,39210,1015,12
6,12,1.2044,19,0.3301,39100,995.3,12
6,12,1.2044,19,0.3301,39100,995.3,12
6,12,1.2044,19,0.335,38620,982.5,12
6,12,1.2044,19,0.335,38620,982.5,12
6,12,1.2044,19,0.34,39070,990.8,12
6,12,1.2044,19,0.34,39070,990.8,12
6,12,1.2044,19,0.345,38850,984.7,12
6,12,1.2044,19,0.345,38850,984.7,12
6,12,1.2044,19,0.35,39780,1008,12
6,12,1.2044,19,0.35,39780,1008,12
6,12,1.2044,19,0.355,38500,974.3,12
6,12,1.2044,19,0.355,38500,974.3,12
6,12,1.2044,19,0.36,39200,992.9,12
6,12,1.2044,19,0.36,39200,992.9,12
6,12,1.2044,19,0.3649,39510,999.9,12
6,12,1.2044,19,0.3649,39510,999.9,12
6,12,1.2044,19,0.3699,38140,966.3,12
6,12,1.2044,19,0.3699,38140,966.3,12
6,12,1.2044,19,0.3749,37560,951.7,12
6,12,1.2044,19,0.3749,37560,951.7,12
6,12,1.2044,19,0.3799,37260,944.3,12
6,12,1.2044,19,0.3799,37260,944.3,12
6,12,1.2044,19,0.3849,36280,921.3,12
6,12,1.2044,19,0.3849,36280,921.3,12
6,12,1.2044,19,0.3898,36400,925.1,12
6,12,1.2044,19,0.3898,36400,925.1,12
6,12,1.2044,19,0.3948,35740,908.5,12
6,12,1.2044,19,0.3948,35740,908.5,12
6,12,1.2044,19,0.3998,34240,872.7,12
6,12,1.2044,19,0.3998,34240,872.7,12
6,12,1.2044,19,0.4048,34390,876.9,12
6,12,1.2044,19,0.4048,34390,876.9,12
6,12,1.2044,19,0.4098,33830,862.7,12
6,12,1.2044,19,0.4098,33830,862.7,12
6,12,1.2044,19,0.4147,33510,857.1,12
6,12,1.2044,19,0.4147,33510,857.1,12
6,12,1.2044,19,0.4197,32860,841.7,12
6,12,1.2044,19,0.4197,32860,841.7,12
6,12,1.2044,19,0.4247,31300,803.6,12
6,12,1.2044,19,0.4247,31300,803.6,12
6,12,1.2044,19,0.4297,31020,797.9,12
6,12,1.2044,19,0.4297,31020,797.9,12
6,12,1.2044,19,0.4347,30410,783.6,12
6,12,1.2044,19,0.4347,30410,783.6,12
6,12,1.2044,19,0.4396,30010,775.5,12
6,12,1.2044,19,0.4396,30010,775.5,12
6,12,1.2044,19,0.4446,29470,763.7,12
6,12,1.2044,19,0.4446,29470,763.7,12
6,12,1.2044,19,0.4496,28800,748,12
6,12,1.2044,19,0.4496,28800,748,12
6,12,1.2044,19,0.4546,28140,734,12
6,12,1.2044,19,0.4546,28140,734,12
6,12,1.2044,19,0.4596,26170,703.5,12
6,12,1.2044,19,0.4596,26170,703.5,12
6,12,1.2044,19.01,0.0064,0.01443,0.001918,12
6,12,1.2044,19.01,0.0064,0.01443,0.001918,12
6,12,1.2044,19.01,0.0114,0.007718,0.0005277,12
6,12,1.2044,19.01,0.0114,0.007718,0.0005277,12
6,12,1.2044,19.01,0.0164,36810,1798,12
6,12,1.2044,19.01,0.0164,36810,1798,12
6,12,1.2044,19.01,0.0214,71010,2564,12
6,12,1.2044,19.01,0.0214,71010,2564,12
6,12,1.2044,19.01,0.0263,73850,2283,12
6,12,1.2044,19.01,0.0263,73850,2283,12
6,12,1.2044,19.01,0.0313,67630,1957,12
6,12,1.2044,19.01,0.0313,67630,1957,12
6,12,1.2044,19.01,0.0363,67050,1870,12
6,12,1.2044,19.01,0.0363,67050,1870,12
6,12,1.2044,19.01,0.0413,70970,1922,12
6,12,1.2044,19.01,0.0413,70970,1922,12
6,12,1.2044,19.01,0.0463,77520,2055,12
6,12,1.2044,19.01,0.0463,77520,2055,12
6,12,1.2044,19.01,0.0512,81700,2128,12
6,12,1.2044,19.01,0.0512,81700,2128,12
6,12,1.2044,19.01,0.0562,87220,2240,12
6,12,1.2044,19.01,0.0562,87220,2240,12
6,12,1.2044,19.01,0.0612,91570,2328,12
6,12,1.2044,19.01,0.0612,91570,2328,12
6,12,1.2044,19.01,0.0662,98900,2492,12
6,12,1.2044,19.01,0.0662,98900,2492,12
6,12,1.2044,19.01,0.0712,105900,2646,12
6,12,1.2044,19.01,0.0712,105900,2646,12
6,12,1.2044,19.01,0.0761,111800,2774,12
6,12,1.2044,19.01,0.0761,111800,2774,12
6,12,1.2044,19.01,0.0811,117500,2902,12
6,12,1.2044,19.01,0.0811,117500,2902,12
6,12,1.2044,19.01,0.0861,120800,2975,12
6,12,1.2044,19.01,0.0861,120800,2975,12
6,12,1.2044,19.01,0.0911,122300,3007,12
6,12,1.2044,19.01,0.0911,122300,3007,12
6,12,1.2044,19.01,0.0961,122600,3009,12
6,12,1.2044,19.01,0.0961,122600,3009,12
6,12,1.2044,19.01,0.101,125700,3085,12
6,12,1.2044,19.01,0.101,125700,3085,12
6,12,1.2044,19.01,0.106,121800,2986,12
6,12,1.2044,19.01,0.106,121800,2986,12
6,12,1.2044,19.01,0.111,120600,2959,12
6,12,1.2044,19.01,0.111,120600,2959,12
6,12,1.2044,19.01,0.116,119400,2936,12
6,12,1.2044,19.01,0.116,119400,2936,12
6,12,1.2044,19.01,0.121,115700,2851,12
6,12,1.2044,19.01,0.121,115700,2851,12
6,12,1.2044,19.01,0.1259,107800,2664,12
6,12,1.2044,19.01,0.1259,107800,2664,12
6,12,1.2044,19.01,0.1309,106600,2644,12
6,12,1.2044,19.01,0.1309,106600,2644,12
6,12,1.2044,19.01,0.1359,100300,2498,12
6,12,1.2044,19.01,0.1359,100300,2498,12
6,12,1.2044,19.01,0.1409,93140,2336,12
6,12,1.2044,19.01,0.1409,93140,2336,12
6,12,1.2044,19.01,0.1459,85980,2198,12
6,12,1.2044,19.01,0.1459,85980,2198,12
6,12,1.2044,19.01,0.1558,74100,1893,12
6,12,1.2044,19.01,0.1558,74100,1893,12
6,12,1.2044,19.01,0.1608,66180,1671,12
6,12,1.2044,19.01,0.1608,66180,1671,12
6,12,1.2044,19.01,0.1658,60190,1529,12
6,12,1.2044,19.01,0.1658,60190,1529,12
6,12,1.2044,19.01,0.1708,55250,1412,12
6,12,1.2044,19.01,0.1708,55250,1412,12
6,12,1.2044,19.01,0.1757,50450,1296,12
6,12,1.2044,19.01,0.1757,50450,1296,12
6,12,1.2044,19.01,0.1807,45710,1183,12
6,12,1.2044,19.01,0.1807,45710,1183,12
6,12,1.2044,19.01,0.1857,42740,1116,12
6,12,1.2044,19.01,0.1857,42740,1116,12
6,12,1.2044,19.01,0.1907,38620,1015,12
6,12,1.2044,19.01,0.1907,38620,1015,12
6,12,1.2044,19.01,0.1957,37420,991.3,12
6,12,1.2044,19.01,0.1957,37420,991.3,12
6,12,1.2044,19.01,0.2006,34950,934.6,12
6,12,1.2044,19.01,0.2006,34950,934.6,12
6,12,1.2044,19.01,0.2056,32580,875.4,12
6,12,1.2044,19.01,0.2056,32580,875.4,12
6,12,1.2044,19.01,0.2106,30870,835.4,12
6,12,1.2044,19.01,0.2106,30870,835.4,12
6,12,1.2044,19.01,0.2156,29450,803.4,12
6,12,1.2044,19.01,0.2156,29450,803.4,12
6,12,1.2044,19.01,0.2206,28360,778.3,12
6,12,1.2044,19.01,0.2206,28360,778.3,12
6,12,1.2044,19.01,0.2255,27260,751,12
6,12,1.2044,19.01,0.2255,27260,751,12
6,12,1.2044,19.01,0.2305,26800,743.8,12
6,12,1.2044,19.01,0.2305,26800,743.8,12
6,12,1.2044,19.01,0.2355,25670,714.8,12
6,12,1.2044,19.01,0.2355,25670,714.8,12
6,12,1.2044,19.01,0.2405,25860,722.1,12
6,12,1.2044,19.01,0.2405,25860,722.1,12
6,12,1.2044,19.01,0.2455,25570,716.2,12
6,12,1.2044,19.01,0.2455,25570,716.2,12
6,12,1.2044,19.01,0.2504,25810,724,12
6,12,1.2044,19.01,0.2504,25810,724,12
6,12,1.2044,19.01,0.2554,27290,763.2,12
6,12,1.2044,19.01,0.2554,27290,763.2,12
6,12,1.2044,19.01,0.2604,28130,786.5,12
6,12,1.2044,19.01,0.2604,28130,786.5,12
6,12,1.2044,19.01,0.2654,28190,789.7,12
6,12,1.2044,19.01,0.2654,28190,789.7,12
6,12,1.2044,19.01,0.2704,28470,794.2,12
6,12,1.2044,19.01,0.2704,28470,794.2,12
6,12,1.2044,19.01,0.2753,29280,816,12
6,12,1.2044,19.01,0.2753,29280,816,12
6,12,1.2044,19.01,0.2803,29380,819.2,12
6,12,1.2044,19.01,0.2803,29380,819.2,12
6,12,1.2044,19.01,0.2853,29840,829.4,12
6,12,1.2044,19.01,0.2853,29840,829.4,12
6,12,1.2044,19.01,0.2903,30610,848.8,12
6,12,1.2044,19.01,0.2903,30610,848.8,12
6,12,1.2044,19.01,0.2953,32190,890.4,12
6,12,1.2044,19.01,0.2953,32190,890.4,12
6,12,1.2044,19.01,0.3002,32500,895,12
6,12,1.2044,19.01,0.3002,32500,895,12
6,12,1.2044,19.01,0.3052,34520,948.5,12
6,12,1.2044,19.01,0.3052,34520,948.5,12
6,12,1.2044,19.01,0.3102,35870,984.6,12
6,12,1.2044,19.01,0.3102,35870,984.6,12
6,12,1.2044,19.01,0.3152,34090,956.4,12
6,12,1.2044,19.01,0.3152,34090,956.4,12
6,12,1.2044,19.01,0.4696,25450,633.4,12
6,12,1.2044,19.01,0.4696,25450,633.4,12
6,12,1.2044,19.01,0.4746,25190,627.5,12
6,12,1.2044,19.01,0.4746,25190,627.5,12
6,12,1.2044,19.01,0.4795,24840,619.4,12
6,12,1.2044,19.01,0.4795,24840,619.4,12
6,12,1.2044,19.01,0.4845,23740,593,12
6,12,1.2044,19.01,0.4845,23740,593,12
6,12,1.2044,19.01,0.4895,22710,568,12
6,12,1.2044,19.01,0.4895,22710,568,12
6,12,1.2044,19.01,0.4945,22490,563.9,12
6,12,1.2044,19.01,0.4945,22490,563.9,12
6,12,1.2044,19.01,0.4995,21890,549.9,12
6,12,1.2044,19.01,0.4995,21890,549.9,12
6,12,1.2044,19.01,0.5044,21470,539.9,12
6,12,1.2044,19.01,0.5044,21470,539.9,12
6,12,1.2044,19.01,0.5094,20210,509.6,12
6,12,1.2044,19.01,0.5094,20210,509.6,12
6,12,1.2044,19.01,0.5144,19600,495.7,12
6,12,1.2044,19.01,0.5144,19600,495.7,12
6,12,1.2044,19.01,0.5194,19360,491.2,12
6,12,1.2044,19.01,0.5194,19360,491.2,12
6,12,1.2044,19.01,0.5244,19000,482.1,12
6,12,1.2044,19.01,0.5244,19000,482.1,12
6,12,1.2044,19.01,0.5293,18260,464.8,12
6,12,1.2044,19.01,0.5293,18260,464.8,12
6,12,1.2044,19.01,0.5343,18190,463.2,12
6,12,1.2044,19.01,0.5343,18190,463.2,12
6,12,1.2044,19.01,0.5393,18210,464.5,12
6,12,1.2044,19.01,0.5393,18210,464.5,12
6,12,1.2044,19.01,0.5443,17630,450.5,12
6,12,1.2044,19.01,0.5443,17630,450.5,12
6,12,1.2044,19.01,0.5493,16910,432.5,12
6,12,1.2044,19.01,0.5493,16910,432.5,12
6,12,1.2044,19.01,0.5542,16840,432.1,12
6,12,1.2044,19.01,0.5542,16840,432.1,12
6,12,1.2044,19.01,0.5592,16290,418.9,12
6,12,1.2044,19.01,0.5592,16290,418.9,12
6,12,1.2044,19.01,0.5642,16070,413.5,12
6,12,1.2044,19.01,0.5642,16070,413.5,12
6,12,1.2044,19.01,0.5692,16220,418.1,12
6,12,1.2044,19.01,0.5692,16220,418.1,12
6,12,1.2044,19.01,0.5742,16160,417.2,12
6,12,1.2044,19.01,0.5742,16160,417.2,12
6,12,1.2044,19.01,0.5891,15580,392.8,12
6,12,1.2044,19.01,0.5891,15580,392.8,12
6,12,1.2044,19.01,0.5941,15310,386.1,12
6,12,1.2044,19.01,0.5941,15310,386.1,12
6,12,1.2044,19.01,0.5991,15140,381.8,12
6,12,1.2044,19.01,0.5991,15140,381.8,12
6,12,1.2044,19.01,0.604,14610,368.6,12
6,12,1.2044,19.01,0.604,14610,368.6,12
6,12,1.2044,19.01,0.609,14490,366.3,12
6,12,1.2044,19.01,0.609,14490,366.3,12
6,12,1.2044,19.01,0.614,14360,363.2,12
6,12,1.2044,19.01,0.614,14360,363.2,12
6,12,1.2044,19.01,0.619,13770,348.5,12
6,12,1.2044,19.01,0.619,13770,348.5,12
6,12,1.2044,19.01,0.624,13490,342.1,12
6,12,1.2044,19.01,0.624,13490,342.1,12
6,12,1.2044,19.01,0.6289,13320,338.2,12
6,12,1.2044,19.01,0.6289,13320,338.2,12
6,12,1.2044,19.01,0.6339,13140,333.5,12
6,12,1.2044,19.01,0.6339,13140,333.5,12
6,12,1.2044,19.01,0.6389,13030,330.9,12
6,12,1.2044,19.01,0.6389,13030,330.9,12
6,12,1.2044,19.01,0.6439,13260,336.4,12
6,12,1.2044,19.01,0.6439,13260,336.4,12
6,12,1.2044,19.01,0.6489,13080,332.4,12
6,12,1.2044,19.01,0.6489,13080,332.4,12
6,12,1.2044,19.01,0.6538,12870,327,12
6,12,1.2044,19.01,0.6538,12870,327,12
6,12,1.2044,19.01,0.6588,12760,324.3,12
6,12,1.2044,19.01,0.6588,12760,324.3,12
6,12,1.2044,19.01,0.6638,12760,324.6,12
6,12,1.2044,19.01,0.6638,12760,324.6,12
6,12,1.2044,19.01,0.6688,12360,314.4,12
6,12,1.2044,19.01,0.6688,12360,314.4,12
6,12,1.2044,19.01,0.6738,12780,325.5,12
6,12,1.2044,19.01,0.6738,12780,325.5,12
6,12,1.2044,19.01,0.6887,12490,309.9,12
6,12,1.2044,19.01,0.6887,12490,309.9,12
6,12,1.2044,19.01,0.6937,12680,314,12
6,12,1.2044,19.01,0.6937,12680,314,12
6,12,1.2044,19.01,0.6987,12240,303.4,12
6,12,1.2044,19.01,0.6987,12240,303.4,12
6,12,1.2044,19.01,0.7036,12140,300.6,12
6,12,1.2044,19.01,0.7036,12140,300.6,12
6,12,1.2044,19.01,0.7086,11930,295.5,12
6,12,1.2044,19.01,0.7086,11930,295.5,12
6,12,1.2044,19.01,0.7136,11810,292.5,12
6,12,1.2044,19.01,0.7136,11810,292.5,12
6,12,1.2044,19.01,0.7186,11470,284,12
6,12,1.2044,19.01,0.7186,11470,284,12
6,12,1.2044,19.01,0.7236,11390,281.9,12
6,12,1.2044,19.01,0.7236,11390,281.9,12
6,12,1.2044,19.01,0.7285,11220,277.9,12
6,12,1.2044,19.01,0.7285,11220,277.9,12
6,12,1.2044,19.01,0.7335,11230,278.1,12
6,12,1.2044,19.01,0.7335,11230,278.1,12
6,12,1.2044,19.01,0.7385,11370,281.6,12
6,12,1.2044,19.01,0.7385,11370,281.6,12
6,12,1.2044,19.01,0.7435,11050,273.6,12
6,12,1.2044,19.01,0.7435,11050,273.6,12
6,12,1.2044,19.01,0.7485,10880,269.6,12
6,12,1.2044,19.01,0.7485,10880,269.6,12
6,12,1.2044,19.01,0.7534,10860,269,12
6,12,1.2044,19.01,0.7534,10860,269,12
6,12,1.2044,19.01,0.7584,10900,269.9,12
6,12,1.2044,19.01,0.7584,10900,269.9,12
6,12,1.2044,22,0.3245,21380,564.4,12
6,12,1.2044,22,0.3294,21230,544.6,12
6,12,1.2044,22,0.3294,21230,544.6,12
6,12,1.2044,22,0.3343,21190,542.1,12
6,12,1.2044,22,0.3343,21190,542.1,12
6,12,1.2044,22,0.3391,21200,540.9,12
6,12,1.2044,22,0.3391,21200,540.9,12
6,12,1.2044,22,0.344,22010,560.8,12
6,12,1.2044,22,0.344,22010,560.8,12
6,12,1.2044,22,0.3489,22000,559.3,12
6,12,1.2044,22,0.3489,22000,559.3,12
6,12,1.2044,22,0.3538,21790,553.9,12
6,12,1.2044,22,0.3538,21790,553.9,12
6,12,1.2044,22,0.3586,21940,557.3,12
6,12,1.2044,22,0.3586,21940,557.3,12
6,12,1.2044,22,0.3635,22490,570.6,12
6,12,1.2044,22,0.3635,22490,570.6,12
6,12,1.2044,22,0.3684,22000,557.7,12
6,12,1.2044,22,0.3684,22000,557.7,12
6,12,1.2044,22,0.3733,22200,562.7,12
6,12,1.2044,22,0.3733,22200,562.7,12
6,12,1.2044,22,0.3781,22330,565.2,12
6,12,1.2044,22,0.3781,22330,565.2,12
6,12,1.2044,22,0.383,21640,548.5,12
6,12,1.2044,22,0.383,21640,548.5,12
6,12,1.2044,22,0.3879,21760,552,12
6,12,1.2044,22,0.3879,21760,552,12
6,12,1.2044,22,0.3927,21290,539.7,12
6,12,1.2044,22,0.3927,21290,539.7,12
6,12,1.2044,22,0.3976,21380,542,12
6,12,1.2044,22,0.3976,21380,542,12
6,12,1.2044,22,0.4025,20960,531.9,12
6,12,1.2044,22,0.4025,20960,531.9,12
6,12,1.2044,22,0.4074,21230,539,12
6,12,1.2044,22,0.4074,21230,539,12
6,12,1.2044,22,0.4122,21040,534.2,12
6,12,1.2044,22,0.4122,21040,534.2,12
6,12,1.2044,22,0.4171,20480,520.9,12
6,12,1.2044,22,0.4171,20480,520.9,12
6,12,1.2044,22,0.422,20060,510.3,12
6,12,1.2044,22,0.422,20060,510.3,12
6,12,1.2044,22,0.4269,19860,506.5,12
6,12,1.2044,22,0.4269,19860,506.5,12
6,12,1.2044,22,0.4317,19360,494.5,12
6,12,1.2044,22,0.4317,19360,494.5,12
6,12,1.2044,22,0.4366,18850,481.9,12
6,12,1.2044,22,0.4366,18850,481.9,12
6,12,1.2044,22,0.4415,18920,484.4,12
6,12,1.2044,22,0.4415,18920,484.4,12
6,12,1.2044,22,0.4464,18710,479.5,12
6,12,1.2044,22,0.4464,18710,479.5,12
6,12,1.2044,22,0.4512,19020,488.9,12
6,12,1.2044,22,0.4512,19020,488.9,12
6,12,1.2044,22,0.4561,18420,478.3,12
6,12,1.2044,22,0.4561,18420,478.3,12
6,12,1.2044,22.01,0.0078,0.01965,0.004843,12
6,12,1.2044,22.01,0.0078,0.01965,0.004843,12
6,12,1.2044,22.01,0.0127,4532,567.9,12
6,12,1.2044,22.01,0.0127,4532,567.9,12
6,12,1.2044,22.01,0.0176,19650,1623,12
6,12,1.2044,22.01,0.0176,19650,1623,12
6,12,1.2044,22.01,0.0225,24530,1356,12
6,12,1.2044,22.01,0.0225,24530,1356,12
6,12,1.2044,22.01,0.0273,23600,1000,12
6,12,1.2044,22.01,0.0273,23600,1000,12
6,12,1.2044,22.01,0.0322,22820,833.9,12
6,12,1.2044,22.01,0.0322,22820,833.9,12
6,12,1.2044,22.01,0.0371,22040,724.1,12
6,12,1.2044,22.01,0.0371,22040,724.1,12
6,12,1.2044,22.01,0.042,20630,630.5,12
6,12,1.2044,22.01,0.042,20630,630.5,12
6,12,1.2044,22.01,0.0468,20790,608.9,12
6,12,1.2044,22.01,0.0468,20790,608.9,12
6,12,1.2044,22.01,0.0517,23890,671.8,12
6,12,1.2044,22.01,0.0517,23890,671.8,12
6,12,1.2044,22.01,0.0566,27260,744.4,12
6,12,1.2044,22.01,0.0566,27260,744.4,12
6,12,1.2044,22.01,0.0615,30070,803,12
6,12,1.2044,22.01,0.0615,30070,803,12
6,12,1.2044,22.01,0.0663,33300,871.9,12
6,12,1.2044,22.01,0.0663,33300,871.9,12
6,12,1.2044,22.01,0.0712,37060,956.8,12
6,12,1.2044,22.01,0.0712,37060,956.8,12
6,12,1.2044,22.01,0.0761,40470,1031,12
6,12,1.2044,22.01,0.0761,40470,1031,12
6,12,1.2044,22.01,0.0809,43560,1099,12
6,12,1.2044,22.01,0.0809,43560,1099,12
6,12,1.2044,22.01,0.0858,46960,1175,12
6,12,1.2044,22.01,0.0858,46960,1175,12
6,12,1.2044,22.01,0.0907,48460,1205,12
6,12,1.2044,22.01,0.0907,48460,1205,12
6,12,1.2044,22.01,0.0956,50240,1243,12
6,12,1.2044,22.01,0.0956,50240,1243,12
6,12,1.2044,22.01,0.1004,52950,1305,12
6,12,1.2044,22.01,0.1004,52950,1305,12
6,12,1.2044,22.01,0.1053,53780,1322,12
6,12,1.2044,22.01,0.1053,53780,1322,12
6,12,1.2044,22.01,0.1102,54950,1346,12
6,12,1.2044,22.01,0.1102,54950,1346,12
6,12,1.2044,22.01,0.1151,56130,1373,12
6,12,1.2044,22.01,0.1151,56130,1373,12
6,12,1.2044,22.01,0.1199,56730,1386,12
6,12,1.2044,22.01,0.1199,56730,1386,12
6,12,1.2044,22.01,0.1248,57020,1392,12
6,12,1.2044,22.01,0.1248,57020,1392,12
6,12,1.2044,22.01,0.1297,58530,1430,12
6,12,1.2044,22.01,0.1297,58530,1430,12
6,12,1.2044,22.01,0.1345,59380,1450,12
6,12,1.2044,22.01,0.1345,59380,1450,12
6,12,1.2044,22.01,0.1394,58580,1433,12
6,12,1.2044,22.01,0.1394,58580,1433,12
6,12,1.2044,22.01,0.1443,54350,1345,12
6,12,1.2044,22.01,0.1443,54350,1345,12
6,12,1.2044,22.01,0.1589,51900,1305,12
6,12,1.2044,22.01,0.1589,51900,1305,12
6,12,1.2044,22.01,0.1638,46120,1157,12
6,12,1.2044,22.01,0.1638,46120,1157,12
6,12,1.2044,22.01,0.1687,44300,1114,12
6,12,1.2044,22.01,0.1687,44300,1114,12
6,12,1.2044,22.01,0.1735,41320,1041,12
6,12,1.2044,22.01,0.1735,41320,1041,12
6,12,1.2044,22.01,0.1784,37430,948.3,12
6,12,1.2044,22.01,0.1784,37430,948.3,12
6,12,1.2044,22.01,0.1833,35650,907.4,12
6,12,1.2044,22.01,0.1833,35650,907.4,12
6,12,1.2044,22.01,0.1881,33290,850.9,12
6,12,1.2044,22.01,0.1881,33290,850.9,12
6,12,1.2044,22.01,0.193,31000,797.6,12
6,12,1.2044,22.01,0.193,31000,797.6,12
6,12,1.2044,22.01,0.1979,28500,739.9,12
6,12,1.2044,22.01,0.1979,28500,739.9,12
6,12,1.2044,22.01,0.2028,26950,703.4,12
6,12,1.2044,22.01,0.2028,26950,703.4,12
6,12,1.2044,22.01,0.2076,24740,650.6,12
6,12,1.2044,22.01,0.2076,24740,650.6,12
6,12,1.2044,22.01,0.2125,23360,617.2,12
6,12,1.2044,22.01,0.2125,23360,617.2,12
6,12,1.2044,22.01,0.2174,22160,589.9,12
6,12,1.2044,22.01,0.2174,22160,589.9,12
6,12,1.2044,22.01,0.2223,20680,554.5,12
6,12,1.2044,22.01,0.2223,20680,554.5,12
6,12,1.2044,22.01,0.2271,18920,510.8,12
6,12,1.2044,22.01,0.2271,18920,510.8,12
6,12,1.2044,22.01,0.232,18980,515.3,12
6,12,1.2044,22.01,0.232,18980,515.3,12
6,12,1.2044,22.01,0.2369,18280,498.7,12
6,12,1.2044,22.01,0.2369,18280,498.7,12
6,12,1.2044,22.01,0.2417,17180,471.5,12
6,12,1.2044,22.01,0.2417,17180,471.5,12
6,12,1.2044,22.01,0.2466,17080,471.3,12
6,12,1.2044,22.01,0.2466,17080,471.3,12
6,12,1.2044,22.01,0.2515,16410,455.5,12
6,12,1.2044,22.01,0.2515,16410,455.5,12
6,12,1.2044,22.01,0.2564,16550,459.2,12
6,12,1.2044,22.01,0.2564,16550,459.2,12
6,12,1.2044,22.01,0.2612,16670,465.3,12
6,12,1.2044,22.01,0.2612,16670,465.3,12
6,12,1.2044,22.01,0.2661,16490,460.7,12
6,12,1.2044,22.01,0.2661,16490,460.7,12
6,12,1.2044,22.01,0.271,16520,461.2,12
6,12,1.2044,22.01,0.271,16520,461.2,12
6,12,1.2044,22.01,0.2759,16590,464.3,12
6,12,1.2044,22.01,0.2759,16590,464.3,12
6,12,1.2044,22.01,0.2807,16720,468.6,12
6,12,1.2044,22.01,0.2807,16720,468.6,12
6,12,1.2044,22.01,0.2856,16820,470.7,12
6,12,1.2044,22.01,0.2856,16820,470.7,12
6,12,1.2044,22.01,0.2905,17240,481.9,12
6,12,1.2044,22.01,0.2905,17240,481.9,12
6,12,1.2044,22.01,0.2954,17650,494.2,12
6,12,1.2044,22.01,0.2954,17650,494.2,12
6,12,1.2044,22.01,0.3002,18130,504.9,12
6,12,1.2044,22.01,0.3002,18130,504.9,12
6,12,1.2044,22.01,0.3051,19030,528.8,12
6,12,1.2044,22.01,0.3051,19030,528.8,12
6,12,1.2044,22.01,0.31,19490,542.6,12
6,12,1.2044,22.01,0.31,19490,542.6,12
6,12,1.2044,22.01,0.3148,19490,555.9,12
6,12,1.2044,22.01,0.3148,19490,555.9,12
6,12,1.2044,22.01,0.4659,18130,457.6,12
6,12,1.2044,22.01,0.4659,18130,457.6,12
6,12,1.2044,22.01,0.4659,18290,558.9,12
6,12,1.2044,22.01,0.4708,17290,513.1,12
6,12,1.2044,22.01,0.4708,17290,513.1,12
6,12,1.2044,22.01,0.4708,17580,437.5,12
6,12,1.2044,22.01,0.4708,17580,437.5,12
6,12,1.2044,22.01,0.4757,16910,501.4,12
6,12,1.2044,22.01,0.4757,16910,501.4,12
6,12,1.2044,22.01,0.4757,16990,422.9,12
6,12,1.2044,22.01,0.4757,16990,422.9,12
6,12,1.2044,22.01,0.4805,16640,415.1,12
6,12,1.2044,22.01,0.4805,16640,415.1,12
6,12,1.2044,22.01,0.4805,16700,497.6,12
6,12,1.2044,22.01,0.4805,16700,497.6,12
6,12,1.2044,22.01,0.4854,15770,472,12
6,12,1.2044,22.01,0.4854,15770,472,12
6,12,1.2044,22.01,0.4854,15980,399.3,12
6,12,1.2044,22.01,0.4854,15980,399.3,12
6,12,1.2044,22.01,0.4903,15170,455.2,12
6,12,1.2044,22.01,0.4903,15170,455.2,12
6,12,1.2044,22.01,0.4903,15480,387,12
6,12,1.2044,22.01,0.4903,15480,387,12
6,12,1.2044,22.01,0.4951,14850,448.7,12
6,12,1.2044,22.01,0.4951,14850,448.7,12
6,12,1.2044,22.01,0.4951,15470,387.4,12
6,12,1.2044,22.01,0.4951,15470,387.4,12
6,12,1.2044,22.01,0.5,15020,453.9,12
6,12,1.2044,22.01,0.5,15020,453.9,12
6,12,1.2044,22.01,0.5,15320,384,12
6,12,1.2044,22.01,0.5,15320,384,12
6,12,1.2044,22.01,0.5049,14220,432.2,12
6,12,1.2044,22.01,0.5049,14220,432.2,12
6,12,1.2044,22.01,0.5049,14540,365.5,12
6,12,1.2044,22.01,0.5049,14540,365.5,12
6,12,1.2044,22.01,0.5098,14040,353.5,12
6,12,1.2044,22.01,0.5098,14040,353.5,12
6,12,1.2044,22.01,0.5098,14170,431,12
6,12,1.2044,22.01,0.5098,14170,431,12
6,12,1.2044,22.01,0.5146,13840,424.5,12
6,12,1.2044,22.01,0.5146,13840,424.5,12
6,12,1.2044,22.01,0.5146,13990,353.2,12
6,12,1.2044,22.01,0.5146,13990,353.2,12
6,12,1.2044,22.01,0.5195,13470,341,12
6,12,1.2044,22.01,0.5195,13470,341,12
6,12,1.2044,22.01,0.5195,13530,416.4,12
6,12,1.2044,22.01,0.5195,13530,416.4,12
6,12,1.2044,22.01,0.5244,12980,329.3,12
6,12,1.2044,22.01,0.5244,12980,329.3,12
6,12,1.2044,22.01,0.5244,13260,409,12
6,12,1.2044,22.01,0.5244,13260,409,12
6,12,1.2044,22.01,0.5293,12280,383.7,12
6,12,1.2044,22.01,0.5293,12280,383.7,12
6,12,1.2044,22.01,0.5293,12860,326.9,12
6,12,1.2044,22.01,0.5293,12860,326.9,12
6,12,1.2044,22.01,0.5341,12590,320.7,12
6,12,1.2044,22.01,0.5341,12590,320.7,12
6,12,1.2044,22.01,0.5341,12670,395,12
6,12,1.2044,22.01,0.5341,12670,395,12
6,12,1.2044,22.01,0.539,12560,319.9,12
6,12,1.2044,22.01,0.539,12560,319.9,12
6,12,1.2044,22.01,0.539,13050,405.6,12
6,12,1.2044,22.01,0.539,13050,405.6,12
6,12,1.2044,22.01,0.5439,12090,381.4,12
6,12,1.2044,22.01,0.5439,12090,381.4,12
6,12,1.2044,22.01,0.5439,12270,313.8,12
6,12,1.2044,22.01,0.5439,12270,313.8,12
6,12,1.2044,22.01,0.5487,11510,364.4,12
6,12,1.2044,22.01,0.5487,11510,364.4,12
6,12,1.2044,22.01,0.5487,11870,303.8,12
6,12,1.2044,22.01,0.5487,11870,303.8,12
6,12,1.2044,22.01,0.5536,11450,293.8,12
6,12,1.2044,22.01,0.5536,11450,293.8,12
6,12,1.2044,22.01,0.5536,11700,370.5,12
6,12,1.2044,22.01,0.5536,11700,370.5,12
6,12,1.2044,22.01,0.5585,11080,353.3,12
6,12,1.2044,22.01,0.5585,11080,353.3,12
6,12,1.2044,22.01,0.5585,11280,289.9,12
6,12,1.2044,22.01,0.5585,11280,289.9,12
6,12,1.2044,22.01,0.5634,11150,357.3,12
6,12,1.2044,22.01,0.5634,11150,357.3,12
6,12,1.2044,22.01,0.5634,11390,293.5,12
6,12,1.2044,22.01,0.5634,11390,293.5,12
6,12,1.2044,22.01,0.5682,11030,285.2,12
6,12,1.2044,22.01,0.5682,11030,285.2,12
6,12,1.2044,22.01,0.5682,11220,360.8,12
6,12,1.2044,22.01,0.5682,11220,360.8,12
6,12,1.2044,22.01,0.5731,10840,350.6,12
6,12,1.2044,22.01,0.5731,10840,350.6,12
6,12,1.2044,22.01,0.5731,10910,282.5,12
6,12,1.2044,22.01,0.5731,10910,282.5,12
6,12,1.2044,22.01,0.578,10280,352.5,12
6,12,1.2044,22.01,0.578,10280,352.5,12
6,12,1.2044,22.01,0.578,10490,279,12
6,12,1.2044,22.01,0.578,10490,279,12
6,12,1.2044,22.01,0.5877,11140,280.6,12
6,12,1.2044,22.01,0.5926,10820,272.1,12
6,12,1.2044,22.01,0.5926,10820,272.1,12
6,12,1.2044,22.01,0.5975,10510,265,12
6,12,1.2044,22.01,0.5975,10510,265,12
6,12,1.2044,22.01,0.6024,10270,258.8,12
6,12,1.2044,22.01,0.6024,10270,258.8,12
6,12,1.2044,22.01,0.6072,10110,255.3,12
6,12,1.2044,22.01,0.6072,10110,255.3,12
6,12,1.2044,22.01,0.6121,10080,254.8,12
6,12,1.2044,22.01,0.6121,10080,254.8,12
6,12,1.2044,22.01,0.617,9816,248.3,12
6,12,1.2044,22.01,0.617,9816,248.3,12
6,12,1.2044,22.01,0.6218,9480,240.1,12
6,12,1.2044,22.01,0.6218,9480,240.1,12
6,12,1.2044,22.01,0.6267,9548,242.1,12
6,12,1.2044,22.01,0.6267,9548,242.1,12
6,12,1.2044,22.01,0.6316,9134,231.8,12
6,12,1.2044,22.01,0.6316,9134,231.8,12
6,12,1.2044,22.01,0.6365,9277,235.6,12
6,12,1.2044,22.01,0.6365,9277,235.6,12
6,12,1.2044,22.01,0.6413,9421,239.3,12
6,12,1.2044,22.01,0.6413,9421,239.3,12
6,12,1.2044,22.01,0.6462,9330,237.3,12
6,12,1.2044,22.01,0.6462,9330,237.3,12
6,12,1.2044,22.01,0.6511,9199,234.3,12
6,12,1.2044,22.01,0.6511,9199,234.3,12
6,12,1.2044,22.01,0.656,8971,228.6,12
6,12,1.2044,22.01,0.656,8971,228.6,12
6,12,1.2044,22.01,0.6608,9022,229.7,12
6,12,1.2044,22.01,0.6608,9022,229.7,12
6,12,1.2044,22.01,0.6657,8938,228.1,12
6,12,1.2044,22.01,0.6657,8938,228.1,12
6,12,1.2044,22.01,0.6706,9066,231.4,12
6,12,1.2044,22.01,0.6706,9066,231.4,12
6,12,1.2044,22.01,0.6754,8625,221.4,12
6,12,1.2044,22.01,0.6754,8625,221.4,12
6,12,1.2044,22.01,0.6901,8716,215.6,12
6,12,1.2044,22.01,0.6949,8623,213.2,12
6,12,1.2044,22.01,0.6949,8623,213.2,12
6,12,1.2044,22.01,0.6998,8391,207.4,12
6,12,1.2044,22.01,0.6998,8391,207.4,12
6,12,1.2044,22.01,0.7047,8361,206.8,12
6,12,1.2044,22.01,0.7047,8361,206.8,12
6,12,1.2044,22.01,0.7096,8249,204,12
6,12,1.2044,22.01,0.7096,8249,204,12
6,12,1.2044,22.01,0.7144,8275,204.6,12
6,12,1.2044,22.01,0.7144,8275,204.6,12
6,12,1.2044,22.01,0.7193,7862,194.5,12
6,12,1.2044,22.01,0.7193,7862,194.5,12
6,12,1.2044,22.01,0.7242,7812,193.4,12
6,12,1.2044,22.01,0.7242,7812,193.4,12
6,12,1.2044,22.01,0.729,7830,193.9,12
6,12,1.2044,22.01,0.729,7830,193.9,12
6,12,1.2044,22.01,0.7339,7947,196.6,12
6,12,1.2044,22.01,0.7339,7947,196.6,12
6,12,1.2044,22.01,0.7388,8101,200.5,12
6,12,1.2044,22.01,0.7388,8101,200.5,12
6,12,1.2044,22.01,0.7437,8013,198.1,12
6,12,1.2044,22.01,0.7437,8013,198.1,12
6,12,1.2044,22.01,0.7485,7927,196.1,12
6,12,1.2044,22.01,0.7485,7927,196.1,12
6,12,1.2044,22.01,0.7534,7926,196.1,12
6,12,1.2044,22.01,0.7534,7926,196.1,12
6,12,1.2044,22.01,0.7583,7994,197.9,12
6,12,1.2044,22.01,0.7583,7994,197.9,12
6,12,1.2044,22.01,0.6901,8716,215.6,12
6,12,1.2044,28.001,0.4731,8448,90.64,12
6,12,1.2044,28.001,0.4799,8342,89.02,12
6,12,1.2044,28.001,0.4867,8200,87.02,12
6,12,1.2044,28.001,0.4935,8164,88.24,12
6,12,1.2044,28.001,0.5003,7896,84.13,12
6,12,1.2044,28.001,0.5071,7739,82.56,12
6,12,1.2044,28.001,0.5139,7412,77.9,12
6,12,1.2044,28.001,0.5207,7021,72.77,12
6,12,1.2044,28.001,0.5275,7264,79.87,12
6,12,1.2044,28.001,0.5343,7022,77.49,12
6,12,1.2044,28.001,0.5411,6955,79.22,12
6,12,1.2044,28.001,0.5479,6564,73.14,12
6,12,1.2044,28.001,0.5547,6402,72.82,12
6,12,1.2044,28.001,0.5615,6234,71.17,12
6,12,1.2044,28.001,0.5683,6179,73.45,12
6,12,1.2044,28.001,0.5751,6132,74.82,12
6,12,1.2044,28.001,0.6886,4613,50.75,12
6,12,1.2044,28.001,0.6934,4528,49.37,12
6,12,1.2044,28.001,0.6982,4412,46.78,12
6,12,1.2044,28.001,0.703,4477,48.71,12
6,12,1.2044,28.001,0.7078,4418,47.44,12
6,12,1.2044,28.001,0.7126,4405,47.5,12
6,12,1.2044,28.001,0.7174,4336,46.18,12
6,12,1.2044,28.001,0.7222,4330,46.6,12
6,12,1.2044,28.001,0.727,4417,48.62,12
6,12,1.2044,28.001,0.7318,4362,47.87,12
6,12,1.2044,28.001,0.7366,4396,48.91,12
6,12,1.2044,28.001,0.7414,4168,44.36,12
6,12,1.2044,28.001,0.7462,4272,47.02,12
6,12,1.2044,28.001,0.751,4215,45.98,12
6,12,1.2044,28.001,0.7558,4341,49.02,12
6,12,1.2044,28.001,0.7606,4246,47.26,12
6,12,1.2044,28.011,0.5899,5667,61.5,12
6,12,1.2044,28.011,0.5956,5606,61.84,12
6,12,1.2044,28.011,0.6014,5446,59.83,12
6,12,1.2044,28.011,0.6071,5412,60.85,12
6,12,1.2044,28.011,0.6128,5263,58.67,12
6,12,1.2044,28.011,0.6185,5113,57.52,12
6,12,1.2044,28.011,0.6242,4972,55.79,12
6,12,1.2044,28.011,0.6299,4830,54.17,12
6,12,1.2044,28.011,0.6357,4952,57.91,12
6,12,1.2044,28.011,0.6414,4894,58.2,12
6,12,1.2044,28.011,0.6471,4797,57.4,12
6,12,1.2044,28.011,0.6528,4632,54.73,12
6,12,1.2044,28.011,0.6585,4690,57.29,12
6,12,1.2044,28.011,0.6642,4554,54.64,12
6,12,1.2044,28.011,0.67,4604,56.83,12
6,12,1.2044,28.011,0.6757,4600,57.69,12
6,12,1.2044,45.011,0.4731,816.6,10.73,12
6,12,1.2044,45.011,0.4731,817.3,13.64,12
6,12,1.2044,45.011,0.4799,849.6,14.31,12
6,12,1.2044,45.011,0.4799,856.2,11.48,12
6,12,1.2044,45.011,0.4867,825.6,10.14,12
6,12,1.2044,45.011,0.4867,851.4,13.54,12
6,12,1.2044,45.011,0.4935,850,13.06,12
6,12,1.2044,45.011,0.4935,878.5,10.97,12
6,12,1.2044,45.011,0.5003,871.8,10.36,12
6,12,1.2044,45.011,0.5003,871.8,13.05,12
6,12,1.2044,45.011,0.5071,896.7,13.1,12
6,12,1.2044,45.011,0.5071,899.7,10.49,12
6,12,1.2044,45.011,0.5139,898,9.981,12
6,12,1.2044,45.011,0.5139,908.3,12.79,12
6,12,1.2044,45.011,0.5207,906.3,12.32,12
6,12,1.2044,45.011,0.5207,913,9.938,12
6,12,1.2044,45.011,0.5275,957.6,12.99,12
6,12,1.2044,45.011,0.5275,969.1,10.62,12
6,12,1.2044,45.011,0.5343,976.6,12.95,12
6,12,1.2044,45.011,0.5343,981.8,10.48,12
6,12,1.2044,45.011,0.5411,1000,10.51,12
6,12,1.2044,45.011,0.5411,1006,13.2,12
6,12,1.2044,45.011,0.5479,1001,10.19,12
6,12,1.2044,45.011,0.5479,990.9,12.47,12
6,12,1.2044,45.011,0.5547,1012,10.09,12
6,12,1.2044,45.011,0.5547,1023,12.8,12
6,12,1.2044,45.011,0.5615,1001,11.84,12
6,12,1.2044,45.011,0.5615,1019,9.832,12
6,12,1.2044,45.011,0.5683,1063,10.48,12
6,12,1.2044,45.011,0.5683,1074,13.18,12
6,12,1.2044,45.011,0.5751,1072,10.37,12
6,12,1.2044,45.011,0.5751,1083,13,12
6,12,1.2044,45.011,0.5899,1069,12.37,12
6,12,1.2044,45.011,0.5956,1088,12.73,12
6,12,1.2044,45.011,0.6014,1100,12.81,12
6,12,1.2044,45.011,0.6071,1105,12.81,12
6,12,1.2044,45.011,0.6128,1094,12.51,12
6,12,1.2044,45.011,0.6185,1103,12.75,12
6,12,1.2044,45.011,0.6242,1094,12.57,12
6,12,1.2044,45.011,0.6299,1051,11.76,12
6,12,1.2044,45.011,0.6357,1091,12.65,12
6,12,1.2044,45.011,0.6414,1091,12.75,12
6,12,1.2044,45.011,0.6471,1076,12.54,12
6,12,1.2044,45.011,0.6528,1010,11.3,12
6,12,1.2044,45.011,0.6585,1041,12.14,12
6,12,1.2044,45.011,0.6642,1019,11.73,12
6,12,1.2044,45.011,0.67,1039,12.33,12
6,12,1.2044,45.011,0.6757,1022,12.13,12
6,12,1.2044,55.001,0.5899,358.7,4.74,12
6,12,1.2044,55.001,0.5956,363.9,4.712,12
6,12,1.2044,55.001,0.6014,366.8,4.567,12
6,12,1.2044,55.001,0.6071,376,4.602,12
6,12,1.2044,55.001,0.6128,384,4.607,12
6,12,1.2044,55.001,0.6185,392.3,4.652,12
6,12,1.2044,55.001,0.6242,395.8,4.586,12
6,12,1.2044,55.001,0.6299,400,4.561,12
6,12,1.2044,55.001,0.6357,425,4.966,12
6,12,1.2044,55.001,0.6414,427.2,4.859,12
6,12,1.2044,55.001,0.6471,444.5,5.155,12
6,12,1.2044,55.001,0.6528,432.4,4.796,12
6,12,1.2044,55.001,0.6585,442,4.908,12
6,12,1.2044,55.001,0.6642,439.3,4.763,12
6,12,1.2044,55.001,0.67,449.2,4.874,12
6,12,1.2044,55.001,0.6757,461,5.061,12
6,12,1.2044,55.011,0.4731,307.2,3.362,12
6,12,1.2044,55.011,0.4799,311.7,3.51,12
6,12,1.2044,55.011,0.4867,310.1,3.459,12
6,12,1.2044,55.011,0.4935,310.2,3.477,12
6,12,1.2044,55.011,0.5003,312.1,3.53,12
6,12,1.2044,55.011,0.5071,308.6,3.439,12
6,12,1.2044,55.011,0.5139,306.8,3.363,12
6,12,1.2044,55.011,0.5207,299.7,3.226,12
6,12,1.2044,55.011,0.5275,311.5,3.388,12
6,12,1.2044,55.011,0.5343,311.8,3.324,12
6,12,1.2044,55.011,0.5411,318.5,3.394,12
6,12,1.2044,55.011,0.5479,313.7,3.189,12
6,12,1.2044,55.011,0.5547,314.6,3.1,12
6,12,1.2044,55.011,0.5615,321.9,3.097,12
6,12,1.2044,55.011,0.5683,340.8,3.342,12
6,12,1.2044,55.011,0.5751,341.9,3.202,12
6,12,1.2044,70.0109,0.4731,24.47,0.3669,12
6,12,1.2044,70.0109,0.4799,28.6,0.4145,12
6,12,1.2044,70.0109,0.4867,32.1,0.4292,12
6,12,1.2044,70.0109,0.4935,37.78,0.5008,12
6,12,1.2044,70.0109,0.5003,41.42,0.5147,12
6,12,1.2044,70.0109,0.5071,45.53,0.5384,12
6,12,1.2044,70.0109,0.5139,50.22,0.5721,12
6,12,1.2044,70.0109,0.5207,53.64,0.5892,12
6,12,1.2044,70.0109,0.5275,60,0.6617,12
6,12,1.2044,70.0109,0.5343,63.98,0.6907,12
6,12,1.2044,70.0109,0.5411,69.7,0.766,12
6,12,1.2044,70.0109,0.5479,70.34,0.7425,12
6,12,1.2044,70.0109,0.5547,74.91,0.8052,12
6,12,1.2044,70.0109,0.5615,79.23,0.8691,12
6,12,1.2044,70.0109,0.5683,81.2,0.883,12
6,12,1.2044,70.0109,0.5751,86.7,0.9841,12
6,12,1.2044,70.0212,0.5899,84.57,1.078,12
6,12,1.2044,70.0212,0.5956,90.61,1.219,12
6,12,1.2044,70.0212,0.6014,90.18,1.183,12
6,12,1.2044,70.0212,0.6071,91.29,1.198,12
6,12,1.2044,70.0212,0.6128,94.68,1.253,12
6,12,1.2044,70.0212,0.6185,93.39,1.193,12
6,12,1.2044,70.0212,0.6242,96.33,1.244,12
6,12,1.2044,70.0212,0.6299,94.27,1.176,12
6,12,1.2044,70.0212,0.6357,100.9,1.292,12
6,12,1.2044,70.0212,0.6414,102.2,1.291,12
6,12,1.2044,70.0212,0.6471,105.6,1.34,12
6,12,1.2044,70.0212,0.6528,103.1,1.237,12
6,12,1.2044,70.0212,0.6585,104.3,1.231,12
6,12,1.2044,70.0212,0.6642,110.4,1.31,12
6,12,1.2044,70.0212,0.67,115.4,1.367,12
6,12,1.2044,70.0212,0.6757,115,1.3,12
6,12,2.095,44.9728,1.5981,230.2,2.345,13
6,12,2.095,44.9728,1.6109,235,2.348,13
6,12,2.095,44.9728,1.6238,236.8,2.37,13
6,12,2.095,44.9728,1.6367,238.1,2.387,13
6,12,2.095,44.9728,1.6496,239.1,2.399,13
6,12,2.095,44.9728,1.6625,241.6,2.576,13
6,12,2.095,44.9828,1.3403,165.3,1.54,13
6,12,2.095,44.9828,1.3532,170.9,1.577,13
6,12,2.095,44.9828,1.3661,173.4,1.598,13
6,12,2.095,44.9828,1.379,177.4,1.633,13
6,12,2.095,44.9828,1.3919,181.6,1.669,13
6,12,2.095,44.9828,1.4048,184.7,1.695,13
6,12,2.095,44.9828,1.4177,188,1.724,13
6,12,2.095,44.9828,1.4305,192.1,1.772,13
6,12,2.095,44.9828,1.4434,199.8,2.251,13
6,12,2.095,44.9828,1.4563,203.7,2.284,13
6,12,2.095,44.9828,1.4692,204.7,2.295,13
6,12,2.095,44.9828,1.4821,208.1,2.329,13
6,12,2.095,44.9828,1.495,205.9,2.305,13
6,12,2.095,44.9828,1.5079,212.4,2.365,13
6,12,2.095,44.9828,1.5208,212.8,2.47,13
6,12,2.095,44.9828,1.5208,213.5,2.373,13
6,12,2.095,44.9828,1.5337,220.9,2.34,13
6,12,2.095,44.9828,1.5337,225,3.774,13
6,12,2.095,44.9828,1.5466,220.8,2.34,13
6,12,2.095,44.9828,1.5595,223.3,2.37,13
6,12,2.095,44.9828,1.5724,225.9,2.394,13
6,12,2.095,44.9828,1.5852,228,2.415,13
6,12,2.095,44.9828,1.5981,227.8,2.629,13
6,12,2.095,59.9628,1.0818,5.717,0.1306,13
6,12,2.095,59.9628,1.0918,6.295,0.1247,13
6,12,2.095,59.9628,1.1019,6.783,0.1253,13
6,12,2.095,59.9628,1.112,7.357,0.1317,13
6,12,2.095,59.9628,1.1221,8.111,0.1393,13
6,12,2.095,59.9628,1.1322,8.725,0.1455,13
6,12,2.095,59.9628,1.1422,9.221,0.1512,13
6,12,2.095,59.9628,1.1523,9.616,0.1552,13
6,12,2.095,59.9628,1.1624,10.31,0.1623,13
6,12,2.095,59.9628,1.1725,11.02,0.1694,13
6,12,2.095,59.9628,1.1825,11.27,0.1716,13
6,12,2.095,59.9628,1.1926,11.97,0.1783,13
6,12,2.095,59.9628,1.2027,12.85,0.1877,13
6,12,2.095,59.9628,1.2128,13.42,0.1936,13
6,12,2.095,59.9628,1.2229,14.77,0.2191,13
6,12,2.095,59.9628,1.2329,15.33,0.2562,13
6,12,2.095,59.9828,1.334,24.22,0.3174,13
6,12,2.095,59.9828,1.344,26.34,0.3221,13
6,12,2.095,59.9828,1.3541,27.64,0.335,13
6,12,2.095,59.9828,1.3642,29.18,0.3494,13
6,12,2.095,59.9828,1.3742,30.23,0.3598,13
6,12,2.095,59.9828,1.3843,31.57,0.3731,13
6,12,2.095,59.9828,1.3944,33.17,0.3889,13
6,12,2.095,59.9828,1.4045,34.54,0.4014,13
6,12,2.095,59.9828,1.4145,35.71,0.4122,13
6,12,2.095,59.9828,1.4246,37,0.4253,13
6,12,2.095,59.9828,1.4347,38.52,0.5034,13
6,12,2.095,59.9828,1.4347,38.95,0.4583,13
6,12,2.095,59.9828,1.4448,41,0.5099,13
6,12,2.095,59.9828,1.4548,42.39,0.5229,13
6,12,2.095,59.9828,1.4649,43.7,0.5361,13
6,12,2.095,59.9828,1.475,46.25,0.5614,13
6,12,2.095,59.9828,1.4851,46.91,0.5684,13
6,12,2.095,59.9828,1.4951,49.26,0.5907,13
6,12,2.095,59.9828,1.5052,50.46,0.6025,13
6,12,2.095,59.9828,1.5153,53.23,0.6305,13
6,12,2.095,59.9828,1.5254,54.98,0.6686,13
6,12,2.095,59.9828,1.5254,55.6,0.7234,13
6,12,2.095,59.9828,1.5354,57.42,0.6912,13
6,12,2.095,59.9828,1.5455,58.54,0.7025,13
6,12,2.095,59.9828,1.5556,60.19,0.7198,13
6,12,2.095,59.9828,1.5657,62.13,0.7397,13
6,12,2.095,59.9828,1.5757,63.86,0.7561,13
6,12,2.095,59.9828,1.5858,64.83,0.767,13
6,12,2.095,59.9828,1.5959,66.89,0.8414,13
6,12,2.095,59.9828,1.5959,67.25,0.822,13
6,12,2.095,59.9828,1.606,69.9,0.8463,13
6,12,2.095,59.9828,1.616,71.72,0.8656,13
6,12,2.095,59.9828,1.6261,72.61,0.8765,13
6,12,2.095,59.9828,1.6362,74.36,0.8958,13
6,12,2.095,59.9828,1.6463,75.49,0.9084,13
6,12,2.095,59.9828,1.6563,77,0.9268,13
6,12,2.095,74.9728,1.2152,0.6444,0.02067,13
6,12,2.095,74.9728,1.2232,0.7604,0.02071,13
6,12,2.095,74.9728,1.2312,0.8438,0.02147,13
6,12,2.095,74.9728,1.2393,0.9728,0.02352,13
6,12,2.095,74.9728,1.2473,1.092,0.02504,13
6,12,2.095,74.9728,1.2553,1.243,0.02666,13
6,12,2.095,74.9728,1.2634,1.435,0.0292,13
6,12,2.095,74.9728,1.2714,1.548,0.03044,13
6,12,2.095,74.9728,1.2794,1.722,0.03245,13
6,12,2.095,74.9728,1.2875,1.895,0.03436,13
6,12,2.095,74.9728,1.2955,2.073,0.03622,13
6,12,2.095,74.9728,1.3035,2.22,0.03753,13
6,12,2.095,74.9728,1.3116,2.365,0.03896,13
6,12,2.095,74.9728,1.3196,2.623,0.04176,13
6,12,2.095,74.9728,1.3276,2.799,0.04357,13
6,12,2.095,74.9728,1.3356,3.035,0.04769,13
6,12,2.095,74.9828,1.4321,6.223,0.1042,13
6,12,2.095,74.9828,1.4402,6.69,0.1036,13
6,12,2.095,74.9828,1.4482,6.974,0.1064,13
6,12,2.095,74.9828,1.4562,7.423,0.1111,13
6,12,2.095,74.9828,1.4642,7.972,0.1169,13
6,12,2.095,74.9828,1.4723,8.547,0.1231,13
6,12,2.095,74.9828,1.4803,8.901,0.127,13
6,12,2.095,74.9828,1.4883,9.379,0.1319,13
6,12,2.095,74.9828,1.4964,9.977,0.1377,13
6,12,2.095,74.9828,1.5044,10.61,0.1443,13
6,12,2.095,74.9828,1.5124,11.16,0.1502,13
6,12,2.095,74.9828,1.5205,11.71,0.1606,13
6,12,2.095,74.9828,1.5285,12.46,0.1934,13
6,12,2.095,74.9828,1.665,26.19,0.3694,13
6,12,2.095,74.9928,1.3359,2.914,0.05316,13
6,12,2.095,74.9928,1.3439,3.163,0.05267,13
6,12,2.095,74.9928,1.3519,3.441,0.05566,13
6,12,2.095,74.9928,1.3599,3.638,0.05761,13
6,12,2.095,74.9928,1.368,3.937,0.06078,13
6,12,2.095,74.9928,1.376,4.078,0.06236,13
6,12,2.095,74.9928,1.384,4.385,0.0656,13
6,12,2.095,74.9928,1.3921,4.686,0.0687,13
6,12,2.095,74.9928,1.4001,4.966,0.07149,13
6,12,2.095,74.9928,1.4081,5.231,0.07409,13
6,12,2.095,74.9928,1.4162,5.513,0.07698,13
6,12,2.095,74.9928,1.4242,5.933,0.08139,13
6,12,2.095,74.9928,1.4322,6.51,0.08753,13
6,12,2.095,74.9928,1.4402,6.678,0.1055,13
6,12,2.095,74.9928,1.5205,11.8,0.1618,13
6,12,2.095,74.9928,1.5286,12.45,0.1641,13
6,12,2.095,74.9928,1.5366,13.12,0.1705,13
6,12,2.095,74.9928,1.5446,14.05,0.1802,13
6,12,2.095,74.9928,1.5527,14.34,0.1836,13
6,12,2.095,74.9928,1.5607,15.19,0.1921,13
6,12,2.095,74.9928,1.5687,16.18,0.202,13
6,12,2.095,74.9928,1.5767,16.78,0.2078,13
6,12,2.095,74.9928,1.5848,17.54,0.2157,13
6,12,2.095,74.9928,1.5928,18.44,0.2251,13
6,12,2.095,74.9928,1.6008,19.32,0.2605,13
6,12,3.116,14.9728,1.6517,3918,48.32,13
6,12,3.116,14.9728,1.6708,3835,47.12,13
6,12,3.116,14.9728,1.69,3780,46.52,13
6,12,3.116,14.9728,1.7092,3806,46.77,13
6,12,3.116,14.9728,1.7283,3718,45.93,13
6,12,3.116,14.9728,1.7475,3635,45.09,13
6,12,3.116,14.9728,1.7666,3553,44.27,13
6,12,3.116,14.9728,1.7858,3557,44.21,13
6,12,3.116,14.9728,1.8049,3495,43.54,13
6,12,3.116,14.9728,1.8241,3469,43.29,13
6,12,3.116,14.9728,1.8433,3405,43.23,13
6,12,3.116,14.9728,1.8624,3429,49.17,13
6,12,3.116,14.9828,1.8434,3358,36.75,13
6,12,3.116,14.9828,1.8626,3382,36.33,13
6,12,3.116,14.9828,1.8817,3329,35.82,13
6,12,3.116,14.9828,1.9009,3302,35.57,13
6,12,3.116,14.9828,1.92,3267,35.26,13
6,12,3.116,14.9828,1.9392,3222,34.84,13
6,12,3.116,14.9828,1.9583,3168,34.29,13
6,12,3.116,14.9828,1.9775,3138,34.01,13
6,12,3.116,14.9828,1.9966,3139,34.08,13
6,12,3.116,14.9828,2.0158,3132,34.42,13
6,12,3.116,14.9828,2.035,3076,37.18,13
6,12,3.116,24.9728,1.6449,600.8,6.38,13
6,12,3.116,24.9728,1.6612,600.8,6.242,13
6,12,3.116,24.9728,1.6774,610.1,6.225,13
6,12,3.116,24.9728,1.6937,606.9,6.192,13
6,12,3.116,24.9728,1.71,611.2,6.23,13
6,12,3.116,24.9728,1.7262,613.1,6.251,13
6,12,3.116,24.9728,1.7425,608.3,6.205,13
6,12,3.116,24.9728,1.7588,614.8,6.266,13
6,12,3.116,24.9728,1.775,611.3,6.232,13
6,12,3.116,24.9728,1.7913,605.9,6.179,13
6,12,3.116,24.9728,1.8076,614.2,6.255,13
6,12,3.116,24.9728,1.8238,619.6,6.307,13
6,12,3.116,24.9728,1.8401,624.6,6.466,13
6,12,3.116,24.9728,1.8564,623.6,6.765,13
6,12,3.116,24.9828,1.4338,539,5.95,13
6,12,3.116,24.9828,1.45,544,5.919,13
6,12,3.116,24.9828,1.4663,558.1,5.925,13
6,12,3.116,24.9828,1.4826,566.1,5.994,13
6,12,3.116,24.9828,1.4988,572.5,6.048,13
6,12,3.116,24.9828,1.5151,572.6,6.045,13
6,12,3.116,24.9828,1.5314,578,6.095,13
6,12,3.116,24.9828,1.5476,585.9,6.165,13
6,12,3.116,24.9828,1.5639,593.1,6.227,13
6,12,3.116,24.9828,1.5801,588.6,6.177,13
6,12,3.116,24.9828,1.5964,594.6,6.229,13
6,12,3.116,24.9828,1.6127,595.3,6.228,13
6,12,3.116,24.9828,1.6289,600.7,6.277,13
6,12,3.116,24.9828,1.6452,606.3,6.455,13
6,12,3.116,24.9828,1.6615,609.7,6.622,13
6,12,3.116,24.9828,1.8566,619.4,6.934,13
6,12,3.116,24.9828,1.8729,619.3,6.904,13
6,12,3.116,24.9828,1.8891,621.1,6.922,13
6,12,3.116,24.9828,1.9054,618.6,6.901,13
6,12,3.116,24.9828,1.9217,622.2,6.941,13
6,12,3.116,24.9828,1.9379,623.8,6.96,13
6,12,3.116,24.9828,1.9542,617.1,6.891,13
6,12,3.116,24.9828,1.9704,616.3,6.88,13
6,12,3.116,24.9828,1.9867,617.4,6.893,13
6,12,3.116,24.9828,2.003,626.2,7.12,13
6,12,3.116,24.9828,2.0192,613.8,6.691,13
6,12,3.116,24.9828,2.0192,628.7,7.393,13
6,12,3.116,24.9828,2.0355,616.8,6.653,13
6,12,3.116,24.9828,2.0518,610.9,6.596,13
6,12,3.116,24.9828,2.068,612.2,6.615,13
6,12,3.116,24.9828,2.0843,615,6.646,13
6,12,3.116,24.9828,2.1005,613.7,6.638,13
6,12,3.116,24.9828,2.1168,613.9,6.641,13
6,12,3.116,24.9828,2.1331,610.5,6.61,13
6,12,3.116,24.9828,2.1493,614.5,6.739,13
6,12,3.116,24.9828,2.1656,618.9,7.025,13
6,12,3.116,34.9828,1.6447,78.27,1.028,13
6,12,3.116,34.9828,1.658,82.59,1.016,13
6,12,3.116,34.9828,1.6713,85.55,1.001,13
6,12,3.116,34.9828,1.6846,87.78,1.012,13
6,12,3.116,34.9828,1.698,90.09,1.031,13
6,12,3.116,34.9828,1.7113,93.34,1.062,13
6,12,3.116,34.9828,1.7246,95.36,1.081,13
6,12,3.116,34.9828,1.7379,98.45,1.107,13
6,12,3.116,34.9828,1.7513,101.2,1.132,13
6,12,3.116,34.9828,1.7646,104.6,1.164,13
6,12,3.116,34.9828,1.7779,105.4,1.168,13
6,12,3.116,34.9828,1.7912,109.2,1.202,13
6,12,3.116,34.9828,1.8045,110.1,1.207,13
6,12,3.116,34.9828,1.8179,114,1.244,13
6,12,3.116,34.9828,1.8312,116.4,1.285,13
6,12,3.116,34.9828,1.8445,116.8,1.434,13
6,12,3.116,34.9828,1.8445,121.5,1.385,13
6,12,3.116,34.9828,1.8578,120.1,1.425,13
6,12,3.116,34.9828,1.8578,122.2,1.452,13
6,12,3.116,34.9828,1.8712,123.4,1.434,13
6,12,3.116,34.9828,1.8845,125.5,1.454,13
6,12,3.116,34.9828,1.8978,126.9,1.467,13
6,12,3.116,34.9828,1.9111,129.4,1.492,13
6,12,3.116,34.9828,1.9244,132.4,1.522,13
6,12,3.116,34.9828,1.9378,134.5,1.541,13
6,12,3.116,34.9828,1.9511,135.4,1.549,13
6,12,3.116,34.9828,1.9644,136.2,1.555,13
6,12,3.116,34.9828,1.9777,138.6,1.577,13
6,12,3.116,34.9828,1.9911,143.1,1.62,13
6,12,3.116,34.9828,2.0044,146.4,1.697,13
6,12,3.116,34.9828,2.0177,145.9,1.779,13
6,12,3.116,34.9828,2.0177,147.6,1.788,13
6,12,3.116,34.9828,2.031,146.9,1.74,13
6,12,3.116,34.9828,2.0443,150.3,1.774,13
6,12,3.116,34.9828,2.0577,150.2,1.772,13
6,12,3.116,34.9828,2.071,152,1.792,13
6,12,3.116,34.9828,2.0843,155,1.822,13
6,12,3.116,34.9828,2.0976,156.3,1.835,13
6,12,3.116,34.9828,2.111,157.5,1.846,13
6,12,3.116,34.9828,2.1243,160.5,1.875,13
6,12,3.116,34.9828,2.1376,163.1,1.901,13
6,12,3.116,34.9828,2.1509,161.2,1.99,13
6,12,3.116,34.9828,2.1509,164.7,1.997,13
6,12,3.116,34.9828,2.1642,163.1,1.922,13
6,12,3.116,34.9828,2.1642,167.2,2.147,13
6,12,3.116,34.9828,2.1776,165.7,1.919,13
6,12,3.116,34.9828,2.1909,169.9,1.963,13
6,12,3.116,34.9828,2.2042,170.6,1.97,13
6,12,3.116,34.9828,2.2175,172.4,1.99,13
6,12,3.116,34.9828,2.2309,173.7,2.003,13
6,12,3.116,34.9828,2.2442,172.8,1.994,13
6,12,3.116,34.9828,2.2575,177.9,2.044,13
6,12,3.116,34.9828,2.2708,180.1,2.151,13
6,12,3.116,34.9828,2.2841,179,2.236,13
6,12,3.116,34.9828,2.2841,182.6,2.255,13
6,12,3.116,34.9828,2.2975,181.6,2.18,13
6,12,3.116,34.9828,2.3108,185.5,2.222,13
6,12,3.116,34.9828,2.3241,186.6,2.235,13
6,12,3.116,34.9828,2.3374,186.8,2.239,13
6,12,3.116,34.9828,2.3508,187.3,2.245,13
6,12,3.116,34.9828,2.3641,189.3,2.267,13
6,12,3.116,34.9828,2.3774,193.2,2.308,13
6,12,3.116,34.9828,2.3907,197.2,2.483,13
6,12,3.116,44.9828,1.425,1.371,0.06186,13
6,12,3.116,44.9828,1.4358,1.491,0.05864,13
6,12,3.116,44.9828,1.4466,1.612,0.0579,13
6,12,3.116,44.9828,1.4574,1.825,0.05838,13
6,12,3.116,44.9828,1.4682,2.074,0.06129,13
6,12,3.116,44.9828,1.479,2.206,0.06292,13
6,12,3.116,44.9828,1.4898,2.414,0.06594,13
6,12,3.116,44.9828,1.5006,2.689,0.06982,13
6,12,3.116,44.9828,1.5115,2.787,0.07134,13
6,12,3.116,44.9828,1.5223,2.943,0.0728,13
6,12,3.116,44.9828,1.5331,3.274,0.07812,13
6,12,3.116,44.9828,1.5439,3.53,0.08149,13
6,12,3.116,44.9828,1.5547,3.866,0.08552,13
6,12,3.116,44.9828,1.5655,3.845,0.08481,13
6,12,3.116,44.9828,1.5763,4.236,0.08967,13
6,12,3.116,44.9828,1.5871,4.364,0.09166,13
6,12,3.116,44.9828,1.5979,4.921,0.09876,13
6,12,3.116,44.9828,1.6087,5.24,0.1019,13
6,12,3.116,44.9828,1.6195,5.411,0.1037,13
6,12,3.116,44.9828,1.6304,5.831,0.109,13
6,12,3.116,44.9828,1.6412,6.019,0.1189,13
6,12,3.116,44.9828,1.652,6.176,0.124,13
6,12,3.116,44.9828,1.652,6.42,0.1275,13
6,12,3.116,44.9828,1.6628,6.501,0.119,13
6,12,3.116,44.9828,1.6628,6.895,0.1434,13
6,12,3.116,44.9828,1.6736,7.132,0.1206,13
6,12,3.116,44.9828,1.6736,7.275,0.1641,13
6,12,3.116,44.9828,1.6844,7.553,0.1235,13
6,12,3.116,44.9828,1.6952,7.825,0.1263,13
6,12,3.116,44.9828,1.706,8.2,0.1312,13
6,12,3.116,44.9828,1.7168,8.833,0.1375,13
6,12,3.116,44.9828,1.7276,9.144,0.1412,13
6,12,3.116,44.9828,1.7385,9.769,0.1478,13
6,12,3.116,44.9828,1.7493,10.16,0.152,13
6,12,3.116,44.9828,1.7601,10.83,0.1594,13
6,12,3.116,44.9828,1.7709,11.52,0.1667,13
6,12,3.116,44.9828,1.7817,11.98,0.1711,13
6,12,3.116,44.9828,1.7925,12.53,0.1767,13
6,12,3.116,44.9828,1.8033,13.29,0.1839,13
6,12,3.116,44.9828,1.8141,13.87,0.1901,13
6,12,3.116,44.9828,1.8249,14.59,0.2029,13
6,12,3.116,44.9828,1.8357,14.94,0.2789,13
6,12,3.116,44.9828,1.8357,15.39,0.2139,13
6,12,3.116,44.9828,1.8465,15.96,0.2704,13
6,12,3.116,44.9828,1.8465,16.67,0.2374,13
6,12,3.116,44.9828,1.8574,16.86,0.2672,13
6,12,3.116,44.9828,1.8574,17.02,0.2566,13
6,12,3.116,44.9828,1.8682,17.27,0.2644,13
6,12,3.116,44.9828,1.879,18.35,0.2759,13
6,12,3.116,44.9828,1.8898,19.23,0.2844,13
6,12,3.116,44.9828,1.9006,19.71,0.2895,13
6,12,3.116,44.9828,1.9114,20.96,0.303,13
6,12,3.116,44.9828,1.9222,22.16,0.316,13
6,12,3.116,44.9828,1.933,22.69,0.3219,13
6,12,3.116,44.9828,1.9438,23.5,0.3292,13
6,12,3.116,44.9828,1.9546,23.97,0.3335,13
6,12,3.116,44.9828,1.9654,25.42,0.3483,13
6,12,3.116,44.9828,1.9763,26.22,0.356,13
6,12,3.116,44.9828,1.9871,27.35,0.3679,13
6,12,3.116,44.9828,1.9979,28.57,0.4038,13
6,12,3.116,44.9828,2.0087,29.61,0.4616,13
6,12,3.116,44.9828,2.0087,29.77,0.4169,13
6,12,3.116,44.9828,2.0195,29.46,0.4234,13
6,12,3.116,44.9828,2.0195,30.94,0.4669,13
6,12,3.116,44.9828,2.0303,31.03,0.4312,13
6,12,3.116,44.9828,2.0411,32.06,0.4366,13
6,12,3.116,44.9828,2.0519,33.76,0.4535,13
6,12,3.116,44.9828,2.0627,34.26,0.4582,13
6,12,3.116,44.9828,2.0735,34.78,0.4633,13
6,12,3.116,44.9828,2.0843,36.24,0.4781,13
6,12,3.116,44.9828,2.0952,38.22,0.4974,13
6,12,3.116,44.9828,2.106,38.51,0.4994,13
6,12,3.116,44.9828,2.1168,39.67,0.5094,13
6,12,3.116,44.9828,2.1276,40.8,0.5191,13
6,12,3.116,44.9828,2.1384,41.8,0.5291,13
6,12,3.116,44.9828,2.1492,42.4,0.6774,13
6,12,3.116,44.9828,2.1492,43.4,0.5699,13
6,12,3.116,44.9828,2.16,43.33,0.6301,13
6,12,3.116,44.9828,2.16,44.83,0.6296,13
6,12,3.116,44.9828,2.1708,44.33,0.6274,13
6,12,3.116,44.9828,2.1816,46.48,0.6341,13
6,12,3.116,44.9828,2.1924,47.08,0.6412,13
6,12,3.116,44.9828,2.2032,48.08,0.6516,13
6,12,3.116,44.9828,2.2141,49.31,0.6645,13
6,12,3.116,44.9828,2.2249,50.72,0.6785,13
6,12,3.116,44.9828,2.2357,51.21,0.6841,13
6,12,3.116,44.9828,2.2465,52.84,0.6998,13
6,12,3.116,44.9828,2.2573,53.73,0.7084,13
6,12,3.116,44.9828,2.2681,54.72,0.7282,13
6,12,3.116,44.9828,2.2789,55.18,0.8078,13
6,12,3.116,44.9828,2.2789,55.61,0.7751,13
6,12,3.116,44.9828,2.2897,56.23,0.7647,13
6,12,3.116,44.9828,2.2897,57.51,0.8678,13
6,12,3.116,44.9828,2.3005,57.17,0.7568,13
6,12,3.116,44.9828,2.3113,58.37,0.7691,13
6,12,3.116,44.9828,2.3222,59.75,0.7841,13
6,12,3.116,44.9828,2.333,60.69,0.794,13
6,12,3.116,44.9828,2.3438,62.36,0.8114,13
6,12,3.116,44.9828,2.3546,63.07,0.8185,13
6,12,3.116,44.9828,2.3654,64.22,0.8293,13
6,12,3.116,44.9828,2.3762,66.15,0.8499,13
6,12,3.116,44.9828,2.387,65.74,0.846,13
6,12,3.116,44.9828,2.387,67.08,0.9142,13
6,12,3.116,44.9828,2.3978,67.14,0.818,13
6,12,3.116,44.9828,2.3978,67.54,1.049,13
6,12,3.116,44.9828,2.4086,69.4,0.808,13
6,12,3.116,44.9828,2.4194,71.41,0.8278,13
6,12,3.116,44.9828,2.4302,71.11,0.8259,13
6,12,3.116,44.9828,2.4411,72.97,0.8442,13
6,12,3.116,44.9828,2.4519,72.94,0.845,13
6,12,3.116,44.9828,2.4627,73.49,0.8497,13
6,12,3.116,44.9828,2.4735,75.7,0.8938,13
6,12,3.116,44.9828,2.4843,77.56,0.9684,13
6,12,3.116,59.9728,2.2788,7.503,0.1403,13
6,12,3.116,59.9728,2.2868,7.791,0.1366,13
6,12,3.116,59.9728,2.2948,8.326,0.1389,13
6,12,3.116,59.9728,2.3028,8.528,0.1409,13
6,12,3.116,59.9728,2.3109,8.935,0.1456,13
6,12,3.116,59.9728,2.3189,9.261,0.1494,13
6,12,3.116,59.9728,2.3269,9.406,0.1512,13
6,12,3.116,59.9728,2.3349,9.854,0.1562,13
6,12,3.116,59.9728,2.3429,10.46,0.1631,13
6,12,3.116,59.9728,2.3509,10.76,0.1663,13
6,12,3.116,59.9728,2.359,11.14,0.1705,13
6,12,3.116,59.9728,2.367,11.62,0.1755,13
6,12,3.116,59.9728,2.375,11.83,0.1779,13
6,12,3.116,59.9728,2.383,12.36,0.1902,13
6,12,3.116,59.9728,2.391,12.89,0.211,13
6,12,3.116,59.9728,2.399,13.54,0.2483,13
6,12,3.116,59.9828,2.1507,3.412,0.07298,13
6,12,3.116,59.9828,2.1587,3.53,0.06953,13
6,12,3.116,59.9828,2.1667,3.858,0.0704,13
6,12,3.116,59.9828,2.1748,4.098,0.07229,13
6,12,3.116,59.9828,2.1828,4.202,0.07329,13
6,12,3.116,59.9828,2.1908,4.508,0.07681,13
6,12,3.116,59.9828,2.1988,4.844,0.0806,13
6,12,3.116,59.9828,2.2068,5.007,0.08267,13
6,12,3.116,59.9828,2.2148,5.301,0.08595,13
6,12,3.116,59.9828,2.2228,5.479,0.08765,13
6,12,3.116,59.9828,2.2309,5.687,0.08994,13
6,12,3.116,59.9828,2.2389,6.051,0.09405,13
6,12,3.116,59.9828,2.2469,6.269,0.0962,13
6,12,3.116,59.9828,2.2549,6.66,0.1002,13
6,12,3.116,59.9828,2.2629,6.907,0.1029,13
6,12,3.116,59.9828,2.2709,7.103,0.1069,13
6,12,3.116,59.9828,2.2789,7.601,0.1194,13
6,12,3.116,59.9828,2.287,8.133,0.1338,13
6,12,3.116,59.9828,2.3831,12.1,0.1971,13
6,12,3.116,59.9828,2.3912,12.64,0.1886,13
6,12,3.116,59.9828,2.3992,13.26,0.1905,13
6,12,3.116,59.9828,2.4072,13.45,0.1925,13
6,12,3.116,59.9828,2.4152,14.2,0.2004,13
6,12,3.116,59.9828,2.4232,14.19,0.2006,13
6,12,3.116,59.9828,2.4312,15.03,0.2097,13
6,12,3.116,59.9828,2.4392,15.27,0.2125,13
6,12,3.116,59.9828,2.4473,15.89,0.2187,13
6,12,3.116,59.9828,2.4553,16.35,0.2234,13
6,12,3.116,59.9828,2.4633,16.64,0.2268,13
6,12,3.116,59.9828,2.4713,17.39,0.2352,13
6,12,3.116,59.9828,2.4793,17.73,0.2501,13
6,12,3.116,59.9828,2.4873,18.81,0.2829,13
6,12,3.116,59.9828,2.4953,18.59,0.2663,13
6,12,3.116,59.9828,2.5034,19.83,0.2675,13
6,12,3.116,59.9828,2.5114,20,0.2691,13
6,12,3.116,59.9828,2.5194,20.16,0.2714,13
6,12,3.116,59.9828,2.5274,20.85,0.279,13
6,12,3.116,59.9828,2.5354,21.21,0.2832,13
6,12,3.116,59.9828,2.5434,21.82,0.2899,13
6,12,3.116,59.9828,2.5514,22.06,0.2924,13
6,12,3.116,59.9828,2.5595,23.35,0.3058,13
6,12,3.116,59.9828,2.5675,23.49,0.3137,13
6,12,3.116,59.9828,2.5755,24.82,0.3548,13
6,12,3.116,59.9928,2.5756,24,0.4179,13
6,12,3.116,59.9928,2.5756,24.24,0.393,13
6,12,3.116,59.9928,2.5836,24.68,0.4051,13
6,12,3.116,59.9928,2.5836,24.95,0.3625,13
6,12,3.116,59.9928,2.5916,25.25,0.3666,13
6,12,3.116,59.9928,2.5916,25.51,0.4138,13
6,12,3.116,59.9928,2.5996,25.71,0.3728,13
6,12,3.116,59.9928,2.5996,26.4,0.4259,13
6,12,3.116,59.9928,2.6076,26.32,0.4261,13
6,12,3.116,59.9928,2.6076,26.41,0.3814,13
6,12,3.116,59.9928,2.6157,27.22,0.391,13
6,12,3.116,59.9928,2.6157,27.5,0.4416,13
6,12,3.116,59.9928,2.6237,27.13,0.3921,13
6,12,3.116,59.9928,2.6237,27.35,0.4412,13
6,12,3.116,59.9928,2.6317,27.79,0.4002,13
6,12,3.116,59.9928,2.6317,28.11,0.4518,13
6,12,3.116,59.9928,2.6397,28.38,0.4764,13
6,12,3.116,59.9928,2.6397,28.54,0.4247,13
6,12,3.116,59.9928,2.6477,29.84,0.5625,13
6,12,3.116,59.9928,2.6477,29.93,0.494,13
6,12,3.116,59.9928,2.6557,30.5,0.8667,13
6,12,3.116,59.9928,2.6557,31.92,0.7589,13
6,12,3.116,74.9728,2.5711,6.371,0.115,13
6,12,3.116,74.9728,2.5773,6.691,0.1087,13
6,12,3.116,74.9728,2.5835,6.86,0.1102,13
6,12,3.116,74.9728,2.5896,7.086,0.1131,13
6,12,3.116,74.9728,2.5958,7.555,0.1184,13
6,12,3.116,74.9728,2.6019,7.36,0.1174,13
6,12,3.116,74.9728,2.6081,7.788,0.122,13
6,12,3.116,74.9728,2.6143,8.047,0.1254,13
6,12,3.116,74.9728,2.6204,8.126,0.1268,13
6,12,3.116,74.9728,2.6266,8.604,0.132,13
6,12,3.116,74.9728,2.6327,8.959,0.1363,13
6,12,3.116,74.9728,2.6389,9.275,0.1404,13
6,12,3.116,74.9728,2.6451,9.445,0.1558,13
6,12,3.116,74.9728,2.6451,9.78,0.1724,13
6,12,3.116,74.9728,2.6512,10.24,0.1718,13
6,12,3.116,74.9728,2.6574,10.32,0.1737,13
6,12,3.116,74.9728,2.6635,10.85,0.1806,13
6,12,3.116,74.9728,2.6697,10.95,0.1831,13
6,12,3.116,74.9728,2.6759,11.14,0.1872,13
6,12,3.116,74.9728,2.682,11.45,0.1917,13
6,12,3.116,74.9828,2.2756,0.4664,0.02804,13
6,12,3.116,74.9828,2.2756,0.4925,0.02439,13
6,12,3.116,74.9828,2.2817,0.5171,0.02731,13
6,12,3.116,74.9828,2.2817,0.5237,0.0233,13
6,12,3.116,74.9828,2.2879,0.5526,0.02687,13
6,12,3.116,74.9828,2.2879,0.5859,0.02347,13
6,12,3.116,74.9828,2.294,0.5851,0.02791,13
6,12,3.116,74.9828,2.294,0.6076,0.02384,13
6,12,3.116,74.9828,2.3002,0.5952,0.02809,13
6,12,3.116,74.9828,2.3002,0.6553,0.02467,13
6,12,3.116,74.9828,2.3064,0.6328,0.0243,13
6,12,3.116,74.9828,2.3064,0.7179,0.03053,13
6,12,3.116,74.9828,2.3125,0.7432,0.02643,13
6,12,3.116,74.9828,2.3125,0.7839,0.03206,13
6,12,3.116,74.9828,2.3187,0.7696,0.02701,13
6,12,3.116,74.9828,2.3187,0.7911,0.03233,13
6,12,3.116,74.9828,2.3248,0.8135,0.02788,13
6,12,3.116,74.9828,2.3248,0.848,0.03335,13
6,12,3.116,74.9828,2.331,0.8396,0.0285,13
6,12,3.116,74.9828,2.331,0.87,0.0342,13
6,12,3.116,74.9828,2.3372,0.8882,0.03485,13
6,12,3.116,74.9828,2.3372,0.9423,0.03047,13
6,12,3.116,74.9828,2.3433,1.042,0.03763,13
6,12,3.116,74.9828,2.3433,1.055,0.03212,13
6,12,3.116,74.9828,2.3495,1.057,0.03236,13
6,12,3.116,74.9828,2.3495,1.1,0.03901,13
6,12,3.116,74.9828,2.3556,1.101,0.03881,13
6,12,3.116,74.9828,2.3556,1.186,0.03422,13
6,12,3.116,74.9828,2.3618,1.189,0.04053,13
6,12,3.116,74.9828,2.3618,1.216,0.0348,13
6,12,3.116,74.9828,2.368,1.271,0.03573,13
6,12,3.116,74.9828,2.368,1.271,0.04219,13
6,12,3.116,74.9828,2.3741,1.344,0.04346,13
6,12,3.116,74.9828,2.3741,1.394,0.03748,13
6,12,3.116,74.9828,2.3803,1.282,0.04676,13
6,12,3.116,74.9828,2.3803,1.356,0.05309,13
6,12,3.116,74.9828,2.3803,1.403,0.04911,13
6,12,3.116,74.9828,2.3803,1.411,0.03778,13
6,12,3.116,74.9828,2.3803,1.478,0.04563,13
6,12,3.116,74.9828,2.3864,1.412,0.04314,13
6,12,3.116,74.9828,2.3864,1.502,0.04623,13
6,12,3.116,74.9828,2.3864,1.532,0.04172,13
6,12,3.116,74.9828,2.3864,1.532,0.04901,13
6,12,3.116,74.9828,2.3864,1.564,0.0494,13
6,12,3.116,74.9828,2.3926,1.595,0.05409,13
6,12,3.116,74.9828,2.3926,1.602,0.04756,13
6,12,3.116,74.9828,2.3926,1.621,0.04358,13
6,12,3.116,74.9828,2.3926,1.628,0.04378,13
6,12,3.116,74.9828,2.3926,1.66,0.04686,13
6,12,3.116,74.9828,2.3987,1.677,0.05497,13
6,12,3.116,74.9828,2.3987,1.686,0.04794,13
6,12,3.116,74.9828,2.3987,1.73,0.04459,13
6,12,3.116,74.9828,2.3987,1.742,0.04431,13
6,12,3.116,74.9828,2.3987,1.782,0.06721,13
6,12,3.116,74.9828,2.4049,1.808,0.04555,13
6,12,3.116,74.9828,2.4049,1.808,0.04573,13
6,12,3.116,74.9828,2.4049,1.831,0.05011,13
6,12,3.116,74.9828,2.4111,1.894,0.05107,13
6,12,3.116,74.9828,2.4111,1.909,0.04701,13
6,12,3.116,74.9828,2.4111,1.93,0.04764,13
6,12,3.116,74.9828,2.4172,2.016,0.04882,13
6,12,3.116,74.9828,2.4172,2.026,0.04882,13
6,12,3.116,74.9828,2.4172,2.09,0.05399,13
6,12,3.116,74.9828,2.4234,2.095,0.04973,13
6,12,3.116,74.9828,2.4234,2.177,0.05548,13
6,12,3.116,74.9828,2.4234,2.193,0.05126,13
6,12,3.116,74.9828,2.4295,2.17,0.05123,13
6,12,3.116,74.9828,2.4295,2.225,0.05646,13
6,12,3.116,74.9828,2.4295,2.239,0.05168,13
6,12,3.116,74.9828,2.4357,2.382,0.05866,13
6,12,3.116,74.9828,2.4357,2.404,0.05447,13
6,12,3.116,74.9828,2.4357,2.445,0.05471,13
6,12,3.116,74.9828,2.4419,2.469,0.0553,13
6,12,3.116,74.9828,2.4419,2.494,0.05583,13
6,12,3.116,74.9828,2.4419,2.547,0.06099,13
6,12,3.116,74.9828,2.448,2.648,0.0578,13
6,12,3.116,74.9828,2.448,2.667,0.05777,13
6,12,3.116,74.9828,2.448,2.714,0.06355,13
6,12,3.116,74.9828,2.4542,2.661,0.06265,13
6,12,3.116,74.9828,2.4542,2.804,0.05967,13
6,12,3.116,74.9828,2.4542,2.811,0.05947,13
6,12,3.116,74.9828,2.4603,2.868,0.06058,13
6,12,3.116,74.9828,2.4603,2.873,0.06562,13
6,12,3.116,74.9828,2.4603,2.986,0.06165,13
6,12,3.116,74.9828,2.4665,3.002,0.06222,13
6,12,3.116,74.9828,2.4665,3.013,0.06244,13
6,12,3.116,74.9828,2.4665,3.015,0.06749,13
6,12,3.116,74.9828,2.4727,3.197,0.07004,13
6,12,3.116,74.9828,2.4727,3.245,0.06521,13
6,12,3.116,74.9828,2.4727,3.297,0.0662,13
6,12,3.116,74.9828,2.4788,3.306,0.07367,13
6,12,3.116,74.9828,2.4788,3.351,0.06997,13
6,12,3.116,74.9828,2.4788,3.422,0.06964,13
6,12,3.116,74.9828,2.485,3.455,0.08241,13
6,12,3.116,74.9828,2.485,3.546,0.07679,13
6,12,3.116,74.9828,2.485,3.592,0.07771,13
6,12,3.116,74.9828,2.4911,3.604,0.06431,13
6,12,3.116,74.9828,2.4911,3.68,0.09032,13
6,12,3.116,74.9828,2.4911,3.703,0.09917,13
6,12,3.116,74.9828,2.4911,3.726,0.09123,13
6,12,3.116,74.9828,2.4973,3.822,0.06277,13
6,12,3.116,74.9828,2.5035,3.997,0.065,13
6,12,3.116,74.9828,2.5096,4.183,0.06698,13
6,12,3.116,74.9828,2.5158,4.462,0.07006,13
6,12,3.116,74.9828,2.5219,4.557,0.07136,13
6,12,3.116,74.9828,2.5281,4.687,0.07297,13
6,12,3.116,74.9828,2.5343,4.968,0.07596,13
6,12,3.116,74.9828,2.5404,5.167,0.07808,13
6,12,3.116,74.9828,2.5466,5.362,0.08035,13
6,12,3.116,74.9828,2.5527,5.506,0.08203,13
6,12,3.116,74.9828,2.5589,5.805,0.0853,13
6,12,3.116,74.9828,2.5651,6.015,0.08785,13
6,12,3.116,74.9828,2.5712,6.335,0.09436,13
6,12,3.116,74.9828,2.5774,6.497,0.1038,13
6,12,3.269,21.9828,0.7924,477.8,5.591,13
6,12,3.269,21.9828,0.8094,482.7,5.74,13
6,12,3.269,21.9828,0.8264,498.8,5.634,13
6,12,3.269,21.9828,0.8434,511.6,5.681,13
6,12,3.269,21.9828,0.8604,519.1,5.753,13
6,12,3.269,21.9828,0.8774,525.8,5.819,13
6,12,3.269,21.9828,0.8944,543.3,5.985,13
6,12,3.269,21.9828,0.9114,553.8,6.077,13
6,12,3.269,21.9828,0.9284,567.9,6.201,13
6,12,3.269,21.9828,0.9454,580,6.298,13
6,12,3.269,21.9828,0.9624,586.1,6.337,13
6,12,3.269,21.9828,0.9794,601.8,6.468,13
6,12,3.269,21.9828,0.9964,617.5,6.599,13
6,12,3.269,21.9828,1.0135,618.4,6.587,13
6,12,3.269,21.9828,1.0305,627.5,6.656,13
6,12,3.269,21.9828,1.0475,641.5,6.769,13
6,12,3.269,21.9828,1.0645,659.5,6.925,13
6,12,3.269,21.9828,1.0815,665,6.971,13
6,12,3.269,21.9828,1.0985,684.8,7.149,13
6,12,3.269,21.9828,1.1155,709.7,7.666,13
6,12,3.269,21.9828,1.1325,716.2,7.722,13
6,12,3.269,21.9828,1.1495,722.3,8.019,13
6,12,3.269,21.9828,1.1835,723.4,8.074,13
6,12,3.269,21.9828,1.2005,735.6,7.934,13
6,12,3.269,21.9828,1.2175,751.4,8.163,13
6,12,3.269,21.9828,1.2346,772,8.055,13
6,12,3.269,21.9828,1.2516,788.4,8.191,13
6,12,3.269,21.9828,1.2686,798.9,8.27,13
6,12,3.269,21.9828,1.2856,806.3,8.33,13
6,12,3.269,21.9828,1.3026,822.3,8.462,13
6,12,3.269,21.9828,1.3196,834.2,8.555,13
6,12,3.269,21.9828,1.3366,838.2,8.578,13
6,12,3.269,21.9828,1.3536,853.6,8.703,13
6,12,3.269,21.9828,1.3706,865,8.793,13
6,12,3.269,21.9828,1.3876,857.7,8.704,13
6,12,3.269,21.9828,1.4046,872.4,8.818,13
6,12,3.269,21.9828,1.4216,877.9,8.854,13
6,12,3.269,21.9828,1.4386,889.9,8.955,13
6,12,3.269,21.9828,1.4557,897,9.131,13
6,12,3.269,21.9828,1.4727,916.4,9.581,13
6,12,3.269,21.9828,1.4897,919.9,9.935,13
6,12,3.269,21.9828,1.5237,881.4,10.43,13
6,12,3.269,21.9828,1.5407,906.8,10.18,13
6,12,3.269,21.9828,1.5577,902.1,10.05,13
6,12,3.269,21.9828,1.5747,894.3,9.96,13
6,12,3.269,21.9828,1.5917,908.9,10.09,13
6,12,3.269,21.9828,1.6087,907.5,10.08,13
6,12,3.269,21.9828,1.6257,904.1,10.05,13
6,12,3.269,21.9828,1.6427,914.3,10.14,13
6,12,3.269,21.9828,1.6597,919.5,10.18,13
6,12,3.269,21.9828,1.6768,920,10.18,13
6,12,3.269,21.9828,1.6938,910.6,10.08,13
6,12,3.269,21.9828,1.7108,906.1,10.03,13
6,12,3.269,21.9828,1.7278,905,10.01,13
6,12,3.269,21.9828,1.7448,910.5,10.3,13
6,12,3.269,32.9828,1.1174,13.52,0.3158,13
6,12,3.269,32.9828,1.131,15.17,0.3226,13
6,12,3.269,32.9828,1.1447,16.05,0.3093,13
6,12,3.269,32.9828,1.1583,17.77,0.3164,13
6,12,3.269,32.9828,1.172,18.97,0.3263,13
6,12,3.269,32.9828,1.1856,20.11,0.3344,13
6,12,3.269,32.9828,1.1993,21.38,0.347,13
6,12,3.269,32.9828,1.2129,22.67,0.3614,13
6,12,3.269,32.9828,1.2266,23.52,0.3664,13
6,12,3.269,32.9828,1.2402,24.96,0.382,13
6,12,3.269,32.9828,1.2539,26.45,0.397,13
6,12,3.269,32.9828,1.2675,26.66,0.3961,13
6,12,3.269,32.9828,1.2812,28.44,0.4135,13
6,12,3.269,32.9828,1.2948,30.87,0.44,13
6,12,3.269,32.9828,1.3085,31.15,0.4395,13
6,12,3.269,32.9828,1.3221,32.68,0.4548,13
6,12,3.269,32.9828,1.3358,33.6,0.4628,13
6,12,3.269,32.9828,1.3494,35.61,0.4834,13
6,12,3.269,32.9828,1.3631,37.21,0.4992,13
6,12,3.269,32.9828,1.3767,38.85,0.5274,13
6,12,3.269,32.9828,1.3904,41.17,0.5634,13
6,12,3.269,32.9828,1.404,42.83,0.6049,13
6,12,3.269,32.9828,1.4177,43.67,0.6084,13
6,12,3.269,32.9828,1.4177,44.47,0.6583,13
6,12,3.269,32.9828,1.4313,44.84,0.5911,13
6,12,3.269,32.9828,1.4313,45.38,0.6966,13
6,12,3.269,32.9828,1.445,47.31,0.6068,13
6,12,3.269,32.9828,1.4586,50.06,0.6183,13
6,12,3.269,32.9828,1.4723,51.18,0.6291,13
6,12,3.269,32.9828,1.486,53.99,0.6573,13
6,12,3.269,32.9828,1.4996,56.14,0.6749,13
6,12,3.269,32.9828,1.5133,58.86,0.7015,13
6,12,3.269,32.9828,1.5269,60.5,0.7155,13
6,12,3.269,32.9828,1.5406,62.98,0.737,13
6,12,3.269,32.9828,1.5542,65.39,0.7596,13
6,12,3.269,32.9828,1.5679,67.76,0.7801,13
6,12,3.269,32.9828,1.5815,70.61,0.805,13
6,12,3.269,32.9828,1.5952,72.78,0.8232,13
6,12,3.269,32.9828,1.6088,74.72,0.8364,13
6,12,3.269,32.9828,1.6225,77.53,0.8615,13
6,12,3.269,32.9828,1.6361,80.83,0.8912,13
6,12,3.269,32.9828,1.6771,88.18,1.042,13
6,12,3.269,32.9828,1.6907,90.79,1.024,13
6,12,3.269,32.9828,1.7044,94.2,1.031,13
6,12,3.269,32.9828,1.718,97,1.047,13
6,12,3.269,32.9828,1.7317,98.59,1.058,13
6,12,3.269,32.9828,1.7453,101.8,1.086,13
6,12,3.269,32.9828,1.759,105.6,1.12,13
6,12,3.269,32.9828,1.7726,108.7,1.147,13
6,12,3.269,32.9828,1.7863,110.2,1.158,13
6,12,3.269,32.9828,1.7999,112.8,1.178,13
6,12,3.269,32.9828,1.8136,115.7,1.203,13
6,12,3.269,32.9828,1.8272,117.3,1.215,13
6,12,3.269,32.9828,1.8409,120.8,1.243,13
6,12,3.269,32.9828,1.8545,123.5,1.266,13
6,12,3.269,32.9828,1.8682,127.1,1.345,13
6,12,3.269,32.9828,1.8818,129.4,1.364,13
6,12,3.269,32.9828,1.8955,134,1.448,13
6,12,3.269,32.9828,1.9091,134.2,1.522,13
6,12,3.269,42.9828,1.5219,2.235,0.07122,13
6,12,3.269,42.9828,1.5329,2.33,0.06848,13
6,12,3.269,42.9828,1.5439,2.578,0.06758,13
6,12,3.269,42.9828,1.5549,2.725,0.06747,13
6,12,3.269,42.9828,1.566,2.986,0.06971,13
6,12,3.269,42.9828,1.577,3.097,0.07074,13
6,12,3.269,42.9828,1.588,3.474,0.07577,13
6,12,3.269,42.9828,1.599,3.681,0.07843,13
6,12,3.269,42.9828,1.61,3.874,0.0811,13
6,12,3.269,42.9828,1.621,4.252,0.08574,13
6,12,3.269,42.9828,1.632,4.399,0.08741,13
6,12,3.269,42.9828,1.6431,4.754,0.09136,13
6,12,3.269,42.9828,1.6541,5.008,0.09446,13
6,12,3.269,42.9828,1.6651,5.238,0.09649,13
6,12,3.269,42.9828,1.6761,5.486,0.09979,13
6,12,3.269,42.9828,1.6871,5.957,0.1054,13
6,12,3.269,42.9828,1.6981,6.205,0.1073,13
6,12,3.269,42.9828,1.7091,6.724,0.1127,13
6,12,3.269,42.9828,1.7202,6.915,0.1155,13
6,12,3.269,42.9828,1.7312,7.314,0.1269,13
6,12,3.269,42.9828,1.7422,7.833,0.1323,13
6,12,3.269,42.9828,1.7532,8.101,0.1442,13
6,12,3.269,42.9828,1.7642,9.036,0.1605,13
6,12,3.269,42.9828,1.7752,9.363,0.1802,13
6,12,3.269,42.9828,1.7973,9.567,0.1953,13
6,12,3.269,42.9828,1.8083,10.26,0.1876,13
6,12,3.269,42.9828,1.8193,10.86,0.1839,13
6,12,3.269,42.9828,1.8303,11.25,0.1839,13
6,12,3.269,42.9828,1.8413,12.18,0.1915,13
6,12,3.269,42.9828,1.8523,12.72,0.196,13
6,12,3.269,42.9828,1.8634,13.44,0.2041,13
6,12,3.269,42.9828,1.8744,13.63,0.2062,13
6,12,3.269,42.9828,1.8854,14.72,0.2171,13
6,12,3.269,42.9828,1.8964,15.46,0.224,13
6,12,3.269,42.9828,1.9074,16.47,0.2346,13
6,12,3.269,42.9828,1.9184,17.35,0.2431,13
6,12,3.269,42.9828,1.9294,18.3,0.252,13
6,12,3.269,42.9828,1.9405,18.54,0.2542,13
6,12,3.269,42.9828,1.9515,19.42,0.2619,13
6,12,3.269,42.9828,1.9625,19.95,0.2661,13
6,12,3.269,42.9828,1.9735,21.3,0.2793,13
6,12,3.269,42.9828,1.9845,21.98,0.2997,13
6,12,3.269,42.9828,1.9955,23.53,0.3305,13
6,12,3.269,42.9828,2.0065,24.51,0.3643,13
6,12,3.269,42.9828,2.0396,25.52,0.4114,13
6,12,3.269,42.9828,2.0506,26.88,0.3993,13
6,12,3.269,42.9828,2.0616,28.26,0.4026,13
6,12,3.269,42.9828,2.0726,28.95,0.3966,13
6,12,3.269,42.9828,2.0836,30.36,0.4099,13
6,12,3.269,42.9828,2.0947,31.32,0.4196,13
6,12,3.269,42.9828,2.1057,32.56,0.4312,13
6,12,3.269,42.9828,2.1167,32.73,0.4322,13
6,12,3.269,42.9828,2.1277,34.4,0.4479,13
6,12,3.269,42.9828,2.1387,34.81,0.4514,13
6,12,3.269,42.9828,2.1497,36.31,0.4647,13
6,12,3.269,42.9828,2.1607,36.98,0.4697,13
6,12,3.269,42.9828,2.1718,38.03,0.4788,13
6,12,3.269,42.9828,2.1828,40.15,0.4983,13
6,12,3.269,42.9828,2.1938,39.95,0.521,13
6,12,3.269,42.9828,2.2048,41.97,0.587,13
6,12,3.269,42.9828,2.2158,43.85,0.6604,13
6,12,3.269,42.9828,2.2378,43.98,0.5509,13
6,12,3.269,42.9828,2.2489,44.7,0.5353,13
6,12,3.269,42.9828,2.2599,45.61,0.5308,13
6,12,3.269,42.9828,2.2709,47.34,0.5462,13
6,12,3.269,42.9828,2.2819,48.89,0.5607,13
6,12,3.269,42.9828,2.2929,48.95,0.5614,13
6,12,3.269,42.9828,2.3039,50.36,0.5739,13
6,12,3.269,42.9828,2.3149,51.72,0.5862,13
6,12,3.269,42.9828,2.326,53.01,0.5971,13
6,12,3.269,42.9828,2.337,53.56,0.6016,13
6,12,3.269,42.9828,2.348,54.91,0.613,13
6,12,3.269,42.9828,2.359,56.4,0.6415,13
6,12,3.269,42.9828,2.37,58.61,0.6993,13
6,12,3.269,42.9828,2.381,59.79,0.7531,13
6,12,3.269,42.9828,2.4031,59.09,0.716,13
6,12,3.269,42.9828,2.4141,60.59,0.7136,13
6,12,3.269,42.9828,2.4251,62.55,0.7059,13
6,12,3.269,42.9828,2.4361,63.72,0.7165,13
6,12,3.269,42.9828,2.4471,64,0.7197,13
6,12,3.269,42.9828,2.4581,64.44,0.724,13
6,12,3.269,42.9828,2.4691,66.36,0.7413,13
6,12,3.269,42.9828,2.4802,67.25,0.75,13
6,12,3.269,42.9828,2.4912,68.32,0.7587,13
6,12,3.269,42.9828,2.5022,69.58,0.7708,13
6,12,3.269,42.9828,2.5132,70.95,0.829,13
6,12,3.269,42.9828,2.5242,72.05,0.9483,13
6,12,3.269,57.9828,2.0353,0.6273,0.02306,13
6,12,3.269,57.9828,2.0434,0.6697,0.02185,13
6,12,3.269,57.9828,2.0514,0.7731,0.02309,13
6,12,3.269,57.9828,2.0595,0.7858,0.02273,13
6,12,3.269,57.9828,2.0676,0.8184,0.02279,13
6,12,3.269,57.9828,2.0757,0.9233,0.02449,13
6,12,3.269,57.9828,2.0838,0.9809,0.02526,13
6,12,3.269,57.9828,2.0919,1.038,0.02626,13
6,12,3.269,57.9828,2.0999,1.143,0.02779,13
6,12,3.269,57.9828,2.108,1.174,0.02829,13
6,12,3.269,57.9828,2.1161,1.277,0.02978,13
6,12,3.269,57.9828,2.1242,1.363,0.0308,13
6,12,3.269,57.9828,2.1323,1.419,0.03149,13
6,12,3.269,57.9828,2.1404,1.523,0.03287,13
6,12,3.269,57.9828,2.1485,1.62,0.03426,13
6,12,3.269,57.9828,2.1565,1.714,0.03541,13
6,12,3.269,57.9828,2.1646,1.835,0.03675,13
6,12,3.269,57.9828,2.1727,1.874,0.03724,13
6,12,3.269,57.9828,2.1808,2.089,0.04,13
6,12,3.269,57.9828,2.1889,2.199,0.04236,13
6,12,3.269,57.9828,2.197,2.336,0.04617,13
6,12,3.269,57.9828,2.205,2.545,0.05235,13
6,12,3.269,57.9828,2.2131,2.663,0.05909,13
6,12,3.269,57.9828,2.2535,3.444,0.07673,13
6,12,3.269,57.9828,2.2616,3.538,0.07784,13
6,12,3.269,57.9828,2.2697,3.767,0.08044,13
6,12,3.269,57.9828,2.2778,4.121,0.0855,13
6,12,3.269,57.9828,2.2859,4.189,0.08639,13
6,12,3.269,57.9828,2.294,4.292,0.08782,13
6,12,3.269,57.9828,2.302,4.58,0.091,13
6,12,3.269,57.9828,2.3101,4.833,0.09426,13
6,12,3.269,57.9828,2.3182,5.074,0.09696,13
6,12,3.269,57.9828,2.3263,5.294,0.09965,13
6,12,3.269,57.9828,2.3344,5.478,0.1012,13
6,12,3.269,57.9828,2.3425,5.778,0.1047,13
6,12,3.269,57.9828,2.3505,6.235,0.1102,13
6,12,3.269,57.9828,2.3586,6.575,0.114,13
6,12,3.269,57.9828,2.3667,6.649,0.1235,13
6,12,3.269,57.9828,2.3748,7.307,0.141,13
6,12,3.269,57.9828,2.3829,7.388,0.166,13
6,12,3.269,57.9828,2.399,7.762,0.155,13
6,12,3.269,57.9828,2.4071,8.309,0.1507,13
6,12,3.269,57.9828,2.4152,8.522,0.1452,13
6,12,3.269,57.9828,2.4233,8.949,0.1496,13
6,12,3.269,57.9828,2.4314,9.259,0.1524,13
6,12,3.269,57.9828,2.4395,9.604,0.1568,13
6,12,3.269,57.9828,2.4475,9.849,0.1596,13
6,12,3.269,57.9828,2.4556,10.08,0.1617,13
6,12,3.269,57.9828,2.4637,10.48,0.1659,13
6,12,3.269,57.9828,2.4718,10.87,0.1704,13
6,12,3.269,57.9828,2.4799,11.09,0.1727,13
6,12,3.269,57.9828,2.488,11.55,0.1772,13
6,12,3.269,57.9828,2.496,12.27,0.1847,13
6,12,3.269,57.9828,2.5041,12.78,0.19,13
6,12,3.269,57.9828,2.5122,13.21,0.2072,13
6,12,3.269,57.9828,2.5203,13.49,0.2332,13
6,12,3.269,57.9828,2.5365,13.76,0.3008,13
6,12,3.269,57.9828,2.5445,14.47,0.2874,13
6,12,3.269,57.9828,2.5526,14.53,0.2712,13
6,12,3.269,57.9828,2.5607,15.4,0.2811,13
6,12,3.269,57.9828,2.5688,16.03,0.2889,13
6,12,3.269,57.9828,2.5769,16.34,0.2928,13
6,12,3.269,57.9828,2.585,16.58,0.2955,13
6,12,3.269,57.9828,2.5931,16.8,0.2987,13
6,12,3.269,57.9828,2.6011,17.21,0.304,13
6,12,3.269,57.9828,2.6092,17.81,0.3101,13
6,12,3.269,57.9828,2.6173,18.43,0.317,13
6,12,3.269,57.9828,2.6254,19.35,0.3275,13
6,12,3.269,57.9828,2.6335,19.71,0.358,13
6,12,3.269,57.9828,2.6416,20.88,0.4388,13
6,12,3.269,74.9828,2.438,0.4846,0.01851,13
6,12,3.269,74.9828,2.4439,0.5218,0.01721,13
6,12,3.269,74.9828,2.4499,0.5514,0.01699,13
6,12,3.269,74.9828,2.4558,0.5816,0.01721,13
6,12,3.269,74.9828,2.4618,0.648,0.01825,13
6,12,3.269,74.9828,2.4678,0.6853,0.01888,13
6,12,3.269,74.9828,2.4737,0.7264,0.01947,13
6,12,3.269,74.9828,2.4797,0.7655,0.02016,13
6,12,3.269,74.9828,2.4856,0.8275,0.02107,13
6,12,3.269,74.9828,2.4916,0.8951,0.02214,13
6,12,3.269,74.9828,2.4975,0.9223,0.0225,13
6,12,3.269,74.9828,2.5035,0.9329,0.02274,13
6,12,3.269,74.9828,2.5094,1.06,0.02448,13
6,12,3.269,74.9828,2.5154,1.117,0.02516,13
6,12,3.269,74.9828,2.5213,1.213,0.02648,13
6,12,3.269,74.9828,2.5273,1.281,0.02726,13
6,12,3.269,74.9828,2.5332,1.293,0.02742,13
6,12,3.269,74.9828,2.5332,1.327,0.04737,13
6,12,3.269,74.9828,2.5392,1.391,0.02882,13
6,12,3.269,74.9828,2.5392,1.427,0.04262,13
6,12,3.269,74.9828,2.5451,1.484,0.04109,13
6,12,3.269,74.9828,2.5451,1.499,0.03007,13
6,12,3.269,74.9828,2.5511,1.583,0.04191,13
6,12,3.269,74.9828,2.5511,1.607,0.03371,13
6,12,3.269,74.9828,2.557,1.681,0.04313,13
6,12,3.269,74.9828,2.557,1.714,0.03943,13
6,12,3.269,74.9828,2.563,1.711,0.04362,13
6,12,3.269,74.9828,2.5689,1.72,0.04391,13
6,12,3.269,74.9828,2.5749,1.869,0.04605,13
6,12,3.269,74.9828,2.5808,2.072,0.04887,13
6,12,3.269,74.9828,2.5868,2.092,0.0494,13
6,12,3.269,74.9828,2.5927,2.221,0.05083,13
6,12,3.269,74.9828,2.5987,2.392,0.05317,13
6,12,3.269,74.9828,2.6046,2.396,0.05344,13
6,12,3.269,74.9828,2.6106,2.625,0.05603,13
6,12,3.269,74.9828,2.6166,2.696,0.0572,13
6,12,3.269,74.9828,2.6225,2.784,0.05857,13
6,12,3.269,74.9828,2.6285,3.031,0.06178,13
6,12,3.269,74.9828,2.6344,3.24,0.06749,13
6,12,3.269,74.9828,2.6404,3.357,0.07625,13
6,12,3.269,74.9828,2.6523,3.62,0.09398,13
6,12,3.269,74.9828,2.6582,3.6,0.08394,13
6,12,3.269,74.9828,2.6642,3.874,0.08387,13
6,12,3.269,74.9828,2.6701,4.253,0.08818,13
6,12,3.269,74.9828,2.6761,4.059,0.08642,13
6,12,3.269,74.9828,2.682,4.386,0.09058,13
6,12,3.269,74.9828,2.688,4.597,0.09349,13
6,12,3.269,74.9828,2.6939,4.681,0.09505,13
6,12,3.269,74.9828,2.6999,4.9,0.09773,13
6,12,3.269,74.9828,2.7058,5.237,0.1018,13
6,12,3.269,74.9828,2.7118,5.387,0.1035,13
6,12,3.269,74.9828,2.7177,5.784,0.108,13
6,12,3.269,74.9828,2.7237,5.716,0.1078,13
6,12,3.269,74.9828,2.7296,5.939,0.111,13
6,12,3.269,74.9828,2.7356,6.271,0.1206,13
6,12,3.269,74.9828,2.7415,6.614,0.1374,13
6,12,3.269,74.9828,2.7534,7.198,0.1777,13
6,12,3.269,74.9828,2.7594,7.351,0.1613,13
6,12,3.269,74.9828,2.7653,7.784,0.1667,13
6,12,3.269,74.9828,2.7713,8.102,0.1708,13
6,12,3.269,74.9828,2.7773,8.216,0.174,13
6,12,3.269,74.9828,2.7832,8.419,0.1774,13
6,12,3.269,74.9828,2.7892,8.48,0.1803,13
6,12,3.269,74.9828,2.7951,8.904,0.1858,13
6,12,3.269,74.9828,2.8011,9.16,0.1895,13
6,12,3.269,74.9828,2.807,9.711,0.1963,13
6,12,3.269,74.9828,2.813,10.12,0.2025,13
6,12,3.269,74.9828,2.8189,10.17,0.2066,13
6,12,3.269,74.9828,2.8249,10.51,0.2448,13
6,12,4.074,42.9928,2.85,16.2,0.3201,13
6,12,4.074,42.9928,2.8598,16.79,0.302,13
6,12,4.074,42.9928,2.8697,17.56,0.3022,13
6,12,4.074,42.9928,2.8795,18.6,0.3005,13
6,12,4.074,42.9928,2.8893,18.82,0.304,13
6,12,4.074,42.9928,2.8992,19.19,0.3081,13
6,12,4.074,42.9928,2.909,19.89,0.3154,13
6,12,4.074,42.9928,2.9189,20.59,0.323,13
6,12,4.074,42.9928,2.9287,21.54,0.3316,13
6,12,4.074,42.9928,2.9385,21.08,0.3273,13
6,12,4.074,42.9928,2.9484,21.85,0.3346,13
6,12,4.074,42.9928,2.9582,22.44,0.3411,13
6,12,4.074,42.9928,2.9681,22.64,0.3423,13
6,12,4.074,42.9928,2.9779,23.89,0.3541,13
6,12,4.074,42.9928,2.9877,24.11,0.3627,13
6,12,4.074,42.9928,2.9976,24.59,0.3844,13
6,12,4.074,42.9928,3.0074,24.93,0.4142,13
6,12,4.074,49.9828,2.6581,1.464,0.04845,13
6,12,4.074,49.9828,2.6665,1.425,0.0456,13
6,12,4.074,49.9828,2.6748,1.541,0.04502,13
6,12,4.074,49.9828,2.6832,1.626,0.04308,13
6,12,4.074,49.9828,2.6915,1.724,0.04354,13
6,12,4.074,49.9828,2.6999,1.757,0.04319,13
6,12,4.074,49.9828,2.7083,1.882,0.04478,13
6,12,4.074,49.9828,2.7166,2.034,0.04682,13
6,12,4.074,49.9828,2.725,2.196,0.04923,13
6,12,4.074,49.9828,2.7333,2.318,0.05067,13
6,12,4.074,49.9828,2.7417,2.362,0.05137,13
6,12,4.074,49.9828,2.7501,2.563,0.0538,13
6,12,4.074,49.9828,2.7584,2.643,0.05504,13
6,12,4.074,49.9828,2.7668,2.734,0.05595,13
6,12,4.074,49.9828,2.7751,2.813,0.05687,13
6,12,4.074,49.9828,2.7835,2.984,0.05902,13
6,12,4.074,49.9828,2.7918,3.067,0.06,13
6,12,4.074,49.9828,2.8002,3.214,0.06142,13
6,12,4.074,49.9828,2.8086,3.364,0.06313,13
6,12,4.074,49.9828,2.8169,3.546,0.06504,13
6,12,4.074,49.9828,2.8253,3.788,0.06773,13
6,12,4.074,49.9828,2.8336,3.823,0.07128,13
6,12,4.074,49.9828,2.842,4.008,0.1074,13
6,12,4.074,49.9828,2.842,4.132,0.07926,13
6,12,4.074,49.9828,2.8504,4.167,0.1038,13
6,12,4.074,49.9828,2.8504,4.236,0.08337,13
6,12,4.074,49.9828,2.8587,4.279,0.09724,13
6,12,4.074,49.9828,2.8587,4.494,0.09498,13
6,12,4.074,49.9828,2.8671,4.361,0.09493,13
6,12,4.074,49.9828,2.8671,4.64,0.1033,13
6,12,4.074,49.9828,2.8754,4.664,0.09623,13
6,12,4.074,49.9828,2.8838,4.789,0.09572,13
6,12,4.074,49.9828,2.8922,5.182,0.1003,13
6,12,4.074,49.9828,2.9005,5.263,0.1021,13
6,12,4.074,49.9828,2.9089,5.417,0.104,13
6,12,4.074,49.9828,2.9172,5.695,0.1064,13
6,12,4.074,49.9828,2.9256,5.931,0.1098,13
6,12,4.074,49.9828,2.934,6.174,0.1121,13
6,12,4.074,49.9828,2.9423,6.353,0.1137,13
6,12,4.074,49.9828,2.9507,6.78,0.1186,13
6,12,4.074,49.9828,2.959,6.821,0.1188,13
6,12,4.074,49.9828,2.9674,6.79,0.1184,13
6,12,4.074,49.9828,2.9757,7.182,0.1222,13
6,12,4.074,49.9828,2.9841,7.579,0.1266,13
6,12,4.074,49.9828,2.9925,7.66,0.1331,13
6,12,4.074,49.9828,3.0008,7.987,0.1504,13
6,12,4.074,49.9828,3.0092,7.975,0.1812,13
6,12,4.074,49.9828,3.0092,8.412,0.1555,13
6,12,4.074,49.9828,3.0175,8.315,0.1718,13
6,12,4.074,49.9828,3.0175,8.548,0.1727,13
6,12,4.074,49.9828,3.0259,8.405,0.1676,13
6,12,4.074,49.9828,3.0259,8.713,0.2007,13
6,12,4.074,49.9828,3.0343,8.888,0.1656,13
6,12,4.074,49.9828,3.0426,9.064,0.1684,13
6,12,4.074,49.9828,3.051,9.245,0.1701,13
6,12,4.074,49.9828,3.0593,9.736,0.1755,13
6,12,4.074,49.9828,3.0677,9.798,0.1765,13
6,12,4.074,49.9828,3.0761,10.15,0.1803,13
6,12,4.074,49.9828,3.0844,10.81,0.1876,13
6,12,4.074,49.9828,3.0928,11.01,0.1896,13
6,12,4.074,49.9828,3.1011,10.96,0.1895,13
6,12,4.074,49.9828,3.1095,11.37,0.1933,13
6,12,4.074,49.9828,3.1179,11.78,0.1971,13
6,12,4.074,49.9828,3.1262,12.12,0.2004,13
6,12,4.074,49.9828,3.1346,11.79,0.206,13
6,12,4.074,49.9828,3.1429,12.35,0.2256,13
6,12,4.074,49.9828,3.1513,13.2,0.2557,13
6,12,4.074,49.9828,3.1596,13.3,0.2879,13
6,12,4.074,59.9828,3.0157,1.15,0.0294,13
6,12,4.074,59.9828,3.0224,1.199,0.02848,13
6,12,4.074,59.9828,3.0291,1.277,0.02913,13
6,12,4.074,59.9828,3.0358,1.33,0.03,13
6,12,4.074,59.9828,3.0426,1.386,0.03054,13
6,12,4.074,59.9828,3.0493,1.42,0.03117,13
6,12,4.074,59.9828,3.056,1.565,0.03309,13
6,12,4.074,59.9828,3.0627,1.601,0.03344,13
6,12,4.074,59.9828,3.0695,1.697,0.0347,13
6,12,4.074,59.9828,3.0762,1.767,0.03562,13
6,12,4.074,59.9828,3.0829,1.849,0.03651,13
6,12,4.074,59.9828,3.0896,1.901,0.03707,13
6,12,4.074,59.9828,3.0964,2.011,0.03861,13
6,12,4.074,59.9828,3.1031,2.083,0.0395,13
6,12,4.074,59.9828,3.1098,2.183,0.04047,13
6,12,4.074,59.9828,3.1165,2.247,0.04108,13
6,12,4.074,59.9828,3.1233,2.344,0.04237,13
6,12,4.074,59.9828,3.13,2.461,0.04362,13
6,12,4.074,59.9828,3.1367,2.547,0.0466,13
6,12,4.074,59.9828,3.1434,2.548,0.0688,13
6,12,4.074,59.9828,3.1434,2.637,0.04906,13
6,12,4.074,59.9828,3.1502,2.716,0.06534,13
6,12,4.074,59.9828,3.1502,2.839,0.05516,13
6,12,4.074,59.9828,3.1569,2.854,0.06287,13
6,12,4.074,59.9828,3.1636,2.998,0.06332,13
6,12,4.074,59.9828,3.1703,2.989,0.06213,13
6,12,4.074,59.9828,3.1771,3.136,0.06429,13
6,12,4.074,59.9828,3.1838,3.258,0.06551,13
6,12,4.074,59.9828,3.1905,3.429,0.06775,13
6,12,4.074,59.9828,3.1972,3.628,0.07023,13
6,12,4.074,59.9828,3.204,3.631,0.07014,13
6,12,4.074,59.9828,3.2107,3.769,0.07184,13
6,12,4.074,59.9828,3.2174,3.926,0.07374,13
6,12,4.074,59.9828,3.2241,4.161,0.07663,13
6,12,4.074,59.9828,3.2309,4.242,0.07745,13
6,12,4.074,59.9828,3.2376,4.35,0.07863,13
6,12,4.074,59.9828,3.2443,4.524,0.08064,13
6,12,4.074,59.9828,3.251,4.701,0.08276,13
6,12,4.074,59.9828,3.2578,4.924,0.08724,13
6,12,4.074,59.9828,3.2645,4.799,0.12,13
6,12,4.074,59.9828,3.2645,4.881,0.09122,13
6,12,4.074,59.9828,3.2712,5.165,0.1017,13
6,12,4.074,59.9828,3.2712,5.17,0.1147,13
6,12,4.074,59.9828,3.2779,5.237,0.1129,13
6,12,4.074,59.9828,3.2779,5.256,0.1085,13
6,12,4.074,59.9828,3.2846,5.539,0.1079,13
6,12,4.074,59.9828,3.2914,5.455,0.1073,13
6,12,4.074,59.9828,3.2981,5.769,0.111,13
6,12,4.074,59.9828,3.3048,5.82,0.1116,13
6,12,4.074,59.9828,3.3115,5.973,0.114,13
6,12,4.074,59.9828,3.3183,6.319,0.1179,13
6,12,4.074,59.9828,3.325,6.273,0.1177,13
6,12,4.074,59.9828,3.3317,6.616,0.1215,13
6,12,4.074,59.9828,3.3384,6.611,0.1217,13
6,12,4.074,59.9828,3.3452,6.837,0.1245,13
6,12,4.074,59.9828,3.3519,7.106,0.1274,13
6,12,4.074,59.9828,3.3586,7.28,0.1293,13
6,12,4.074,59.9828,3.3653,7.417,0.1377,13
6,12,4.074,59.9828,3.3721,7.788,0.1508,13
6,12,4.074,75.9828,3.4113,1.318,0.04773,13
6,12,4.074,75.9828,3.4163,1.319,0.04453,13
6,12,4.074,75.9828,3.4212,1.469,0.0446,13
6,12,4.074,75.9828,3.4262,1.541,0.04581,13
6,12,4.074,75.9828,3.4312,1.642,0.04717,13
6,12,4.074,75.9828,3.4361,1.619,0.04724,13
6,12,4.074,75.9828,3.4411,1.735,0.04934,13
6,12,4.074,75.9828,3.4461,1.863,0.05102,13
6,12,4.074,75.9828,3.451,1.714,0.04984,13
6,12,4.074,75.9828,3.456,1.907,0.05259,13
6,12,4.074,75.9828,3.461,1.929,0.05333,13
6,12,4.074,75.9828,3.466,2.046,0.05508,13
6,12,4.074,75.9828,3.4759,2.224,0.0575,13
6,12,4.074,75.9828,3.4809,2.337,0.05914,13
6,12,4.134,39.0128,2.7126,22.03,0.4424,13
6,12,4.134,39.0128,2.7234,21.56,0.3983,13
6,12,4.134,39.0128,2.7341,22.58,0.3961,13
6,12,4.134,39.0128,2.7449,23.37,0.3847,13
6,12,4.134,39.0128,2.7556,24.47,0.3903,13
6,12,4.134,39.0128,2.7664,25.03,0.395,13
6,12,4.134,39.0128,2.7771,25.41,0.4006,13
6,12,4.134,39.0128,2.7879,26.28,0.4089,13
6,12,4.134,39.0128,2.7986,26.75,0.4131,13
6,12,4.134,39.0128,2.8094,27.42,0.4206,13
6,12,4.134,39.0128,2.8201,27.75,0.4233,13
6,12,4.134,39.0128,2.8309,28.25,0.4288,13
6,12,4.134,39.0128,2.8416,29.52,0.4409,13
6,12,4.134,39.0128,2.8524,29.33,0.4386,13
6,12,4.134,39.0128,2.8631,30.62,0.4504,13
6,12,4.134,39.0128,2.8739,31.88,0.4621,13
6,12,4.134,39.0128,2.8846,31.11,0.4841,13
6,12,4.134,39.0128,2.8954,32.38,0.5114,13
6,12,4.134,39.0128,2.9061,34.02,0.5687,13
6,12,4.134,39.0128,2.9169,34.24,0.6335,13
6,12,4.134,47.9828,2.7094,2.334,0.08225,13
6,12,4.134,47.9828,2.7094,2.364,0.08035,13
6,12,4.134,47.9828,2.7181,2.431,0.07951,13
6,12,4.134,47.9828,2.7181,2.498,0.07819,13
6,12,4.134,47.9828,2.7267,2.471,0.07624,13
6,12,4.134,47.9828,2.7267,2.549,0.07561,13
6,12,4.134,47.9828,2.7354,2.641,0.07342,13
6,12,4.134,47.9828,2.7354,2.759,0.07318,13
6,12,4.134,47.9828,2.7441,2.815,0.07201,13
6,12,4.134,47.9828,2.7441,2.912,0.07569,13
6,12,4.134,47.9828,2.7528,3.007,0.07538,13
6,12,4.134,47.9828,2.7528,3.057,0.07413,13
6,12,4.134,47.9828,2.7614,2.975,0.0724,13
6,12,4.134,47.9828,2.7614,3.028,0.07567,13
6,12,4.134,47.9828,2.7701,3.183,0.07542,13
6,12,4.134,47.9828,2.7701,3.412,0.08137,13
6,12,4.134,47.9828,2.7788,3.414,0.08148,13
6,12,4.134,47.9828,2.7788,3.443,0.07959,13
6,12,4.134,47.9828,2.7875,3.54,0.08315,13
6,12,4.134,47.9828,2.7875,3.662,0.08252,13
6,12,4.134,47.9828,2.7961,3.775,0.08596,13
6,12,4.134,47.9828,2.7961,3.782,0.0837,13
6,12,4.134,47.9828,2.8048,3.887,0.08494,13
6,12,4.134,47.9828,2.8048,4.091,0.09035,13
6,12,4.134,47.9828,2.8135,4.059,0.08712,13
6,12,4.134,47.9828,2.8135,4.115,0.09041,13
6,12,4.134,47.9828,2.8222,4.12,0.0907,13
6,12,4.134,47.9828,2.8222,4.422,0.09193,13
6,12,4.134,47.9828,2.8308,4.494,0.09227,13
6,12,4.134,47.9828,2.8308,4.54,0.09638,13
6,12,4.134,47.9828,2.8395,4.516,0.09544,13
6,12,4.134,47.9828,2.8395,4.677,0.09431,13
6,12,4.134,47.9828,2.8482,4.667,0.09446,13
6,12,4.134,47.9828,2.8482,4.736,0.09808,13
6,12,4.134,47.9828,2.8569,4.982,0.09817,13
6,12,4.134,47.9828,2.8569,5.058,0.102,13
6,12,4.134,47.9828,2.8655,5.294,0.1044,13
6,12,4.134,47.9828,2.8655,5.332,0.1017,13
6,12,4.134,47.9828,2.8742,5.521,0.1076,13
6,12,4.134,47.9828,2.8742,5.533,0.1042,13
6,12,4.134,47.9828,2.8829,5.458,0.1083,13
6,12,4.134,47.9828,2.8829,5.466,0.1149,13
6,12,4.134,47.9828,2.8916,5.917,0.1165,13
6,12,4.134,47.9828,2.8916,5.955,0.1208,13
6,12,4.134,47.9828,2.9003,5.828,0.1242,13
6,12,4.134,47.9828,2.9003,6.08,0.1277,13
6,12,4.134,47.9828,2.9003,6.133,0.1322,13
6,12,4.134,47.9828,2.9089,6.074,0.1219,13
6,12,4.134,47.9828,2.9089,6.372,0.1375,13
6,12,4.134,47.9828,2.9089,6.484,0.1433,13
6,12,4.134,47.9828,2.9176,6.482,0.1607,13
6,12,4.134,47.9828,2.9176,6.544,0.1199,13
6,12,4.134,47.9828,2.9176,6.752,0.1593,13
6,12,4.134,47.9828,2.9263,6.78,0.1178,13
6,12,4.134,47.9828,2.935,6.896,0.1192,13
6,12,4.134,47.9828,2.9436,7.094,0.1209,13
6,12,4.134,47.9828,2.9523,7.214,0.1225,13
6,12,4.134,47.9828,2.961,7.614,0.127,13
6,12,4.134,47.9828,2.9697,8.117,0.1318,13
6,12,4.134,47.9828,2.9783,8.184,0.1328,13
6,12,4.134,47.9828,2.987,8.444,0.1354,13
6,12,4.134,47.9828,2.9957,8.854,0.1397,13
6,12,4.134,47.9828,3.0044,9.042,0.1414,13
6,12,4.134,47.9828,3.013,8.984,0.1406,13
6,12,4.134,47.9828,3.0217,9.52,0.1457,13
6,12,4.134,47.9828,3.0304,9.823,0.1488,13
6,12,4.134,47.9828,3.0391,10.18,0.1523,13
6,12,4.134,47.9828,3.0477,10.41,0.1648,13
6,12,4.134,47.9828,3.0564,10.28,0.1794,13
6,12,4.134,47.9828,3.0564,10.86,0.1747,13
6,12,4.134,47.9828,3.0651,10.72,0.1706,13
6,12,4.134,47.9828,3.0651,11.16,0.1914,13
6,12,4.134,47.9828,3.0738,11.07,0.1644,13
6,12,4.134,47.9828,3.0738,11.34,0.2143,13
6,12,4.134,47.9828,3.0825,11.69,0.1673,13
6,12,4.134,47.9828,3.0911,11.78,0.1661,13
6,12,4.134,47.9828,3.0998,12.46,0.1726,13
6,12,4.134,47.9828,3.1085,12.33,0.1714,13
6,12,4.134,47.9828,3.1172,12.7,0.1753,13
6,12,4.134,47.9828,3.1258,13.2,0.1799,13
6,12,4.134,47.9828,3.1345,13.55,0.1832,13
6,12,4.134,47.9828,3.1432,13.81,0.1858,13
6,12,4.134,47.9828,3.1519,14.08,0.1883,13
6,12,4.134,47.9828,3.1605,14.48,0.1917,13
6,12,4.134,47.9828,3.1692,14.73,0.194,13
6,12,4.134,47.9828,3.1779,15.26,0.1989,13
6,12,4.134,47.9828,3.1866,15.2,0.2525,13
6,12,4.134,47.9828,3.1866,15.5,0.2077,13
6,12,4.134,47.9828,3.1952,15.58,0.2372,13
6,12,4.134,47.9828,3.1952,16.06,0.2234,13
6,12,4.134,47.9828,3.2039,16.27,0.2409,13
6,12,4.134,47.9828,3.2039,16.29,0.2323,13
6,12,4.134,47.9828,3.2126,16.68,0.2286,13
6,12,4.134,47.9828,3.2213,16.92,0.2311,13
6,12,4.134,47.9828,3.2299,17.04,0.2327,13
6,12,4.134,47.9828,3.2386,17.81,0.2397,13
6,12,4.134,47.9828,3.2473,18.04,0.2422,13
6,12,4.134,47.9828,3.256,18.51,0.2469,13
6,12,4.134,47.9828,3.2647,18.6,0.2478,13
6,12,4.134,47.9828,3.2733,19.06,0.252,13
6,12,4.134,47.9828,3.282,19.3,0.2542,13
6,12,4.134,47.9828,3.2907,20.07,0.2613,13
6,12,4.134,47.9828,3.2994,20.2,0.2713,13
6,12,4.134,47.9828,3.308,20.95,0.2924,13
6,12,4.134,47.9828,3.3167,21.88,0.322,13
6,12,4.134,57.9828,3.0564,1.503,0.03696,13
6,12,4.134,57.9828,3.0634,1.613,0.03695,13
6,12,4.134,57.9828,3.0703,1.679,0.03552,13
6,12,4.134,57.9828,3.0773,1.783,0.03621,13
6,12,4.134,57.9828,3.0842,1.853,0.03655,13
6,12,4.134,57.9828,3.0911,1.912,0.03734,13
6,12,4.134,57.9828,3.0981,2.035,0.03877,13
6,12,4.134,57.9828,3.105,2.13,0.03999,13
6,12,4.134,57.9828,3.112,2.197,0.04075,13
6,12,4.134,57.9828,3.1189,2.269,0.04149,13
6,12,4.134,57.9828,3.1259,2.413,0.04327,13
6,12,4.134,57.9828,3.1328,2.535,0.04458,13
6,12,4.134,57.9828,3.1397,2.627,0.04559,13
6,12,4.134,57.9828,3.1467,2.711,0.04656,13
6,12,4.134,57.9828,3.1536,2.79,0.04742,13
6,12,4.134,57.9828,3.1606,2.873,0.0483,13
6,12,4.134,57.9828,3.1675,2.971,0.04933,13
6,12,4.134,57.9828,3.1745,3.156,0.05136,13
6,12,4.134,57.9828,3.1814,3.302,0.05294,13
6,12,4.134,57.9828,3.1883,3.253,0.06608,13
6,12,4.134,57.9828,3.1883,3.451,0.05687,13
6,12,4.134,57.9828,3.1953,3.373,0.06297,13
6,12,4.134,57.9828,3.1953,3.475,0.05868,13
6,12,4.134,57.9828,3.2022,3.631,0.0644,13
6,12,4.134,57.9828,3.2022,3.651,0.06463,13
6,12,4.134,57.9828,3.2092,3.822,0.06454,13
6,12,4.134,57.9828,3.2092,3.888,0.07334,13
6,12,4.134,57.9828,3.2161,3.825,0.06444,13
6,12,4.134,57.9828,3.2161,4.003,0.08518,13
6,12,4.134,57.9828,3.2231,4.027,0.06687,13
6,12,4.134,57.9828,3.23,4.154,0.06825,13
6,12,4.134,57.9828,3.2369,4.38,0.07082,13
6,12,4.134,57.9828,3.2439,4.421,0.07114,13
6,12,4.134,57.9828,3.2508,4.581,0.07299,13
6,12,4.134,57.9828,3.2578,4.731,0.07457,13
6,12,4.134,57.9828,3.2647,4.895,0.07631,13
6,12,4.134,57.9828,3.2717,4.897,0.07645,13
6,12,4.134,57.9828,3.2786,5.062,0.07801,13
6,12,4.134,57.9828,3.2855,5.255,0.07997,13
6,12,4.134,57.9828,3.2925,5.539,0.08304,13
6,12,4.134,57.9828,3.2994,5.609,0.08375,13
6,12,4.134,57.9828,3.3064,5.904,0.09244,13
6,12,4.134,57.9828,3.3133,5.915,0.1102,13
6,12,4.134,57.9828,3.3133,6.225,0.1018,13
6,12,4.134,57.9828,3.3203,6.041,0.1036,13
6,12,4.134,57.9828,3.3203,6.394,0.1127,13
6,12,4.134,57.9828,3.3272,6.388,0.1024,13
6,12,4.134,57.9828,3.3342,6.67,0.1034,13
6,12,4.134,57.9828,3.3411,6.832,0.104,13
6,12,4.134,57.9828,3.348,6.969,0.1057,13
6,12,4.134,57.9828,3.355,7.14,0.1075,13
6,12,4.134,57.9828,3.3619,7.231,0.1087,13
6,12,4.134,57.9828,3.3689,7.481,0.1113,13
6,12,4.134,57.9828,3.3758,7.796,0.1146,13
6,12,4.134,57.9828,3.3828,7.854,0.1153,13
6,12,4.134,57.9828,3.3897,7.968,0.1166,13
6,12,4.134,57.9828,3.3966,8.146,0.1184,13
6,12,4.134,57.9828,3.4036,8.431,0.1213,13
6,12,4.134,57.9828,3.4105,8.824,0.1255,13
6,12,4.134,57.9828,3.4175,9.015,0.1323,13
6,12,4.134,57.9828,3.4244,9.453,0.1484,13
6,12,4.134,57.9828,3.4314,9.616,0.1628,13
6,12,4.134,74.9828,3.4232,0.9124,0.03271,13
6,12,4.134,74.9828,3.4232,0.9881,0.03539,13
6,12,4.134,74.9828,3.4282,1.009,0.03292,13
6,12,4.134,74.9828,3.4282,0.9761,0.03295,13
6,12,4.134,74.9828,3.4332,1.045,0.03313,13
6,12,4.134,74.9828,3.4332,1.059,0.03175,13
6,12,4.134,74.9828,3.4382,1.125,0.03358,13
6,12,4.134,74.9828,3.4382,1.149,0.03242,13
6,12,4.134,74.9828,3.4432,1.185,0.03307,13
6,12,4.134,74.9828,3.4432,1.208,0.03498,13
6,12,4.134,74.9828,3.4482,1.211,0.03355,13
6,12,4.134,74.9828,3.4482,1.263,0.03579,13
6,12,4.134,74.9828,3.4532,1.285,0.0346,13
6,12,4.134,74.9828,3.4532,1.311,0.03662,13
6,12,4.134,74.9828,3.4582,1.324,0.03557,13
6,12,4.134,74.9828,3.4582,1.365,0.0376,13
6,12,4.134,74.9828,3.4632,1.392,0.03834,13
6,12,4.134,74.9828,3.4632,1.403,0.03665,13
6,12,4.134,74.9828,3.4682,1.396,0.03681,13
6,12,4.134,74.9828,3.4682,1.466,0.03939,13
6,12,4.134,74.9828,3.4732,1.506,0.03842,13
6,12,4.134,74.9828,3.4732,1.516,0.04018,13
6,12,4.134,74.9828,3.4782,1.48,0.03849,13
6,12,4.134,74.9828,3.4782,1.569,0.041,13
6,12,4.134,74.9828,3.4832,1.609,0.04193,13
6,12,4.134,74.9828,3.4832,1.654,0.0406,13
6,12,4.134,74.9828,3.4882,1.651,0.04264,13
6,12,4.134,74.9828,3.4882,1.705,0.04147,13
6,12,4.134,74.9828,3.4932,1.733,0.04194,13
6,12,4.134,74.9828,3.4932,1.771,0.04427,13
6,12,4.134,74.9828,3.4982,1.776,0.0446,13
6,12,4.134,74.9828,3.4982,1.801,0.04293,13
6,12,4.134,74.9828,3.5032,1.831,0.04361,13
6,12,4.134,74.9828,3.5032,1.857,0.04581,13
6,12,4.134,74.9828,3.5082,1.931,0.04698,13
6,12,4.134,74.9828,3.5082,1.982,0.0454,13
6,12,4.134,74.9828,3.5132,1.972,0.0495,13
6,12,4.134,74.9828,3.5132,1.974,0.05627,13
6,12,4.134,74.9828,3.5182,2.073,0.0533,13
6,12,4.134,74.9828,3.5182,2.105,0.05128,13
6,12,4.134,74.9828,3.5182,2.124,0.06332,13
6,12,4.134,74.9828,3.5182,2.204,0.123,13
6,12,4.134,74.9828,3.5232,2.06,0.06128,13
6,12,4.134,74.9828,3.5232,2.105,0.05867,13
6,12,4.134,74.9828,3.5232,2.118,0.1106,13
6,12,4.134,74.9828,3.5232,2.172,0.05887,13
6,12,4.134,74.9828,3.5282,2.132,0.1048,13
6,12,4.134,74.9828,3.5282,2.168,0.06808,13
6,12,4.134,74.9828,3.5282,2.176,0.05607,13
6,12,4.134,74.9828,3.5282,2.245,0.0726,13
6,12,4.134,74.9828,3.5332,2.328,0.057,13
6,12,4.134,74.9828,3.5332,2.473,0.1087,13
6,12,4.134,74.9828,3.5382,2.329,0.1071,13
6,12,4.134,74.9828,3.5382,2.412,0.05827,13
6,12,4.134,74.9828,3.5432,2.468,0.1116,13
6,12,5.15,11.9728,1.2299,3544,50.11,13
6,12,5.15,11.9728,1.249,3620,48.43,13
6,12,5.15,11.9728,1.268,3593,47.12,13
6,12,5.15,11.9728,1.287,3658,46.45,13
6,12,5.15,11.9728,1.3061,3662,46.01,13
6,12,5.15,11.9728,1.3251,3705,46.35,13
6,12,5.15,11.9728,1.3442,3769,46.92,13
6,12,5.15,11.9728,1.3632,3743,46.52,13
6,12,5.15,11.9728,1.3823,3751,46.49,13
6,12,5.15,11.9728,1.4013,3766,46.55,13
6,12,5.15,11.9728,1.4203,3754,46.34,13
6,12,5.15,11.9728,1.4394,3734,46.05,13
6,12,5.15,11.9728,1.4584,3768,46.35,13
6,12,5.15,11.9728,1.4775,3745,46,13
6,12,5.15,11.9728,1.4965,3740,45.87,13
6,12,5.15,11.9728,1.5155,3729,45.71,13
6,12,5.15,11.9728,1.5346,3764,45.97,13
6,12,5.15,11.9728,1.5536,3710,45.33,13
6,12,5.15,11.9728,1.5727,3682,44.98,13
6,12,5.15,11.9728,1.5917,3666,44.75,13
6,12,5.15,11.9728,1.6108,3646,44.48,13
6,12,5.15,11.9728,1.6298,3616,44.04,13
6,12,5.15,11.9728,1.6488,3612,43.9,13
6,12,5.15,11.9728,1.6679,3580,43.5,13
6,12,5.15,11.9728,1.6869,3551,43.18,13
6,12,5.15,11.9728,1.706,3570,43.33,13
6,12,5.15,11.9728,1.725,3556,43.14,13
6,12,5.15,11.9728,1.7441,3516,43.48,13
6,12,5.15,11.9728,1.7631,3473,47.32,13
6,12,5.15,11.9728,1.7631,3547,44.24,13
6,12,5.15,11.9728,1.7821,3480,44.77,13
6,12,5.15,11.9728,1.7821,3486,45.58,13
6,12,5.15,11.9728,1.8012,3450,45.32,13
6,12,5.15,11.9728,1.8012,3455,44.52,13
6,12,5.15,11.9728,1.8202,3423,43.73,13
6,12,5.15,11.9728,1.8202,3464,48.21,13
6,12,5.15,11.9728,1.8393,3472,50.53,13
6,12,5.15,11.9728,1.8393,3479,44.32,13
6,12,5.15,11.9728,1.8583,3397,43.41,13
6,12,5.15,11.9728,1.8583,3462,58.77,13
6,12,5.15,11.9728,1.8773,3302,42.38,13
6,12,5.15,11.9728,1.8964,3364,43.01,13
6,12,5.15,11.9728,1.9154,3328,42.67,13
6,12,5.15,11.9728,1.9345,3333,42.7,13
6,12,5.15,11.9728,1.9535,3274,42.06,13
6,12,5.15,11.9728,1.9726,3241,41.74,13
6,12,5.15,11.9728,1.9916,3250,41.8,13
6,12,5.15,11.9728,2.0106,3200,41.26,13
6,12,5.15,11.9728,2.0297,3165,40.88,13
6,12,5.15,11.9728,2.0487,3138,40.56,13
6,12,5.15,11.9728,2.0678,3094,40.06,13
6,12,5.15,11.9728,2.0868,3081,39.83,13
6,12,5.15,11.9728,2.1059,3084,39.83,13
6,12,5.15,11.9728,2.1249,3123,40.2,13
6,12,5.15,11.9728,2.1439,3024,39.14,13
6,12,5.15,11.9728,2.163,3004,38.91,13
6,12,5.15,11.9728,2.182,3022,39.67,13
6,12,5.15,11.9728,2.2011,3051,41.08,13
6,12,5.15,11.9728,2.2201,3005,42.21,13
6,12,5.15,11.9728,2.2391,3028,43.58,13
6,12,5.15,11.9728,2.2582,2935,46.11,13
6,12,5.15,11.9728,2.2772,2946,53.08,13
6,12,5.15,17.9728,1.2517,140.5,3.173,13
6,12,5.15,17.9728,1.2686,145,3.081,13
6,12,5.15,17.9728,1.2854,148.1,2.99,13
6,12,5.15,17.9728,1.3022,153.1,2.946,13
6,12,5.15,17.9728,1.319,161.4,2.969,13
6,12,5.15,17.9728,1.3358,167.8,2.982,13
6,12,5.15,17.9728,1.3526,174.4,3.031,13
6,12,5.15,17.9728,1.3694,175.6,3.039,13
6,12,5.15,17.9728,1.3862,184.5,3.148,13
6,12,5.15,17.9728,1.4031,189.7,3.22,13
6,12,5.15,17.9728,1.4199,197.7,3.319,13
6,12,5.15,17.9728,1.4367,203.8,3.384,13
6,12,5.15,17.9728,1.4535,209.5,3.458,13
6,12,5.15,17.9728,1.4703,218.2,3.562,13
6,12,5.15,17.9728,1.4871,227.7,3.654,13
6,12,5.15,17.9728,1.5039,232.6,3.697,13
6,12,5.15,17.9728,1.5207,237.8,3.755,13
6,12,5.15,17.9728,1.5376,248.2,3.868,13
6,12,5.15,17.9728,1.5544,255.5,3.931,13
6,12,5.15,17.9728,1.5712,259.1,3.952,13
6,12,5.15,17.9728,1.588,271.7,4.08,13
6,12,5.15,17.9728,1.6048,277.7,4.134,13
6,12,5.15,17.9728,1.6216,284.4,4.194,13
6,12,5.15,17.9728,1.6384,290.9,4.252,13
6,12,5.15,17.9728,1.6552,298.8,4.307,13
6,12,5.15,17.9728,1.6721,304.1,4.344,13
6,12,5.15,17.9728,1.6889,314.7,4.443,13
6,12,5.15,17.9728,1.7057,317.3,4.516,13
6,12,5.15,17.9728,1.7225,326.3,4.651,13
6,12,5.15,17.9728,1.7393,337.1,4.822,13
6,12,5.15,17.9728,1.7561,345,4.977,13
6,12,5.15,17.9728,1.7729,353.4,5.165,13
6,12,5.15,17.9728,1.7897,358.4,5.516,13
6,12,5.15,17.9728,1.8066,366.2,5.815,13
6,12,5.15,17.9728,1.8234,371.8,6.214,13
6,12,5.15,17.9828,0.7484,6,0.4158,13
6,12,5.15,17.9828,0.7652,6.847,0.4326,13
6,12,5.15,17.9828,0.782,8.316,0.5035,13
6,12,5.15,17.9828,0.7988,10.61,0.5693,13
6,12,5.15,17.9828,0.8156,12.81,0.6521,13
6,12,5.15,17.9828,0.8324,14.36,0.7063,13
6,12,5.15,17.9828,0.8492,18.86,0.8731,13
6,12,5.15,17.9828,0.866,22.25,0.9864,13
6,12,5.15,17.9828,0.8829,26.56,1.096,13
6,12,5.15,17.9828,0.8997,32.53,1.257,13
6,12,5.15,17.9828,0.9165,37.09,1.356,13
6,12,5.15,17.9828,0.9333,42.76,1.486,13
6,12,5.15,17.9828,0.9501,48.33,1.576,13
6,12,5.15,17.9828,0.9669,54.69,1.64,13
6,12,5.15,17.9828,0.9837,61.46,1.717,13
6,12,5.15,17.9828,1.0005,67.79,1.761,13
6,12,5.15,17.9828,1.0173,76.15,1.849,13
6,12,5.15,17.9828,1.0341,81.52,1.861,13
6,12,5.15,17.9828,1.0509,86.22,1.844,13
6,12,5.15,17.9828,1.0678,90.77,1.85,13
6,12,5.15,17.9828,1.0846,96.56,1.884,13
6,12,5.15,17.9828,1.1014,99.58,1.884,13
6,12,5.15,17.9828,1.1182,107.2,1.966,13
6,12,5.15,17.9828,1.135,109.7,1.975,13
6,12,5.15,17.9828,1.1518,112,1.966,13
6,12,5.15,17.9828,1.1686,119.9,2.052,13
6,12,5.15,17.9828,1.1854,123.3,2.107,13
6,12,5.15,17.9828,1.2022,127.7,2.204,13
6,12,5.15,17.9828,1.219,134.8,2.278,13
6,12,5.15,17.9828,1.2358,138.4,2.351,13
6,12,5.15,17.9828,1.2526,144.8,2.471,13
6,12,5.15,17.9828,1.2695,146.3,2.547,13
6,12,5.15,17.9828,1.2863,157.4,2.692,13
6,12,5.15,17.9828,1.3031,156.6,2.754,13
6,12,5.15,17.9828,1.3199,164.8,2.963,13
6,12,5.15,17.9828,1.7569,337.2,6.59,13
6,12,5.15,17.9828,1.7737,349.4,6.407,13
6,12,5.15,17.9828,1.7905,346.4,6.113,13
6,12,5.15,17.9828,1.8073,368.8,5.987,13
6,12,5.15,17.9828,1.8241,363.3,5.904,13
6,12,5.15,17.9828,1.841,370.7,5.838,13
6,12,5.15,17.9828,1.8578,380.2,5.855,13
6,12,5.15,17.9828,1.8746,385.1,5.894,13
6,12,5.15,17.9828,1.8914,386,5.887,13
6,12,5.15,17.9828,1.9082,396.3,6,13
6,12,5.15,17.9828,1.925,399.7,6.029,13
6,12,5.15,17.9828,1.9418,408,6.095,13
6,12,5.15,17.9828,1.9586,421.1,6.241,13
6,12,5.15,17.9828,1.9754,412.5,6.14,13
6,12,5.15,17.9828,1.9922,421,6.216,13
6,12,5.15,17.9828,2.009,430,6.302,13
6,12,5.15,17.9828,2.0259,429.4,6.29,13
6,12,5.15,17.9828,2.0427,443.5,6.424,13
6,12,5.15,17.9828,2.0595,437.7,6.347,13
6,12,5.15,17.9828,2.0763,442.4,6.387,13
6,12,5.15,17.9828,2.0931,451.1,6.457,13
6,12,5.15,17.9828,2.1099,449.4,6.427,13
6,12,5.15,17.9828,2.1267,461.9,6.538,13
6,12,5.15,17.9828,2.1435,463.3,6.55,13
6,12,5.15,17.9828,2.1603,468.6,6.815,13
6,12,5.15,17.9828,2.1771,476.9,7.037,13
6,12,5.15,17.9828,2.1939,475.4,7.185,13
6,12,5.15,17.9828,2.2107,486,7.483,13
6,12,5.15,17.9828,2.2276,477.1,7.953,13
6,12,5.15,17.9828,2.2444,473.7,8.331,13
6,12,5.15,22.9728,2.5828,121.4,3.665,13
6,12,5.15,22.9728,2.5977,130.8,3.609,13
6,12,5.15,22.9728,2.6125,127.1,3.374,13
6,12,5.15,22.9728,2.6274,128.7,3.255,13
6,12,5.15,22.9728,2.6422,129.4,3.147,13
6,12,5.15,22.9728,2.6571,140.5,3.21,13
6,12,5.15,22.9728,2.6719,139.6,3.133,13
6,12,5.15,22.9728,2.6868,137.5,3.108,13
6,12,5.15,22.9728,2.7016,139.8,3.142,13
6,12,5.15,22.9728,2.7165,140.9,3.136,13
6,12,5.15,22.9728,2.7313,150.3,3.281,13
6,12,5.15,22.9728,2.7462,148.2,3.252,13
6,12,5.15,22.9728,2.761,146.7,3.23,13
6,12,5.15,22.9728,2.7759,149.2,3.254,13
6,12,5.15,22.9728,2.7907,149,3.257,13
6,12,5.15,22.9728,2.8056,146.1,3.214,13
6,12,5.15,22.9728,2.8204,149.7,3.256,13
6,12,5.15,22.9728,2.8353,153.6,3.312,13
6,12,5.15,22.9728,2.8501,159.6,3.369,13
6,12,5.15,22.9728,2.865,161.3,3.396,13
6,12,5.15,22.9728,2.8798,170.4,3.675,13
6,12,5.15,22.9728,2.8947,163.3,3.696,13
6,12,5.15,22.9728,2.9095,165.1,3.854,13
6,12,5.15,22.9728,2.9244,170.3,4.274,13
6,12,5.15,22.9728,2.9392,176.3,4.62,13
6,12,5.15,22.9728,2.9541,177.3,4.935,13
6,12,5.15,22.9828,1.2621,1.461,0.09785,13
6,12,5.15,22.9828,1.2621,1.642,0.1253,13
6,12,5.15,22.9828,1.2769,1.75,0.123,13
6,12,5.15,22.9828,1.2769,1.925,0.111,13
6,12,5.15,22.9828,1.2918,2.013,0.1267,13
6,12,5.15,22.9828,1.2918,2.186,0.1146,13
6,12,5.15,22.9828,1.3066,2.42,0.1357,13
6,12,5.15,22.9828,1.3066,2.509,0.12,13
6,12,5.15,22.9828,1.3215,2.647,0.1429,13
6,12,5.15,22.9828,1.3215,2.766,0.1317,13
6,12,5.15,22.9828,1.3363,3.02,0.1491,13
6,12,5.15,22.9828,1.3363,3.244,0.1366,13
6,12,5.15,22.9828,1.3512,3.703,0.1464,13
6,12,5.15,22.9828,1.3512,3.87,0.1709,13
6,12,5.15,22.9828,1.366,4.099,0.18,13
6,12,5.15,22.9828,1.366,4.329,0.1614,13
6,12,5.15,22.9828,1.3809,4.589,0.1825,13
6,12,5.15,22.9828,1.3809,4.742,0.1653,13
6,12,5.15,22.9828,1.3957,5.513,0.1816,13
6,12,5.15,22.9828,1.3957,5.556,0.2051,13
6,12,5.15,22.9828,1.4106,5.953,0.1886,13
6,12,5.15,22.9828,1.4106,5.987,0.2123,13
6,12,5.15,22.9828,1.4254,6.531,0.2207,13
6,12,5.15,22.9828,1.4254,6.868,0.2047,13
6,12,5.15,22.9828,1.4403,7.131,0.2312,13
6,12,5.15,22.9828,1.4403,7.276,0.2088,13
6,12,5.15,22.9828,1.4551,8.074,0.2482,13
6,12,5.15,22.9828,1.4551,8.088,0.221,13
6,12,5.15,22.9828,1.47,8.656,0.254,13
6,12,5.15,22.9828,1.47,9.102,0.2335,13
6,12,5.15,22.9828,1.4848,9.661,0.2389,13
6,12,5.15,22.9828,1.4848,9.928,0.2737,13
6,12,5.15,22.9828,1.4996,10.28,0.2435,13
6,12,5.15,22.9828,1.4996,10.59,0.2798,13
6,12,5.15,22.9828,1.5145,10.88,0.2492,13
6,12,5.15,22.9828,1.5145,11.17,0.2868,13
6,12,5.15,22.9828,1.5293,11.38,0.2851,13
6,12,5.15,22.9828,1.5293,11.59,0.2568,13
6,12,5.15,22.9828,1.5442,12.09,0.2943,13
6,12,5.15,22.9828,1.5442,12.42,0.2672,13
6,12,5.15,22.9828,1.559,12.96,0.2721,13
6,12,5.15,22.9828,1.559,13.35,0.3126,13
6,12,5.15,22.9828,1.5739,13.84,0.282,13
6,12,5.15,22.9828,1.5739,13.89,0.3186,13
6,12,5.15,22.9828,1.5887,14.67,0.292,13
6,12,5.15,22.9828,1.5887,14.81,0.3306,13
6,12,5.15,22.9828,1.6036,15.33,0.3367,13
6,12,5.15,22.9828,1.6036,16.02,0.31,13
6,12,5.15,22.9828,1.6184,16.16,0.3094,13
6,12,5.15,22.9828,1.6184,16.72,0.3552,13
6,12,5.15,22.9828,1.6333,17.69,0.3692,13
6,12,5.15,22.9828,1.6333,17.82,0.3328,13
6,12,5.15,22.9828,1.6481,18.05,0.3351,13
6,12,5.15,22.9828,1.6481,18.05,0.3738,13
6,12,5.15,22.9828,1.663,18.88,0.3431,13
6,12,5.15,22.9828,1.663,19.16,0.3866,13
6,12,5.15,22.9828,1.6778,20.21,0.3989,13
6,12,5.15,22.9828,1.6778,20.43,0.362,13
6,12,5.15,22.9828,1.6927,21.06,0.3776,13
6,12,5.15,22.9828,1.6927,21.3,0.4244,13
6,12,5.15,22.9828,1.7075,22.07,0.3904,13
6,12,5.15,22.9828,1.7075,22.28,0.4375,13
6,12,5.15,22.9828,1.7224,22.93,0.4063,13
6,12,5.15,22.9828,1.7224,23.27,0.4582,13
6,12,5.15,22.9828,1.7372,23.83,0.4758,13
6,12,5.15,22.9828,1.7372,24.17,0.4301,13
6,12,5.15,22.9828,1.752,24.67,0.5221,13
6,12,5.15,22.9828,1.752,25.45,0.5102,13
6,12,5.15,22.9828,1.752,25.76,0.4591,13
6,12,5.15,22.9828,1.7669,25.56,0.5308,13
6,12,5.15,22.9828,1.7669,26.63,0.4797,13
6,12,5.15,22.9828,1.7669,27.36,0.5501,13
6,12,5.15,22.9828,1.7817,26.45,0.5202,13
6,12,5.15,22.9828,1.7817,27.76,0.5744,13
6,12,5.15,22.9828,1.7817,27.8,0.5092,13
6,12,5.15,22.9828,1.7966,27.34,0.5537,13
6,12,5.15,22.9828,1.7966,28.8,0.5884,13
6,12,5.15,22.9828,1.7966,30.54,0.5448,13
6,12,5.15,22.9828,1.8114,29.7,0.5299,13
6,12,5.15,22.9828,1.8114,29.92,0.5553,13
6,12,5.15,22.9828,1.8114,30.5,0.639,13
6,12,5.15,22.9828,1.8263,31.9,0.5469,13
6,12,5.15,22.9828,1.8263,32.33,0.7049,13
6,12,5.15,22.9828,1.8263,32.42,0.6185,13
6,12,5.15,22.9828,1.8411,32.65,0.5473,13
6,12,5.15,22.9828,1.856,33.57,0.5482,13
6,12,5.15,22.9828,1.8708,35.27,0.5671,13
6,12,5.15,22.9828,1.8857,36.9,0.587,13
6,12,5.15,22.9828,1.9005,38.67,0.6062,13
6,12,5.15,22.9828,1.9154,40.52,0.6308,13
6,12,5.15,22.9828,1.9302,41.88,0.6446,13
6,12,5.15,22.9828,1.9451,44.34,0.6712,13
6,12,5.15,22.9828,1.9599,46.35,0.6929,13
6,12,5.15,22.9828,1.9748,47.46,0.7025,13
6,12,5.15,22.9828,1.9896,48.97,0.7168,13
6,12,5.15,22.9828,2.0044,50.42,0.7317,13
6,12,5.15,22.9828,2.0193,53.65,0.7674,13
6,12,5.15,22.9828,2.0341,55.39,0.7804,13
6,12,5.15,22.9828,2.049,57.12,0.7946,13
6,12,5.15,22.9828,2.0638,58.61,0.8084,13
6,12,5.15,22.9828,2.0787,59.94,0.8183,13
6,12,5.15,22.9828,2.0935,62.77,0.8457,13
6,12,5.15,22.9828,2.1084,64.03,0.8594,13
6,12,5.15,22.9828,2.1232,67.36,0.8907,13
6,12,5.15,22.9828,2.1381,69.05,0.9098,13
6,12,5.15,22.9828,2.1529,71.69,0.9432,13
6,12,5.15,22.9828,2.1678,74.3,1.011,13
6,12,5.15,22.9828,2.1826,76.34,1.011,13
6,12,5.15,22.9828,2.1975,77.66,1.04,13
6,12,5.15,22.9828,2.2123,80.22,1.086,13
6,12,5.15,22.9828,2.2272,80.81,1.22,13
6,12,5.15,22.9828,2.2272,83.56,1.144,13
6,12,5.15,22.9828,2.242,83.34,1.177,13
6,12,5.15,22.9828,2.242,85.09,1.195,13
6,12,5.15,22.9828,2.2568,83.89,1.157,13
6,12,5.15,22.9828,2.2568,85.98,1.257,13
6,12,5.15,22.9828,2.2717,86.97,1.167,13
6,12,5.15,22.9828,2.2865,88.96,1.174,13
6,12,5.15,22.9828,2.3014,91.99,1.203,13
6,12,5.15,22.9828,2.3162,92.53,1.204,13
6,12,5.15,22.9828,2.3311,96,1.237,13
6,12,5.15,22.9828,2.3459,97.65,1.25,13
6,12,5.15,22.9828,2.3608,99.93,1.27,13
6,12,5.15,22.9828,2.3756,102.5,1.292,13
6,12,5.15,22.9828,2.3905,103.8,1.305,13
6,12,5.15,22.9828,2.4053,105.7,1.319,13
6,12,5.15,22.9828,2.4202,107.8,1.336,13
6,12,5.15,22.9828,2.435,109.8,1.353,13
6,12,5.15,22.9828,2.4499,112.1,1.372,13
6,12,5.15,22.9828,2.4647,112.5,1.375,13
6,12,5.15,22.9828,2.4796,115.5,1.401,13
6,12,5.15,22.9828,2.4944,116.3,1.403,13
6,12,5.15,22.9828,2.5092,119.9,1.437,13
6,12,5.15,22.9828,2.5241,121,1.443,13
6,12,5.15,22.9828,2.5389,123.2,1.494,13
6,12,5.15,22.9828,2.5538,126.3,1.545,13
6,12,5.15,22.9828,2.5686,127.9,1.586,13
6,12,5.15,22.9828,2.5835,130.5,1.641,13
6,12,5.15,22.9828,2.5983,132.8,1.701,13
6,12,5.15,22.9828,2.6132,135,1.775,13
6,12,5.15,22.9828,2.628,133.7,1.927,13
6,12,5.15,26.9828,1.7626,1.552,0.07318,13
6,12,5.15,26.9828,1.776,1.656,0.07102,13
6,12,5.15,26.9828,1.7893,1.908,0.07654,13
6,12,5.15,26.9828,1.8027,2.083,0.07702,13
6,12,5.15,26.9828,1.816,2.183,0.07549,13
6,12,5.15,26.9828,1.8294,2.405,0.07667,13
6,12,5.15,26.9828,1.8427,2.626,0.08088,13
6,12,5.15,26.9828,1.856,2.626,0.07969,13
6,12,5.15,26.9828,1.8694,3.016,0.08265,13
6,12,5.15,26.9828,1.8827,3.203,0.08609,13
6,12,5.15,26.9828,1.8961,3.405,0.08825,13
6,12,5.15,26.9828,1.9094,3.654,0.09167,13
6,12,5.15,26.9828,1.9228,3.972,0.09705,13
6,12,5.15,26.9828,1.9361,4.165,0.09964,13
6,12,5.15,26.9828,1.9494,4.275,0.1005,13
6,12,5.15,26.9828,1.9628,4.607,0.1065,13
6,12,5.15,26.9828,1.9761,4.901,0.1102,13
6,12,5.15,26.9828,1.9895,5.151,0.1135,13
6,12,5.15,26.9828,2.0028,5.404,0.1175,13
6,12,5.15,26.9828,2.0162,5.917,0.1242,13
6,12,5.15,26.9828,2.0295,6.37,0.1308,13
6,12,5.15,26.9828,2.0428,6.415,0.1315,13
6,12,5.15,26.9828,2.0562,6.663,0.1337,13
6,12,5.15,26.9828,2.0695,7.19,0.1411,13
6,12,5.15,26.9828,2.0829,7.634,0.1474,13
6,12,5.15,26.9828,2.0962,8.04,0.1521,13
6,12,5.15,26.9828,2.1096,8.32,0.1546,13
6,12,5.15,26.9828,2.1229,8.682,0.16,13
6,12,5.15,26.9828,2.1362,9.553,0.1782,13
6,12,5.15,26.9828,2.1496,9.818,0.1805,13
6,12,5.15,26.9828,2.1629,10.39,0.1891,13
6,12,5.15,26.9828,2.1763,10.98,0.1995,13
6,12,5.15,26.9828,2.1896,11.25,0.2074,13
6,12,5.15,26.9828,2.203,11.62,0.2777,13
6,12,5.15,26.9828,2.203,11.89,0.2216,13
6,12,5.15,26.9828,2.2163,12.35,0.2744,13
6,12,5.15,26.9828,2.2163,12.66,0.2391,13
6,12,5.15,26.9828,2.2296,12.79,0.2699,13
6,12,5.15,26.9828,2.2296,13.16,0.2462,13
6,12,5.15,26.9828,2.243,13.41,0.2773,13
6,12,5.15,26.9828,2.243,13.6,0.2615,13
6,12,5.15,26.9828,2.2563,13.73,0.2717,13
6,12,5.15,26.9828,2.2563,14.06,0.2822,13
6,12,5.15,26.9828,2.2697,14.95,0.281,13
6,12,5.15,26.9828,2.283,15.11,0.2756,13
6,12,5.15,26.9828,2.2964,15.86,0.2843,13
6,12,5.15,26.9828,2.3097,16.22,0.2855,13
6,12,5.15,26.9828,2.323,17.52,0.3003,13
6,12,5.15,26.9828,2.3364,18.17,0.3057,13
6,12,5.15,26.9828,2.3497,18.65,0.3119,13
6,12,5.15,26.9828,2.3631,19.93,0.3271,13
6,12,5.15,26.9828,2.3764,20.37,0.3299,13
6,12,5.15,26.9828,2.3898,21.61,0.3438,13
6,12,5.15,26.9828,2.4031,21.77,0.345,13
6,12,5.15,26.9828,2.4165,23.22,0.3598,13
6,12,5.15,26.9828,2.4298,23.58,0.3625,13
6,12,5.15,26.9828,2.4431,24.63,0.3743,13
6,12,5.15,26.9828,2.4565,25.29,0.3794,13
6,12,5.15,26.9828,2.4698,25.83,0.3835,13
6,12,5.15,26.9828,2.4832,27.09,0.3966,13
6,12,5.15,26.9828,2.4965,28.5,0.411,13
6,12,5.15,26.9828,2.5099,28.78,0.4128,13
6,12,5.15,26.9828,2.5232,29.91,0.4278,13
6,12,5.15,26.9828,2.5365,31.51,0.4485,13
6,12,5.15,26.9828,2.5499,32.06,0.4633,13
6,12,5.15,26.9828,2.5632,33.84,0.4894,13
6,12,5.15,26.9828,2.5766,33.66,0.498,13
6,12,5.15,26.9828,2.5899,33.65,0.553,13
6,12,5.15,26.9828,2.5899,34.57,0.5221,13
6,12,5.15,26.9828,2.6033,35.32,0.5496,13
6,12,5.15,26.9828,2.6166,35.88,0.536,13
6,12,5.15,26.9828,2.6299,36.62,0.529,13
6,12,5.15,26.9828,2.6433,38.07,0.532,13
6,12,5.15,26.9828,2.6566,38.93,0.5306,13
6,12,5.15,26.9828,2.67,40.36,0.5388,13
6,12,5.15,26.9828,2.6833,41.23,0.5469,13
6,12,5.15,26.9828,2.6967,42.3,0.5553,13
6,12,5.15,26.9828,2.71,43,0.5629,13
6,12,5.15,26.9828,2.7233,44.01,0.5713,13
6,12,5.15,26.9828,2.7367,45.23,0.581,13
6,12,5.15,26.9828,2.75,46.37,0.5935,13
6,12,5.15,26.9828,2.7634,47.61,0.6034,13
6,12,5.15,26.9828,2.7767,47.4,0.5997,13
6,12,5.15,26.9828,2.7901,49.6,0.6223,13
6,12,5.15,26.9828,2.8034,50.5,0.6287,13
6,12,5.15,26.9828,2.8167,51.21,0.6346,13
6,12,5.15,26.9828,2.8301,52.67,0.6478,13
6,12,5.15,26.9828,2.8434,53.35,0.653,13
6,12,5.15,26.9828,2.8568,53.33,0.6513,13
6,12,5.15,26.9828,2.8701,54.84,0.6719,13
6,12,5.15,26.9828,2.8835,56.37,0.694,13
6,12,5.15,26.9828,2.8968,57.68,0.7307,13
6,12,5.15,26.9828,2.9102,58.84,0.7581,13
6,12,5.15,26.9828,2.9235,57.59,0.7768,13
6,12,5.15,26.9828,2.9235,58.8,0.7768,13
6,12,5.15,26.9828,2.9368,59.19,0.8057,13
6,12,5.15,26.9828,2.9368,59.34,0.7684,13
6,12,5.15,26.9828,2.9502,60.35,0.7584,13
6,12,5.15,26.9828,2.9502,60.4,0.8536,13
6,12,5.15,26.9828,2.9635,61.34,0.7502,13
6,12,5.15,26.9828,2.9769,62.6,0.7488,13
6,12,5.15,26.9828,2.9902,63.53,0.7477,13
6,12,5.15,26.9828,3.0036,64.9,0.754,13
6,12,5.15,26.9828,3.0169,65.03,0.7547,13
6,12,5.15,26.9828,3.0302,66.6,0.769,13
6,12,5.15,26.9828,3.0436,67.47,0.7765,13
6,12,5.15,26.9828,3.0569,68.3,0.7834,13
6,12,5.15,26.9828,3.0703,69.35,0.7926,13
6,12,5.15,26.9828,3.0836,70.62,0.8035,13
6,12,5.15,26.9828,3.097,71.38,0.8103,13
6,12,5.15,26.9828,3.1103,72.55,0.8207,13
6,12,5.15,26.9828,3.1236,73.17,0.8252,13
6,12,5.15,26.9828,3.137,74.41,0.8359,13
6,12,5.15,26.9828,3.1503,74.66,0.8379,13
6,12,5.15,26.9828,3.1637,76.71,0.864,13
6,12,5.15,26.9828,3.177,76.95,0.8746,13
6,12,5.15,26.9828,3.1904,80.02,0.9303,13
6,12,5.15,26.9828,3.2037,80.76,0.9553,13
6,12,5.15,26.9828,3.217,79.56,0.9655,13
6,12,5.15,26.9828,3.2304,81.83,1.017,13
6,12,5.15,26.9828,3.2437,82.44,1.115,13
6,12,5.15,29.9828,2.2023,2.043,0.1029,13
6,12,5.15,29.9828,2.2023,2.169,0.0931,13
6,12,5.15,29.9828,2.2146,1.99,0.08307,13
6,12,5.15,29.9828,2.2146,2.261,0.1025,13
6,12,5.15,29.9828,2.2269,2.309,0.09079,13
6,12,5.15,29.9828,2.2269,2.355,0.1038,13
6,12,5.15,29.9828,2.2392,2.463,0.0893,13
6,12,5.15,29.9828,2.2392,2.517,0.1027,13
6,12,5.15,29.9828,2.2515,2.546,0.08697,13
6,12,5.15,29.9828,2.2515,2.651,0.1006,13
6,12,5.15,29.9828,2.2638,2.689,0.08706,13
6,12,5.15,29.9828,2.2638,2.907,0.1028,13
6,12,5.15,29.9828,2.276,2.908,0.1029,13
6,12,5.15,29.9828,2.276,2.925,0.09104,13
6,12,5.15,29.9828,2.2883,3.056,0.09071,13
6,12,5.15,29.9828,2.2883,3.269,0.1067,13
6,12,5.15,29.9828,2.3006,3.292,0.09477,13
6,12,5.15,29.9828,2.3006,3.417,0.1069,13
6,12,5.15,29.9828,2.3129,3.485,0.09642,13
6,12,5.15,29.9828,2.3129,3.544,0.1087,13
6,12,5.15,29.9828,2.3252,3.615,0.09782,13
6,12,5.15,29.9828,2.3252,3.809,0.113,13
6,12,5.15,29.9828,2.3375,3.867,0.1141,13
6,12,5.15,29.9828,2.3375,3.948,0.103,13
6,12,5.15,29.9828,2.3498,3.972,0.1159,13
6,12,5.15,29.9828,2.3498,4.13,0.1068,13
6,12,5.15,29.9828,2.3621,4.156,0.1063,13
6,12,5.15,29.9828,2.3621,4.198,0.1198,13
6,12,5.15,29.9828,2.3744,4.382,0.1228,13
6,12,5.15,29.9828,2.3744,4.596,0.1134,13
6,12,5.15,29.9828,2.3866,4.771,0.1162,13
6,12,5.15,29.9828,2.3866,4.807,0.1299,13
6,12,5.15,29.9828,2.3989,5.031,0.1196,13
6,12,5.15,29.9828,2.3989,5.135,0.1351,13
6,12,5.15,29.9828,2.4112,5.197,0.1354,13
6,12,5.15,29.9828,2.4112,5.248,0.1222,13
6,12,5.15,29.9828,2.4235,5.706,0.1432,13
6,12,5.15,29.9828,2.4235,5.854,0.1307,13
6,12,5.15,29.9828,2.4358,5.821,0.1459,13
6,12,5.15,29.9828,2.4358,5.855,0.1312,13
6,12,5.15,29.9828,2.4481,6.085,0.1481,13
6,12,5.15,29.9828,2.4481,6.169,0.1352,13
6,12,5.15,29.9828,2.4604,6.311,0.1514,13
6,12,5.15,29.9828,2.4604,6.585,0.1406,13
6,12,5.15,29.9828,2.4727,6.719,0.1581,13
6,12,5.15,29.9828,2.4727,6.792,0.1435,13
6,12,5.15,29.9828,2.485,7.034,0.1459,13
6,12,5.15,29.9828,2.485,7.096,0.1632,13
6,12,5.15,29.9828,2.4972,7.314,0.165,13
6,12,5.15,29.9828,2.4972,7.374,0.1505,13
6,12,5.15,29.9828,2.5095,7.977,0.158,13
6,12,5.15,29.9828,2.5095,8.143,0.1765,13
6,12,5.15,29.9828,2.5218,7.994,0.161,13
6,12,5.15,29.9828,2.5218,8.323,0.1828,13
6,12,5.15,29.9828,2.5341,8.334,0.1672,13
6,12,5.15,29.9828,2.5341,8.588,0.1894,13
6,12,5.15,29.9828,2.5464,8.777,0.1771,13
6,12,5.15,29.9828,2.5464,9.203,0.2021,13
6,12,5.15,29.9828,2.5587,9.171,0.2079,13
6,12,5.15,29.9828,2.5587,9.307,0.1895,13
6,12,5.15,29.9828,2.571,9.565,0.2206,13
6,12,5.15,29.9828,2.571,9.647,0.1998,13
6,12,5.15,29.9828,2.5833,10.15,0.2381,13
6,12,5.15,29.9828,2.5833,10.45,0.2173,13
6,12,5.15,29.9828,2.5833,9.88,0.2723,13
6,12,5.15,29.9828,2.5956,10.04,0.2582,13
6,12,5.15,29.9828,2.5956,10.36,0.2395,13
6,12,5.15,29.9828,2.5956,10.56,0.2181,13
6,12,5.15,29.9828,2.6078,10.41,0.2508,13
6,12,5.15,29.9828,2.6078,10.71,0.257,13
6,12,5.15,29.9828,2.6078,11.2,0.2371,13
6,12,5.15,29.9828,2.6201,11.14,0.2498,13
6,12,5.15,29.9828,2.6201,11.28,0.2508,13
6,12,5.15,29.9828,2.6201,11.45,0.2836,13
6,12,5.15,29.9828,2.6324,11.33,0.2424,13
6,12,5.15,29.9828,2.6324,12.06,0.3138,13
6,12,5.15,29.9828,2.6324,12.08,0.2795,13
6,12,5.15,29.9828,2.6447,12.1,0.2449,13
6,12,5.15,29.9828,2.657,12.48,0.244,13
6,12,5.15,29.9828,2.6693,13.27,0.2494,13
6,12,5.15,29.9828,2.6816,13.97,0.2569,13
6,12,5.15,29.9828,2.6939,14.07,0.2578,13
6,12,5.15,29.9828,2.7062,14.41,0.2612,13
6,12,5.15,29.9828,2.7184,14.79,0.2658,13
6,12,5.15,29.9828,2.7307,15.56,0.2737,13
6,12,5.15,29.9828,2.743,16.26,0.2824,13
6,12,5.15,29.9828,2.7553,16.6,0.286,13
6,12,5.15,29.9828,2.7676,17.35,0.2932,13
6,12,5.15,29.9828,2.7799,17.85,0.2984,13
6,12,5.15,29.9828,2.7922,18.21,0.3022,13
6,12,5.15,29.9828,2.8045,18.84,0.3086,13
6,12,5.15,29.9828,2.8168,19.41,0.3141,13
6,12,5.15,29.9828,2.829,20.04,0.321,13
6,12,5.15,29.9828,2.8413,20.79,0.3281,13
6,12,5.15,29.9828,2.8536,21.19,0.3313,13
6,12,5.15,29.9828,2.8659,22.14,0.3696,13
6,12,5.15,29.9828,2.8782,22.66,0.3578,13
6,12,5.15,29.9828,2.8905,23.85,0.3781,13
6,12,5.15,29.9828,2.9028,23.93,0.3877,13
6,12,5.15,29.9828,2.9151,25.03,0.413,13
6,12,5.15,29.9828,2.9274,24.91,0.4261,13
6,12,5.15,29.9828,2.9274,25.54,0.5078,13
6,12,5.15,29.9828,2.9396,25.13,0.4781,13
6,12,5.15,29.9828,2.9396,25.91,0.4555,13
6,12,5.15,29.9828,2.9519,25.86,0.4659,13
6,12,5.15,29.9828,2.9519,26.97,0.4918,13
6,12,5.15,29.9828,2.9642,26.32,0.4558,13
6,12,5.15,29.9828,2.9765,28.45,0.4661,13
6,12,5.15,29.9828,2.9888,27.14,0.4414,13
6,12,5.15,29.9828,3.0011,28.57,0.4496,13
6,12,5.15,29.9828,3.0134,29.02,0.4551,13
6,12,5.15,29.9828,3.0257,29.88,0.4631,13
6,12,5.15,29.9828,3.038,29.8,0.4615,13
6,12,5.15,29.9828,3.0502,31.86,0.4832,13
6,12,5.15,29.9828,3.0625,31.58,0.4802,13
6,12,5.15,29.9828,3.0748,32.32,0.4862,13
6,12,5.15,29.9828,3.0871,33.43,0.4982,13
6,12,5.15,29.9828,3.0994,33.99,0.503,13
6,12,5.15,29.9828,3.1117,34.06,0.5028,13
6,12,5.15,29.9828,3.124,34.74,0.5102,13
6,12,5.15,29.9828,3.1363,35.87,0.521,13
6,12,5.15,29.9828,3.1486,38.25,0.5434,13
6,12,5.15,29.9828,3.1609,37.48,0.5352,13
6,12,5.15,29.9828,3.1731,38.18,0.5605,13
6,12,5.15,29.9828,3.1854,38.79,0.5794,13
6,12,5.15,29.9828,3.1977,39.09,0.5982,13
6,12,5.15,29.9828,3.21,38.88,0.6887,13
6,12,5.15,29.9828,3.21,40.73,0.6337,13
6,12,5.15,29.9828,3.2223,40.06,0.64,13
6,12,5.15,29.9828,3.2223,41.67,0.6966,13
6,12,5.15,29.9828,3.2346,40.6,0.6216,13
6,12,5.15,29.9828,3.2346,42.19,0.7415,13
6,12,5.15,29.9828,3.2469,41.85,0.616,13
6,12,5.15,29.9828,3.2469,42.47,0.7962,13
6,12,5.15,29.9828,3.2592,42.39,0.6062,13
6,12,5.15,29.9828,3.2715,43.55,0.6064,13
6,12,5.15,29.9828,3.2837,43.94,0.6031,13
6,12,5.15,29.9828,3.296,44.09,0.603,13
6,12,5.15,29.9828,3.3083,44.72,0.6099,13
6,12,5.15,29.9828,3.3206,46.4,0.6253,13
6,12,5.15,29.9828,3.3329,46.64,0.6279,13
6,12,5.15,29.9828,3.3452,47.61,0.6367,13
6,12,5.15,29.9828,3.3575,46.68,0.6274,13
6,12,5.15,29.9828,3.3698,48.39,0.6431,13
6,12,5.15,29.9828,3.3821,49.78,0.656,13
6,12,5.15,29.9828,3.3943,50.42,0.6622,13
6,12,5.15,29.9828,3.4066,51.06,0.6674,13
6,12,5.15,29.9828,3.4189,52.58,0.6806,13
6,12,5.15,29.9828,3.4312,52.83,0.7042,13
6,12,5.15,29.9828,3.4435,53.48,0.7255,13
6,12,5.15,29.9828,3.4558,54.1,0.773,13
6,12,5.15,29.9828,3.4681,54.78,0.8059,13
6,12,5.15,29.9828,3.4804,55.45,0.8466,13
6,12,5.15,29.9828,3.4927,55.86,0.9561,13
6,12,5.15,32.9728,2.9228,8.877,0.2076,13
6,12,5.15,32.9728,2.9341,9.177,0.2009,13
6,12,5.15,32.9728,2.9454,9.602,0.1983,13
6,12,5.15,32.9728,2.9567,9.639,0.1915,13
6,12,5.15,32.9728,2.968,10.23,0.1981,13
6,12,5.15,32.9728,2.9793,10.67,0.1977,13
6,12,5.15,32.9728,2.9906,10.97,0.1967,13
6,12,5.15,32.9728,3.002,11.39,0.1975,13
6,12,5.15,32.9728,3.0133,11.67,0.2013,13
6,12,5.15,32.9728,3.0246,12.12,0.2059,13
6,12,5.15,32.9728,3.0359,12.48,0.21,13
6,12,5.15,32.9728,3.0472,12.89,0.2142,13
6,12,5.15,32.9728,3.0585,13.53,0.2211,13
6,12,5.15,32.9728,3.0698,13.89,0.2247,13
6,12,5.15,32.9728,3.0812,14.13,0.2272,13
6,12,5.15,32.9728,3.0925,14,0.2252,13
6,12,5.15,32.9728,3.1038,14.68,0.2326,13
6,12,5.15,32.9728,3.1151,15.09,0.2358,13
6,12,5.15,32.9728,3.1264,15.69,0.2427,13
6,12,5.15,32.9728,3.1377,16.09,0.2466,13
6,12,5.15,32.9728,3.149,16.28,0.2475,13
6,12,5.15,32.9728,3.1604,16.97,0.2542,13
6,12,5.15,32.9728,3.1717,17.39,0.2679,13
6,12,5.15,32.9728,3.183,17.67,0.2761,13
6,12,5.15,32.9728,3.1943,18.27,0.2903,13
6,12,5.15,32.9728,3.2056,18.56,0.3022,13
6,12,5.15,32.9728,3.2169,19.56,0.3249,13
6,12,5.15,32.9728,3.2282,19.44,0.3374,13
6,12,5.15,32.9728,3.2395,20.3,0.3655,13
6,12,5.15,32.9828,2.5841,2.291,0.07697,13
6,12,5.15,32.9828,2.5954,2.512,0.07587,13
6,12,5.15,32.9828,2.6067,2.543,0.07247,13
6,12,5.15,32.9828,2.618,2.742,0.07269,13
6,12,5.15,32.9828,2.6293,2.818,0.07102,13
6,12,5.15,32.9828,2.6406,3.016,0.07347,13
6,12,5.15,32.9828,2.6519,3.25,0.0752,13
6,12,5.15,32.9828,2.6632,3.414,0.07532,13
6,12,5.15,32.9828,2.6746,3.536,0.07558,13
6,12,5.15,32.9828,2.6859,3.628,0.07727,13
6,12,5.15,32.9828,2.6972,3.842,0.07974,13
6,12,5.15,32.9828,2.7085,4.101,0.08302,13
6,12,5.15,32.9828,2.7198,4.318,0.08554,13
6,12,5.15,32.9828,2.7311,4.527,0.08866,13
6,12,5.15,32.9828,2.7424,4.623,0.08917,13
6,12,5.15,32.9828,2.7537,4.922,0.09273,13
6,12,5.15,32.9828,2.765,5.182,0.09659,13
6,12,5.15,32.9828,2.7763,5.389,0.09854,13
6,12,5.15,32.9828,2.7877,5.567,0.1003,13
6,12,5.15,32.9828,2.799,5.971,0.1056,13
6,12,5.15,32.9828,2.8103,6.063,0.1067,13
6,12,5.15,32.9828,2.8216,6.302,0.1085,13
6,12,5.15,32.9828,2.8329,6.734,0.1133,13
6,12,5.15,32.9828,2.8442,6.948,0.1162,13
6,12,5.15,32.9828,2.8555,7.276,0.1193,13
6,12,5.15,32.9828,2.8668,7.369,0.1215,13
6,12,5.15,32.9828,2.8781,7.617,0.1265,13
6,12,5.15,32.9828,2.8894,8.313,0.1372,13
6,12,5.15,32.9828,2.9008,8.62,0.1434,13
6,12,5.15,32.9828,2.9121,8.826,0.1502,13
6,12,5.15,32.9828,2.9234,8.992,0.1568,13
6,12,5.15,32.9828,2.9347,9.383,0.1676,13
6,12,5.15,32.9828,2.946,9.74,0.1807,13
6,12,5.15,32.9828,2.9573,10.11,0.1974,13
6,12,5.15,32.9828,3.2514,20.41,0.3289,13
6,12,5.15,32.9828,3.2627,20.4,0.3196,13
6,12,5.15,32.9828,3.274,20.73,0.3164,13
6,12,5.15,32.9828,3.2853,21.27,0.318,13
6,12,5.15,32.9828,3.2966,22.34,0.3283,13
6,12,5.15,32.9828,3.3079,22.6,0.3311,13
6,12,5.15,32.9828,3.3192,22.62,0.3308,13
6,12,5.15,32.9828,3.3306,23.61,0.3408,13
6,12,5.15,32.9828,3.3419,23.51,0.3393,13
6,12,5.15,32.9828,3.3532,24.41,0.3482,13
6,12,5.15,32.9828,3.3645,24.75,0.3516,13
6,12,5.15,32.9828,3.3758,25.27,0.3562,13
6,12,5.15,32.9828,3.3871,25.65,0.3602,13
6,12,5.15,32.9828,3.3984,26.06,0.3629,13
6,12,5.15,32.9828,3.4097,27.02,0.3726,13
6,12,5.15,32.9828,3.421,27,0.4037,13
6,12,5.15,32.9828,3.4324,27.9,0.3927,13
6,12,5.15,32.9828,3.4437,29.01,0.4126,13
6,12,5.15,32.9828,3.455,29.86,0.4446,13
6,12,5.15,32.9828,3.4663,30.53,0.4684,13
6,12,5.15,32.9828,3.4776,30.24,0.485,13
6,12,5.15,32.9828,3.4889,30.68,0.5167,13
6,12,5.15,37.9828,3.2096,4.007,0.1023,13
6,12,5.15,37.9828,3.2194,4.074,0.09739,13
6,12,5.15,37.9828,3.2293,4.356,0.0962,13
6,12,5.15,37.9828,3.2391,4.515,0.09428,13
6,12,5.15,37.9828,3.249,4.638,0.09247,13
6,12,5.15,37.9828,3.2588,4.925,0.0934,13
6,12,5.15,37.9828,3.2687,5.083,0.09325,13
6,12,5.15,37.9828,3.2786,5.219,0.0931,13
6,12,5.15,37.9828,3.2884,5.359,0.0947,13
6,12,5.15,37.9828,3.2983,5.606,0.09725,13
6,12,5.15,37.9828,3.3081,5.74,0.0987,13
6,12,5.15,37.9828,3.318,5.884,0.1,13
6,12,5.15,37.9828,3.3278,6.154,0.1032,13
6,12,5.15,37.9828,3.3377,6.285,0.105,13
6,12,5.15,37.9828,3.3476,6.506,0.1068,13
6,12,5.15,37.9828,3.3574,6.829,0.1103,13
6,12,5.15,37.9828,3.3673,6.918,0.1111,13
6,12,5.15,37.9828,3.3771,7.333,0.1155,13
6,12,5.15,37.9828,3.387,7.507,0.1174,13
6,12,5.15,37.9828,3.3968,7.641,0.1187,13
6,12,5.15,37.9828,3.4067,8.011,0.1222,13
6,12,5.15,37.9828,3.4166,7.966,0.1215,13
6,12,5.15,37.9828,3.4264,8.224,0.1261,13
6,12,5.15,37.9828,3.4363,8.642,0.1325,13
6,12,5.15,37.9828,3.4461,8.887,0.1421,13
6,12,5.15,37.9828,3.456,8.918,0.1471,13
6,12,5.15,37.9828,3.4658,9.321,0.1571,13
6,12,5.15,37.9828,3.4658,9.473,0.1922,13
6,12,5.15,37.9828,3.4757,9.397,0.1822,13
6,12,5.15,37.9828,3.4757,9.511,0.1661,13
6,12,5.15,37.9828,3.4855,9.498,0.1759,13
6,12,5.15,37.9828,3.4855,9.941,0.1799,13
6,12,5.15,37.9828,3.4954,10.1,0.1726,13
6,12,5.15,37.9828,3.5053,10.16,0.1694,13
6,12,5.15,37.9828,3.5151,10.26,0.1738,13
6,12,5.15,37.9828,3.525,10.8,0.1737,13
6,12,5.15,37.9828,3.5348,11.23,0.1785,13
6,12,5.15,37.9828,3.5447,11.21,0.1782,13
6,12,5.15,37.9828,3.5545,11.65,0.1825,13
6,12,5.15,37.9828,3.5644,11.76,0.1837,13
6,12,5.15,37.9828,3.5743,12.15,0.1879,13
6,12,5.15,37.9828,3.5841,12.57,0.1918,13
6,12,5.15,37.9828,3.594,12.8,0.1945,13
6,12,5.15,37.9828,3.6038,13.04,0.1968,13
6,12,5.15,37.9828,3.6137,13.57,0.202,13
6,12,5.15,37.9828,3.6235,13.59,0.2019,13
6,12,5.15,37.9828,3.6334,13.93,0.205,13
6,12,5.15,37.9828,3.6433,14.5,0.2107,13
6,12,5.15,37.9828,3.6531,14.68,0.2202,13
6,12,5.15,37.9828,3.663,15.04,0.2354,13
6,12,5.15,37.9828,3.6728,15.29,0.2452,13
6,12,5.15,37.9828,3.6827,15.57,0.2576,13
6,12,5.15,37.9828,3.6925,15.67,0.2707,13
6,12,12.097,12.82,3.807,28.03,0.1394,14
6,12,12.097,13.343,4.441,38.47,0.1998,14
6,12,12.097,14.196,5.329,44.42,0.3521,14
6,12,12.097,15.85,6.661,39.75,0.2065,14
6,12,15.102,13.247,8.881,57.12,0.6298,14
6,12,17.307,15.047,8.881,5.246,0.0571,14
6,12,17.308,13.54,12.111,43.54,0.3235,14
6,12,5.766,18,0.38965,0.0008122,0.001149,15
6,12,5.766,18,0.39259,0.0007723,0.001092,15
6,12,5.766,18,0.40482,0.002283,0.001522,15
6,12,5.766,18,0.41782,0.000713,0.001008,15
6,12,5.766,18,0.4212,0.0007011,0.0009915,15
6,12,5.766,18,0.42813,0.0006889,0.0009743,15
6,12,5.766,18,0.43168,0.00135,0.001169,15
6,12,5.766,18,0.4427,0.001302,0.001127,15
6,12,5.766,18,0.45037,0.0006663,0.0009423,15
6,12,5.766,18,0.4543,0.0006221,0.0008798,15
6,12,5.766,18,0.46238,0.003205,0.00157,15
6,12,5.766,18,0.46652,0.0006078,0.0008596,15
6,12,5.766,18,0.47075,0.002394,0.001338,15
6,12,5.766,18,0.47504,0.00183,0.00122,15
6,12,5.766,18,0.47941,0.001831,0.001221,15
6,12,5.766,18,0.48388,0.002927,0.001434,15
6,12,5.766,18,0.48842,0.002297,0.001284,15
6,12,5.766,18,0.49304,0.001689,0.001126,15
6,12,5.766,18,0.50257,0.004562,0.001711,15
6,12,5.766,18,0.50747,0.003185,0.001405,15
6,12,5.766,18,0.51248,0.003792,0.001532,15
6,12,5.766,18,0.51757,0.003241,0.001429,15
6,12,5.766,18,0.52277,0.006785,0.001953,15
6,12,5.766,18,0.52808,0.00715,0.001978,15
6,12,5.766,18,0.53349,0.006288,0.00181,15
6,12,5.766,18,0.53901,0.006317,0.001818,15
6,12,5.766,18,0.54467,0.008906,0.002157,15
6,12,5.766,18,0.55043,0.01269,0.002487,15
6,12,5.766,18,0.5563,0.0104,0.002268,15
6,12,5.766,18,0.56233,0.01116,0.002324,15
6,12,5.766,18,0.56847,0.0131,0.002519,15
6,12,5.766,18,0.57474,0.0171,0.002849,15
6,12,5.766,18,0.58117,0.01579,0.002668,15
6,12,5.766,18,0.58773,0.01982,0.002987,15
6,12,5.766,18,0.59444,0.02151,0.003012,15
6,12,5.766,18,0.60133,0.02074,0.002993,15
6,12,5.766,18,0.60835,0.02503,0.003231,15
6,12,5.766,18,0.61554,0.02442,0.003152,15
6,12,5.766,18,0.62292,0.03612,0.003786,15
6,12,5.766,18,0.63046,0.03989,0.003988,15
6,12,5.766,18,0.63819,0.04465,0.004146,15
6,12,5.766,18,0.64613,0.04653,0.004195,15
6,12,5.766,18,0.65425,0.0665,0.004999,15
6,12,5.766,18,0.66257,0.06155,0.004693,15
6,12,5.766,18,0.67114,0.07137,0.004985,15
6,12,5.766,18,0.6799,0.09352,0.005629,15
6,12,5.766,18,0.68889,0.09925,0.00574,15
6,12,5.766,18,0.69815,0.1145,0.006145,15
6,12,5.766,18,0.70764,0.1248,0.006287,15
6,12,5.766,18,0.71739,0.139,0.006559,15
6,12,5.766,18,0.72744,0.1541,0.006842,15
6,12,5.766,18,0.73774,0.1902,0.007609,15
6,12,5.766,18,0.74834,0.2211,0.008039,15
6,12,5.766,18,0.75929,0.2508,0.00843,15
6,12,5.766,18,0.77052,0.2954,0.009038,15
6,12,5.766,18,0.78209,0.3396,0.009541,15
6,12,5.766,18,0.79405,0.393,0.01011,15
6,12,5.766,18,0.80634,0.4359,0.01045,15
6,12,5.766,18,0.81903,0.5068,0.01118,15
6,12,5.766,18,0.83215,0.5955,0.01184,15
6,12,5.766,18,0.84566,0.7062,0.01286,15
6,12,5.766,18,0.85962,0.7862,0.01322,15
6,12,5.766,18,0.87409,0.9726,0.01452,15
6,12,5.766,18,0.88901,1.118,0.01552,15
6,12,5.766,18,0.90445,1.29,0.0161,15
6,12,5.766,18,0.92049,1.555,0.01747,15
6,12,5.766,18,0.93705,1.87,0.01878,15
6,12,5.766,18,0.95422,2.272,0.02051,15
6,12,5.766,18,0.97208,2.724,0.02189,15
6,12,5.766,18,0.99057,3.282,0.0236,15
6,12,5.766,18,1.00978,4.047,0.02555,15
6,12,5.766,18,1.0298,4.978,0.02808,15
6,12,5.766,18,1.05058,6.229,0.03158,15
6,12,5.766,18,1.07221,7.682,0.03509,15
6,12,5.766,18,1.09481,9.713,0.04016,15
6,12,5.766,18,1.11832,12,0.04564,15
6,12,5.766,18,1.14286,14.52,0.1153,15
6,12,5.766,18,1.16858,17.82,0.1211,15
6,12,5.766,18,1.19541,21.52,0.1297,15
6,12,5.766,18,1.22349,26.01,0.1383,15
6,12,5.766,18,1.25301,30.73,0.1464,15
6,12,5.766,18,1.2839,35.03,0.1515,15
6,12,5.766,18,1.31636,38.91,0.1543,15
6,12,5.766,18,1.3506,44.15,0.1594,15
6,12,5.766,18,1.38655,49.4,0.1642,15
6,12,5.766,18,1.42448,54.92,0.1683,15
6,12,5.766,18,1.46466,60.6,0.1711,15
6,12,5.766,18,1.50704,67.11,0.1739,15
6,12,5.766,18,1.55195,75.49,0.1795,15
6,12,5.766,18,1.59977,83.42,0.1834,15
6,12,5.766,18,1.65046,92.54,0.1951,15
6,12,5.766,18,1.70448,104,0.1896,15
6,12,5.766,18,1.76233,117.2,0.2015,15
6,12,5.766,18,1.82406,134.5,0.3281,15
6,12,5.766,18,1.89026,155.3,0.3168,15
6,12,5.766,18,1.96167,172.5,0.3123,15
6,12,5.766,18,2.03846,193.7,0.3166,15
6,12,5.766,18,2.12149,216.8,0.3228,15
6,12,5.766,18,2.21186,239.3,0.3453,15
6,12,5.766,18,2.30997,257.3,0.3909,15
6,12,5.766,22,0.70416,0.001192,0.001686,15
6,12,5.766,22,0.71064,0.001012,0.001431,15
6,12,5.766,22,0.75207,0.0004083,0.0005774,15
6,12,5.766,22,0.75944,0.0003801,0.0005376,15
6,12,5.766,22,0.76695,0.0006788,0.0005879,15
6,12,5.766,22,0.77464,0.0005948,0.0005151,15
6,12,5.766,22,0.79045,0.0004994,0.0004325,15
6,12,5.766,22,0.79862,0.0004867,0.0004215,15
6,12,5.766,22,0.80694,0.0004764,0.0004126,15
6,12,5.766,22,0.81543,0.0004609,0.0003991,15
6,12,5.766,22,0.82413,0.0004504,0.0003901,15
6,12,5.766,22,0.83299,0.0006655,0.0004437,15
6,12,5.766,22,0.84204,0.0006494,0.000433,15
6,12,5.766,22,0.85132,0.0008643,0.0004831,15
6,12,5.766,22,0.86078,0.0008365,0.0004676,15
6,12,5.766,22,0.87045,0.000417,0.0003611,15
6,12,5.766,22,0.88037,0.0008094,0.0004525,15
6,12,5.766,22,0.89049,0.0005951,0.0003967,15
6,12,5.766,22,0.90084,0.001732,0.0006087,15
6,12,5.766,22,0.91147,0.002451,0.0007055,15
6,12,5.766,22,0.92232,0.001698,0.0005967,15
6,12,5.766,22,0.93343,0.002868,0.0007391,15
6,12,5.766,22,0.94485,0.0023,0.0006621,15
6,12,5.766,22,0.95651,0.004137,0.0008619,15
6,12,5.766,22,0.96847,0.004764,0.0009163,15
6,12,5.766,22,0.98076,0.006444,0.001045,15
6,12,5.766,22,0.99334,0.004636,0.0008755,15
6,12,5.766,22,1.00624,0.007328,0.00108,15
6,12,5.766,22,1.01952,0.007585,0.001083,15
6,12,5.766,22,1.03311,0.009911,0.001211,15
6,12,5.766,22,1.04707,0.01379,0.00143,15
6,12,5.766,22,1.06146,0.01541,0.001483,15
6,12,5.766,22,1.0762,0.01823,0.001581,15
6,12,5.766,22,1.09136,0.0239,0.001801,15
6,12,5.766,22,1.107,0.02701,0.001891,15
6,12,5.766,22,1.12304,0.03053,0.001979,15
6,12,5.766,22,1.13956,0.03522,0.00209,15
6,12,5.766,22,1.15662,0.04314,0.00228,15
6,12,5.766,22,1.17415,0.05513,0.002548,15
6,12,5.766,22,1.19222,0.06415,0.002716,15
6,12,5.766,22,1.2109,0.07759,0.002943,15
6,12,5.766,22,1.23013,0.09525,0.0032,15
6,12,5.766,22,1.24997,0.1196,0.003537,15
6,12,5.766,22,1.27053,0.1504,0.003897,15
6,12,5.766,22,1.29171,0.186,0.004248,15
6,12,5.766,22,1.31361,0.2453,0.004851,15
6,12,5.766,22,1.33634,0.2971,0.005229,15
6,12,5.766,22,1.35979,0.3736,0.005749,15
6,12,5.766,22,1.38408,0.4616,0.006286,15
6,12,5.766,22,1.40933,0.5881,0.006321,15
6,12,5.766,22,1.43544,0.7525,0.007029,15
6,12,5.766,22,1.46253,1.013,0.008053,15
6,12,5.766,22,1.49076,1.287,0.009016,15
6,12,5.766,22,1.52,1.682,0.01034,15
6,12,5.766,22,1.55042,2.188,0.01706,15
6,12,5.766,22,1.58217,2.797,0.01877,15
6,12,5.766,22,1.61515,3.527,0.02055,15
6,12,5.766,22,1.64954,4.401,0.02237,15
6,12,5.766,22,1.68553,5.342,0.02402,15
6,12,5.766,22,1.72301,6.579,0.02601,15
6,12,5.766,22,1.7622,7.751,0.0275,15
6,12,5.766,22,1.80333,9.23,0.02926,15
6,12,5.766,22,1.8463,10.87,0.03102,15
6,12,5.766,22,1.89137,12.71,0.03259,15
6,12,5.766,22,1.93884,14.62,0.03401,15
6,12,5.766,22,1.9886,17.32,0.03822,15
6,12,5.766,22,2.04098,20.11,0.03867,15
6,12,5.766,22,2.09637,23.25,0.0426,15
6,12,5.766,22,2.15467,28.05,0.07419,15
6,12,5.766,22,2.2163,32.96,0.07315,15
6,12,5.766,22,2.28176,39.39,0.07753,15
6,12,5.766,22,2.351,45.81,0.08076,15
6,12,5.766,22,2.42456,53.31,0.0841,15
6,12,5.766,22,2.50312,62.28,0.09356,15
6,12,5.766,22,2.58669,70.71,0.09797,15
6,12,5.766,22,2.67603,79.77,0.1816,15
6,12,5.766,22,2.77205,89.83,0.1689,15
6,12,5.766,22,2.87491,99.95,0.1708,15
6,12,5.766,22,2.98569,111.5,0.1942,15
6,12,5.766,26,1.13058,0.0001177,0.0001664,15
6,12,5.766,26,1.19329,0.0001563,0.0001354,15
6,12,5.766,26,1.22034,0.0001513,0.000131,15
6,12,5.766,26,1.23437,0.0004421,0.0001949,15
6,12,5.766,26,1.24868,0.0001439,0.0001246,15
6,12,5.766,26,1.26333,0.0001396,0.0001209,15
6,12,5.766,26,1.27837,0.000206,0.0001374,15
6,12,5.766,26,1.29373,0.0004666,0.0001886,15
6,12,5.766,26,1.30946,0.0007174,0.0002259,15
6,12,5.766,26,1.32562,0.0005086,0.0001907,15
6,12,5.766,26,1.34214,0.0008529,0.000236,15
6,12,5.766,26,1.35908,0.001742,0.000329,15
6,12,5.766,26,1.37651,0.001391,0.0002898,15
6,12,5.766,26,1.39433,0.001705,0.0003165,15
6,12,5.766,26,1.41262,0.002401,0.0003704,15
6,12,5.766,26,1.43145,0.003498,0.0004406,15
6,12,5.766,26,1.45073,0.003296,0.0004219,15
6,12,5.766,26,1.47054,0.00402,0.0004611,15
6,12,5.766,26,1.49097,0.005003,0.0005028,15
6,12,5.766,26,1.5119,0.006685,0.0005732,15
6,12,5.766,26,1.53343,0.008239,0.0006319,15
6,12,5.766,26,1.55564,0.009602,0.000669,15
6,12,5.766,26,1.57844,0.01394,0.0007941,15
6,12,5.766,26,1.60192,0.01759,0.0008795,15
6,12,5.766,26,1.62619,0.02093,0.0009474,15
6,12,5.766,26,1.65112,0.02972,0.001115,15
6,12,5.766,26,1.67683,0.03771,0.001229,15
6,12,5.766,26,1.70343,0.05018,0.001402,15
6,12,5.766,26,1.73081,0.0624,0.001582,15
6,12,5.766,26,1.75908,0.07935,0.001475,15
6,12,5.766,26,1.78838,0.1104,0.001702,15
6,12,5.766,26,1.81858,0.1474,0.001929,15
6,12,5.766,26,1.84982,0.1946,0.002811,15
6,12,5.766,26,1.88224,0.2711,0.00308,15
6,12,5.766,26,1.91573,0.3567,0.003434,15
6,12,5.766,26,1.95042,0.4832,0.003926,15
6,12,5.766,26,1.98651,0.649,0.004446,15
6,12,5.766,26,2.02384,0.8496,0.004963,15
6,12,5.766,26,2.0626,1.105,0.005555,15
6,12,5.766,26,2.103,1.422,0.006186,15
6,12,5.766,26,2.14489,1.803,0.006813,15
6,12,5.766,26,2.18848,2.232,0.007385,15
6,12,5.766,26,2.23401,2.742,0.008006,15
6,12,5.766,26,2.28134,3.36,0.009038,15
6,12,5.766,26,2.33071,4.112,0.009425,15
6,12,5.766,26,2.38243,4.954,0.01059,15
6,12,5.766,26,2.43632,6.177,0.0185,15
6,12,5.766,26,2.49272,7.534,0.01874,15
6,12,5.766,26,2.55197,9.186,0.02002,15
6,12,5.766,26,2.61391,11.34,0.02174,15
6,12,5.766,26,2.67893,13.96,0.0236,15
6,12,5.766,26,2.74748,16.64,0.02575,15
6,12,5.766,26,2.81941,19.84,0.02854,15
6,12,5.766,26,2.89521,23.74,0.06379,15
6,12,5.766,26,2.97544,27.49,0.05853,15
6,12,5.766,26,3.05999,31.97,0.05988,15
6,12,5.766,26,3.14948,37.22,0.0638,15
6,12,5.766,26,3.24465,42.44,0.07657,15
6,12,5.766,32,1.8045,0.0001117,0.000158,15
6,12,5.766,32,1.82487,8.66E-05,0.0001224,15
6,12,5.766,32,1.86708,0.0001188,0.0001029,15
6,12,5.766,32,1.88889,0.0001004,8.69E-05,15
6,12,5.766,32,1.91128,0.0001347,8.98E-05,15
6,12,5.766,32,1.93415,0.0002995,0.000121,15
6,12,5.766,32,1.95756,0.0004201,0.0001393,15
6,12,5.766,32,1.98163,0.0005318,0.0001531,15
6,12,5.766,32,2.00621,0.00111,0.0002134,15
6,12,5.766,32,2.03142,0.0009626,0.0001963,15
6,12,5.766,32,2.05735,0.001233,0.0002179,15
6,12,5.766,32,2.08386,0.001232,0.0002143,15
6,12,5.766,32,2.11107,0.001793,0.0002535,15
6,12,5.766,32,2.13908,0.002971,0.0003242,15
6,12,5.766,32,2.16776,0.003085,0.0003234,15
6,12,5.766,32,2.19722,0.004376,0.0003809,15
6,12,5.766,32,2.22758,0.006331,0.0004522,15
6,12,5.766,32,2.2587,0.009122,0.0005311,15
6,12,5.766,32,2.2907,0.01202,0.0006054,15
6,12,5.766,32,2.32371,0.0164,0.0007007,15
6,12,5.766,32,2.3576,0.0244,0.0008822,15
6,12,5.766,32,2.39248,0.03073,0.0008466,15
6,12,5.766,32,2.42852,0.04565,0.001028,15
6,12,5.766,32,2.46556,0.06185,0.00164,15
6,12,5.766,32,2.50373,0.08279,0.001728,15
6,12,5.766,32,2.54323,0.1217,0.002058,15
6,12,5.766,32,2.58388,0.1691,0.002377,15
6,12,5.766,32,2.62584,0.2324,0.002738,15
6,12,5.766,32,2.66932,0.3113,0.003106,15
6,12,5.766,32,2.71412,0.4193,0.00355,15
6,12,5.766,32,2.76046,0.5477,0.003979,15
6,12,5.766,32,2.80856,0.7151,0.0046,15
6,12,5.766,32,2.8582,0.9356,0.005675,15
6,12,5.766,32,2.90964,1.18,0.004341,15
6,12,5.766,32,2.96312,1.517,0.005242,15
6,12,5.766,32,3.01843,1.944,0.005497,15
6,12,5.766,32,3.07585,2.502,0.006091,15
6,12,5.766,32,3.13568,3.209,0.006758,15
6,12,5.766,32,3.1977,4.05,0.007457,15
6,12,5.766,32,3.26221,5.114,0.00899,15
6,12,5.766,32,3.32959,6.286,0.009769,15
6,12,5.766,32,3.3996,7.596,0.01584,15
6,12,5.766,32,3.47261,9.33,0.01685,15
6,12,5.766,32,3.54906,11.22,0.01811,15
6,12,5.766,32,3.62871,13.51,0.02226,15
6,12,5.766,40,2.62804,7.73E-05,0.0001093,15
6,12,5.766,40,2.68481,0.0001856,0.0001038,15
6,12,5.766,40,2.71408,0.0001985,9.72E-05,15
6,12,5.766,40,2.74409,0.0001777,0.0001221,15
6,12,5.766,40,2.77467,0.0005143,0.0001423,15
6,12,5.766,40,2.80595,0.0005352,0.0001427,15
6,12,5.766,40,2.83803,0.001048,0.0001944,15
6,12,5.766,40,2.87076,0.001282,0.000224,15
6,12,5.766,40,2.90425,0.002013,0.0002621,15
6,12,5.766,40,2.93863,0.002226,0.0002817,15
6,12,5.766,40,2.97374,0.003825,0.0003521,15
6,12,5.766,40,3.00969,0.005475,0.0004224,15
6,12,5.766,40,3.04663,0.008399,0.0005368,15
6,12,5.766,40,3.08438,0.01309,0.000522,15
6,12,5.766,40,3.12307,0.01879,0.0006221,15
6,12,5.766,40,3.16287,0.02658,0.0008274,15
6,12,5.766,40,3.20357,0.03859,0.0009313,15
6,12,5.766,40,3.24533,0.05487,0.001094,15
6,12,5.766,40,3.28833,0.07714,0.001293,15
6,12,5.766,40,3.33234,0.108,0.001515,15
6,12,5.766,40,3.37755,0.1568,0.001783,15
6,12,5.766,40,3.42415,0.2125,0.002109,15
6,12,5.766,40,3.4719,0.2917,0.002078,15
6,12,5.766,40,3.52101,0.3916,0.003007,15
6,12,5.766,40,3.57168,0.5179,0.003156,15
6,12,5.766,40,3.62367,0.6933,0.003601,15
6,12,5.766,40,3.67719,0.9289,0.004093,15
6,12,5.766,40,3.73249,1.229,0.004703,15
6,12,5.766,40,3.7893,1.583,0.005197,15
6,12,5.766,40,3.84787,2.007,0.009022,15
6,12,5.766,40,3.90846,2.552,0.009165,15
6,12,5.766,40,3.9708,3.216,0.01012,15
6,12,5.766,40,4.03517,3.998,0.01151,15
6,12,5.766,40,4.10185,4.911,0.009856,15
6,12,5.766,40,4.17057,5.997,0.01146,15
6,12,5.766,40,4.24163,7.235,0.01235,15
6,12,5.766,40,4.31537,8.581,0.01551,15
6,12,5.766,40,4.3915,10.31,0.01961,15
6,12,5.766,40,4.47036,12.02,0.02025,15
6,12,5.766,40,4.55235,13.88,0.02218,15
6,12,5.766,40,4.63714,16.19,0.0308,15
6,12,5.766,40,4.72516,18.26,0.04391,15
6,12,5.766,50,3.44094,8.64E-05,7.48E-05,15
6,12,5.766,50,3.47238,0.0003009,0.0001057,15
6,12,5.766,50,3.50439,0.0006124,0.0001403,15
6,12,5.766,50,3.5371,0.0006032,0.0001382,15
6,12,5.766,50,3.57032,0.0008798,0.0003513,15
6,12,5.766,50,3.60418,0.001749,0.0002277,15
6,12,5.766,50,3.63878,0.002669,0.0002783,15
6,12,5.766,50,3.67395,0.004262,0.0003492,15
6,12,5.766,50,3.70981,0.00508,0.0004848,15
6,12,5.766,50,3.74649,0.008009,0.0004395,15
6,12,5.766,50,3.78378,0.01019,0.0005148,15
6,12,5.766,50,3.82183,0.01571,0.0006762,15
6,12,5.766,50,3.86076,0.0247,0.0008641,15
6,12,5.766,50,3.90038,0.03647,0.001,15
6,12,5.766,50,3.94082,0.05288,0.001142,15
6,12,5.766,50,3.98223,0.07447,0.001382,15
6,12,5.766,50,4.02439,0.1074,0.001774,15
6,12,5.766,50,4.06745,0.1519,0.001808,15
6,12,5.766,50,4.11158,0.199,0.002571,15
6,12,5.766,50,4.15655,0.2811,0.002986,15
6,12,5.766,50,4.2025,0.392,0.003497,15
6,12,5.766,50,4.24963,0.536,0.00408,15
6,12,5.766,50,4.29768,0.6931,0.004503,15
6,12,5.766,50,4.34682,0.8971,0.007235,15
6,12,5.766,50,4.39726,1.15,0.007937,15
6,12,5.766,50,4.44873,1.516,0.009016,15
6,12,5.766,50,4.50141,1.909,0.007644,15
6,12,5.766,50,4.55552,2.405,0.008974,15
6,12,5.766,50,4.61078,2.987,0.009887,15
6,12,5.766,50,4.6674,3.662,0.01202,15
6,12,5.766,50,4.7256,4.514,0.0204,15
6,12,5.766,50,4.78509,5.428,0.0216,15
6,12,5.766,50,4.8461,6.38,0.02401,15
6,12,5.766,50,4.90887,7.589,0.03707,15
6,12,5.766,50,4.97309,8.714,0.05046,15
6,12,0.25,35,0.01501,131000,3930,16
6,12,0.0888,135,0.01519,3160,158,16
6,12,0.0888,135,0.01529,3214,160.7,16
6,12,0.0888,135,0.01549,4225,211.3,16
6,12,0.0888,135,0.01559,5787,289.4,16
6,12,0.0888,135,0.01569,7622,381.1,16
6,12,0.0888,135,0.01579,14220,710.8,16
6,12,0.0888,135,0.01589,17860,893.1,16
6,12,0.0888,135,0.01609,16940,847.2,16
6,12,0.0888,135,0.01629,14260,713.2,16
6,12,0.0888,135,0.01639,12910,645.7,16
6,12,0.0888,135,0.01659,11210,560.4,16
6,12,0.0888,135,0.01679,12820,641.3,16
6,12,0.0888,135,0.01689,14620,731.1,16
6,12,0.0888,135,0.01719,13800,689.9,16
6,12,0.0888,135,0.01739,11580,579,16
6,12,0.0888,135,0.01759,8669,433.5,16
6,12,0.0888,135,0.01789,7481,374.1,16
6,12,0.0888,135,0.01809,8197,409.9,16
6,12,0.0888,135,0.01819,9717,485.9,16
6,12,0.0888,135,0.01839,11190,559.5,16
6,12,0.0888,135,0.01859,11730,586.5,16
6,12,0.0888,135,0.01879,12800,639.9,16
6,12,0.0888,135,0.01929,13170,658.5,16
6,12,0.0888,135,0.01959,12330,616.7,16
6,12,0.0888,135,0.01969,14620,731.1,16
6,12,0.0888,135,0.01979,17590,879.4,16
6,12,0.0888,135,0.01989,18720,936.1,16
6,12,0.0888,135,0.01999,21510,1075,16
6,12,0.0888,135,0.02019,21480,1074,16
6,12,0.0888,135,0.02049,17960,898.1,16
6,12,0.0888,135,0.02059,16000,800,16
6,12,0.0888,135,0.02069,15150,757.3,16
6,12,0.0888,135,0.02089,13880,693.9,16
6,12,0.0888,135,0.02109,13820,690.8,16
6,12,0.0888,135,0.02139,13610,680.7,16
6,12,0.0888,135,0.02159,13230,661.5,16
6,12,0.0888,135,0.02179,14060,702.9,16
6,12,0.0888,135,0.02189,15960,798,16
6,12,0.0888,135,0.02209,17600,880,16
6,12,0.0888,135,0.02229,18800,939.8,16
6,12,0.0888,135,0.02249,19610,980.6,16
6,12,0.0888,135,0.02269,20080,1004,16
6,12,0.0888,135,0.02289,20150,1007,16
6,12,0.0888,135,0.02299,20200,1010,16
6,12,0.0888,135,0.02329,19920,996.1,16
6,12,0.0888,135,0.02349,19100,954.8,16
6,12,0.0888,135,0.02369,18710,935.3,16
6,12,0.0888,135,0.02389,19290,964.3,16
6,12,0.0888,135,0.02409,19400,969.8,16
6,12,0.0888,135,0.02429,19020,951.2,16
6,12,0.0888,135,0.02449,18440,922,16
6,12,0.0888,135,0.02469,18030,901.4,16
6,12,0.0888,135,0.02489,16740,837.1,16
6,12,0.0888,135,0.02509,15400,770.2,16
6,12,0.0888,135,0.02529,15360,768.3,16
6,12,0.0888,135,0.02549,16390,819.6,16
6,12,0.0888,135,0.02569,16920,846.2,16
6,12,0.0888,135,0.02589,17060,852.8,16
6,12,0.0888,135,0.02609,17610,880.7,16
6,12,0.0888,135,0.02629,18180,909.2,16
6,12,0.0888,135,0.02649,18610,930.4,16
6,12,0.0888,135,0.02669,18340,916.9,16
6,12,0.0888,135,0.02689,17440,871.9,16
6,12,0.0888,135,0.02709,16720,836,16
6,12,0.0888,135,0.02729,16370,818.4,16
6,12,0.0888,135,0.02749,16400,820.3,16
6,12,0.0888,135,0.02769,15970,798.4,16
6,12,0.0888,135,0.02789,15820,790.9,16
6,12,0.0888,135,0.02809,15800,790,16
6,12,0.0888,135,0.02829,15820,791,16
6,12,0.0888,135,0.02849,15640,782.3,16
6,12,0.0888,135,0.02869,15140,756.8,16
6,12,0.0888,135,0.02889,14740,737,16
6,12,0.0888,135,0.02909,14540,726.9,16
6,12,0.0888,135,0.02929,14560,727.9,16
6,12,0.0888,135,0.02949,14460,723.3,16
6,12,0.0888,135,0.02969,14470,723.6,16
6,12,0.0888,135,0.02989,14560,728.2,16
6,12,0.0888,135,0.03009,14540,727.1,16
6,12,0.0888,135,0.03029,14440,721.8,16
6,12,0.0888,135,0.03059,14270,713.5,16
6,12,0.0888,135,0.03069,14010,700.4,16
6,12,0.0888,135,0.03089,14100,705.2,16
6,12,0.0888,135,0.03109,14060,703.2,16
6,12,0.0888,135,0.03129,13910,695.4,16
6,12,0.0888,135,0.03149,13910,695.5,16
6,12,0.0888,135,0.03169,14200,710,16
6,12,0.0888,135,0.03189,14580,729.2,16
6,12,0.0888,135,0.03219,14470,723.5,16
6,12,0.0888,135,0.03229,14360,718,16
6,12,0.0888,135,0.03249,14270,713.5,16
6,12,0.0888,135,0.03269,13930,696.5,16
6,12,0.0888,135,0.03299,13850,692.4,16
6,12,0.0888,135,0.03309,13710,685.5,16
6,12,0.0888,135,0.03329,13590,679.4,16
6,12,0.0888,135,0.03359,13190,659.6,16
6,12,0.0888,135,0.03379,12780,638.9,16
6,12,0.0888,135,0.03399,12450,622.4,16
6,12,0.0888,135,0.03419,12280,614.2,16
6,12,0.0888,135,0.03439,12300,614.9,16
6,12,0.0888,135,0.03459,12590,629.6,16
6,12,0.0888,135,0.03479,12900,645.1,16
6,12,0.0888,135,0.03499,12780,639.2,16
6,12,0.0888,135,0.03519,12880,643.8,16
6,12,0.0888,135,0.03539,12760,638.1,16
6,12,0.0888,135,0.03559,12290,614.5,16
6,12,0.0888,135,0.03579,12240,612.1,16
6,12,0.0888,135,0.03599,12170,608.5,16
6,12,0.0888,135,0.03619,12300,615.2,16
6,12,0.0888,135,0.03639,12040,601.9,16
6,12,0.0888,135,0.03659,11950,597.7,16
6,12,0.0888,135,0.03679,12020,601,16
6,12,0.0888,135,0.03699,12320,616.1,16
6,12,0.0888,135,0.03719,12390,619.5,16
6,12,0.0888,135,0.03739,11920,596.1,16
6,12,0.0888,135,0.03759,11790,589.7,16
6,12,0.0888,135,0.03779,11150,557.4,16
6,12,0.0888,135,0.03799,10790,539.7,16
6,12,0.0888,135,0.03819,10730,536.6,16
6,12,0.0888,135,0.03839,11680,584.3,16
6,12,0.0888,135,0.03859,12230,611.3,16
6,12,0.0888,135,0.03879,12990,649.5,16
6,12,0.0888,135,0.03899,13270,663.3,16
6,12,0.0888,135,0.03919,13070,653.4,16
6,12,0.0888,135,0.03939,12680,634.2,16
6,12,0.0888,135,0.03959,12220,611.1,16
6,12,0.0888,135,0.03979,12000,599.8,16
6,12,0.0888,135,0.03999,11580,579,16
6,12,0.0888,135,0.04019,11150,557.6,16
6,12,0.0888,135,0.04039,10860,543,16
6,12,0.0888,135,0.04059,10660,533.1,16
6,12,0.1,135,0.01592,8070,242.1,16
6,12,0.1,135,0.01605,12480,374.4,16
6,12,0.1,135,0.01613,14370,431.1,16
6,12,0.1,135,0.01618,15580,467.3,16
6,12,0.1,135,0.01638,16230,486.7,16
6,12,0.1,135,0.01655,13810,414.4,16
6,12,0.1,135,0.01664,12560,376.8,16
6,12,0.1,135,0.01688,10150,304.4,16
6,12,0.1,135,0.01701,13690,410.7,16
6,12,0.1,135,0.0171,19420,582.7,16
6,12,0.1,135,0.0173,19210,576.4,16
6,12,0.1,135,0.01756,14920,447.6,16
6,12,0.1,135,0.01766,13070,392,16
6,12,0.1,135,0.0179,8610,258.3,16
6,12,0.1,135,0.01812,7953,238.6,16
6,12,0.1,135,0.0183,8357,250.7,16
6,12,0.1,135,0.01848,8863,265.9,16
6,12,0.1,135,0.01868,9801,294,16
6,12,0.1,135,0.01887,10360,310.9,16
6,12,0.1,135,0.01904,11560,346.9,16
6,12,0.1,135,0.01921,12970,389.2,16
6,12,0.1,135,0.0193,13030,390.8,16
6,12,0.1,135,0.01945,12960,388.7,16
6,12,0.1,135,0.01965,11670,350.2,16
6,12,0.1,135,0.01988,10200,306.1,16
6,12,0.1,135,0.02005,10700,321.1,16
6,12,0.1,135,0.0202,14370,431,16
6,12,0.1,135,0.02033,18770,563.1,16
6,12,0.1,135,0.02071,19900,597,16
6,12,0.1,135,0.02091,17420,522.4,16
6,12,0.1,135,0.02097,16570,497.1,16
6,12,0.1,135,0.0212,14260,427.9,16
6,12,0.1,135,0.02141,13660,409.8,16
6,12,0.1,135,0.02162,13380,401.5,16
6,12,0.1,135,0.02201,13940,418.3,16
6,12,0.1,135,0.0222,14320,429.6,16
6,12,0.1,135,0.0224,14320,429.5,16
6,12,0.1,135,0.0226,14660,439.7,16
6,12,0.1,135,0.02279,15870,476.2,16
6,12,0.1,135,0.02296,17100,513,16
6,12,0.1,135,0.02315,17840,535.1,16
6,12,0.1,135,0.02333,18210,546.4,16
6,12,0.1,135,0.02353,18160,544.8,16
6,12,0.1,135,0.02373,18540,556.2,16
6,12,0.1,135,0.02395,17320,519.7,16
6,12,0.1,135,0.02416,16050,481.3,16
6,12,0.1,135,0.02441,14500,435.1,16
6,12,0.1,135,0.02459,14630,438.8,16
6,12,0.1,135,0.0248,14820,444.5,16
6,12,0.1,135,0.02498,15400,462.1,16
6,12,0.1,135,0.0252,15300,459.1,16
6,12,0.1,135,0.02539,15320,459.6,16
6,12,0.1,135,0.02562,14220,426.7,16
6,12,0.1,135,0.02582,13410,402.4,16
6,12,0.1,135,0.02602,13370,401,16
6,12,0.1,135,0.02621,13900,416.9,16
6,12,0.1,135,0.02641,14760,442.9,16
6,12,0.1,135,0.02661,14060,421.9,16
6,12,0.1,135,0.02682,13790,413.7,16
6,12,0.1,135,0.02702,13190,395.8,16
6,12,0.1,135,0.02722,14110,423.3,16
6,12,0.1,135,0.02723,13420,402.6,16
6,12,0.1,135,0.02741,13550,406.4,16
6,12,0.1,135,0.0276,13850,415.5,16
6,12,0.1,135,0.0278,14000,420.1,16
6,12,0.1,135,0.02799,15110,453.2,16
6,12,0.1,135,0.02819,15190,455.6,16
6,12,0.1,135,0.0284,14720,441.4,16
6,12,0.1,135,0.02861,13920,417.6,16
6,12,0.1,135,0.0288,14380,431.5,16
6,12,0.1,135,0.029,14370,431.1,16
6,12,0.1,135,0.0292,14260,427.9,16
6,12,0.1,135,0.02942,12930,387.8,16
6,12,0.1,135,0.02965,12520,375.5,16
6,12,0.1,135,0.02984,12200,365.9,16
6,12,0.1,135,0.03003,12730,382,16
6,12,0.1,135,0.03024,12650,379.4,16
6,12,0.1,135,0.03043,12680,380.4,16
6,12,0.1,135,0.03065,12010,360.2,16
6,12,0.1,135,0.03085,11820,354.6,16
6,12,0.1,135,0.03106,11640,349.1,16
6,12,0.1,135,0.03127,11690,350.7,16
6,12,0.1,135,0.03146,11700,351.1,16
6,12,0.1,135,0.03166,11660,349.8,16
6,12,0.1,135,0.03186,11640,349.3,16
6,12,0.1,135,0.03206,11410,342.2,16
6,12,0.1,135,0.03229,11070,332.1,16
6,12,0.1,135,0.03248,11060,331.7,16
6,12,0.1,135,0.03268,11080,332.4,16
6,12,0.1,135,0.03287,11320,339.7,16
6,12,0.1,135,0.03307,11350,340.4,16
6,12,0.1,135,0.03327,11460,343.7,16
6,12,0.1,135,0.03346,11660,349.7,16
6,12,0.1,135,0.03366,11380,341.5,16
6,12,0.1,135,0.03366,11380,341.5,16
6,12,0.1,135,0.03387,11350,340.5,16
6,12,0.1,135,0.03387,11390,341.6,16
6,12,0.1,135,0.03409,11100,333.1,16
6,12,0.1,135,0.03409,11100,333.1,16
6,12,0.1,135,0.03427,11440,343.3,16
6,12,0.1,135,0.03427,11440,343.3,16
6,12,0.1,135,0.03449,11160,334.7,16
6,12,0.1,135,0.03449,11160,334.7,16
6,12,0.1,135,0.03466,11340,340.2,16
6,12,0.1,135,0.03467,11300,339.1,16
6,12,0.1,135,0.03491,10740,322.3,16
6,12,0.1,135,0.03491,10810,324.4,16
6,12,0.1,135,0.03509,10180,305.3,16
6,12,0.1,135,0.03509,10820,324.6,16
6,12,0.1,135,0.03509,10870,326.2,16
6,12,0.1,135,0.03529,10780,323.5,16
6,12,0.1,135,0.03529,10790,323.7,16
6,12,0.1,135,0.03549,10890,326.8,16
6,12,0.1,135,0.03549,10980,329.2,16
6,12,0.1,135,0.0357,10380,311.4,16
6,12,0.1,135,0.0357,11020,330.5,16
6,12,0.1,135,0.0357,11160,334.7,16
6,12,0.1,135,0.03585,11080,332.5,16
6,12,0.1,135,0.03585,11080,332.5,16
6,12,0.1,135,0.03608,11450,343.6,16
6,12,0.1,135,0.03608,11520,345.7,16
6,12,0.1,135,0.0361,10860,325.8,16
6,12,0.1,135,0.03627,11460,343.8,16
6,12,0.1,135,0.03627,11510,345.2,16
6,12,0.1,135,0.03647,11390,341.6,16
6,12,0.1,135,0.03647,11390,341.6,16
6,12,0.1,135,0.03669,10850,325.4,16
6,12,0.1,135,0.0367,10740,322,16
6,12,0.1,135,0.0369,10380,311.5,16
6,12,0.1,135,0.03691,10310,309.3,16
6,12,0.1,135,0.0371,10110,303.3,16
6,12,0.1,135,0.0371,10110,303.3,16
6,12,0.1,135,0.03731,10360,310.8,16
6,12,0.1,135,0.03731,10360,310.8,16
6,12,0.1,135,0.03749,10600,318,16
6,12,0.1,135,0.03749,10600,318,16
6,12,0.1,135,0.03768,10790,323.6,16
6,12,0.1,135,0.03768,10790,323.6,16
6,12,0.1,135,0.03787,11120,333.7,16
6,12,0.1,135,0.03788,11110,333.2,16
6,12,0.1,135,0.03806,11400,341.9,16
6,12,0.1,135,0.03806,11440,343,16
6,12,0.1,135,0.03827,11320,339.7,16
6,12,0.1,135,0.03827,11360,340.7,16
6,12,0.1,135,0.03848,11060,331.7,16
6,12,0.1,135,0.03848,11080,332.4,16
6,12,0.1,135,0.0387,10390,311.6,16
6,12,0.1,135,0.0387,10400,311.9,16
6,12,0.1,135,0.03891,9612,288.4,16
6,12,0.1,135,0.03891,9699,291,16
6,12,0.1,135,0.03911,9515,285.4,16
6,12,0.1,135,0.03912,9521,285.6,16
6,12,0.1,135,0.03924,9262,277.9,16
6,12,0.1,135,0.0393,9544,286.3,16
6,12,0.1,135,0.0393,9640,289.2,16
6,12,0.1,135,0.0395,9876,296.3,16
6,12,0.1,135,0.0395,9920,297.6,16
6,12,0.1,135,0.0397,9847,295.4,16
6,12,0.1,135,0.0397,9856,295.7,16
6,12,0.1,135,0.03972,9371,281.1,16
6,12,0.1,135,0.03991,9815,294.4,16
6,12,0.1,135,0.03991,9823,294.7,16
6,12,0.1,135,0.0401,9867,296,16
6,12,0.1,135,0.0401,9926,297.8,16
6,12,0.1,135,0.0403,10220,306.7,16
6,12,0.1,135,0.0403,10220,306.7,16
6,12,0.1,135,0.04046,10240,307.1,16
6,12,0.1,135,0.04046,10270,308.1,16
6,12,0.1,135,0.0407,10030,300.8,16
6,12,0.1,135,0.0407,10030,300.8,16
6,12,0.1,135,0.0409,9671,290.1,16
6,12,0.1,135,0.0409,9739,292.2,16
6,12,0.1,135,0.04109,9677,290.3,16
6,12,0.1,135,0.04109,9677,290.3,16
6,12,0.1,135,0.0413,9539,286.2,16
6,12,0.1,135,0.0413,9619,288.6,16
6,12,0.1,135,0.0415,9712,291.4,16
6,12,0.1,135,0.0415,9803,294.1,16
6,12,0.12,135,0.01649,3542,106.3,16
6,12,0.12,135,0.01666,3697,110.9,16
6,12,0.12,135,0.01685,4602,138.1,16
6,12,0.12,135,0.01702,5511,165.3,16
6,12,0.12,135,0.01721,5689,170.7,16
6,12,0.12,135,0.01744,5210,156.3,16
6,12,0.12,135,0.01762,5232,157,16
6,12,0.12,135,0.01766,6185,185.5,16
6,12,0.12,135,0.01774,9293,278.8,16
6,12,0.12,135,0.01786,12970,389.1,16
6,12,0.12,135,0.01805,13000,389.8,16
6,12,0.12,135,0.01833,9489,284.7,16
6,12,0.12,135,0.01861,5598,167.9,16
6,12,0.12,135,0.01883,4875,146.2,16
6,12,0.12,135,0.01903,4766,143,16
6,12,0.12,135,0.0192,5494,164.8,16
6,12,0.12,135,0.0194,6472,194.2,16
6,12,0.12,135,0.01959,6844,205.3,16
6,12,0.12,135,0.01978,7058,211.7,16
6,12,0.12,135,0.01997,7101,213,16
6,12,0.12,135,0.02018,7435,223,16
6,12,0.12,135,0.02038,7176,215.3,16
6,12,0.12,135,0.02059,6877,206.3,16
6,12,0.12,135,0.02077,7183,215.5,16
6,12,0.12,135,0.02094,9066,272,16
6,12,0.12,135,0.02106,12410,372.2,16
6,12,0.12,135,0.02112,13590,407.8,16
6,12,0.12,135,0.02121,15330,459.9,16
6,12,0.12,135,0.02141,15480,464.5,16
6,12,0.12,135,0.02161,14190,425.7,16
6,12,0.12,135,0.02188,11240,337,16
6,12,0.12,135,0.02212,9736,292.1,16
6,12,0.12,135,0.02233,9335,280,16
6,12,0.12,135,0.02252,9479,284.4,16
6,12,0.12,135,0.02273,9215,276.4,16
6,12,0.12,135,0.02295,8483,254.5,16
6,12,0.12,135,0.02316,7918,237.5,16
6,12,0.12,135,0.02336,8309,249.3,16
6,12,0.12,135,0.02354,8996,269.9,16
6,12,0.12,135,0.02372,9682,290.5,16
6,12,0.12,135,0.02392,9823,294.7,16
6,12,0.12,135,0.02413,9657,289.7,16
6,12,0.12,135,0.02433,9702,291.1,16
6,12,0.12,135,0.02453,9799,294,16
6,12,0.12,135,0.02473,9711,291.3,16
6,12,0.12,135,0.02493,8927,267.8,16
6,12,0.12,135,0.02515,7910,237.3,16
6,12,0.12,135,0.02537,7267,218,16
6,12,0.12,135,0.02557,7303,219.1,16
6,12,0.12,135,0.02575,8325,249.7,16
6,12,0.12,135,0.02593,8886,266.6,16
6,12,0.12,135,0.02614,8988,269.6,16
6,12,0.12,135,0.02634,8200,246,16
6,12,0.12,135,0.02656,7880,236.4,16
6,12,0.12,135,0.02675,8256,247.7,16
6,12,0.12,135,0.02693,8529,255.9,16
6,12,0.12,135,0.02712,8746,262.4,16
6,12,0.12,135,0.02734,8723,261.7,16
6,12,0.12,135,0.02753,8658,259.7,16
6,12,0.12,135,0.02775,8352,250.6,16
6,12,0.12,135,0.02792,8506,255.2,16
6,12,0.12,135,0.0281,8743,262.3,16
6,12,0.12,135,0.0283,9187,275.6,16
6,12,0.12,135,0.02851,9144,274.3,16
6,12,0.12,135,0.02871,9246,277.4,16
6,12,0.12,135,0.0289,9628,288.8,16
6,12,0.12,135,0.0291,9483,284.5,16
6,12,0.12,135,0.02931,9029,270.9,16
6,12,0.12,135,0.02954,8278,248.3,16
6,12,0.12,135,0.02973,8277,248.3,16
6,12,0.12,135,0.02993,8378,251.3,16
6,12,0.12,135,0.03013,8747,262.4,16
6,12,0.12,135,0.03032,9036,271.1,16
6,12,0.12,135,0.03052,9242,277.3,16
6,12,0.12,135,0.03072,9176,275.3,16
6,12,0.12,135,0.03093,8934,268,16
6,12,0.12,135,0.03113,8780,263.4,16
6,12,0.12,135,0.03131,8971,269.1,16
6,12,0.12,135,0.03151,9089,272.7,16
6,12,0.12,135,0.03172,9292,278.8,16
6,12,0.12,135,0.0319,9159,274.8,16
6,12,0.12,135,0.03211,9080,272.4,16
6,12,0.12,135,0.0323,9033,271,16
6,12,0.12,135,0.03251,9035,271,16
6,12,0.12,135,0.03271,8951,268.5,16
6,12,0.12,135,0.03293,8756,262.7,16
6,12,0.12,135,0.03311,8794,263.8,16
6,12,0.12,135,0.03333,8433,253,16
6,12,0.12,135,0.03353,8537,256.1,16
6,12,0.12,135,0.03373,8554,256.6,16
6,12,0.12,135,0.03392,8654,259.6,16
6,12,0.12,135,0.03412,8548,256.4,16
6,12,0.12,135,0.03432,8530,255.9,16
6,12,0.12,135,0.03452,8743,262.3,16
6,12,0.12,135,0.03473,8886,266.6,16
6,12,0.12,135,0.03492,9051,271.5,16
6,12,0.12,135,0.03512,9042,271.3,16
6,12,0.12,135,0.03532,9107,273.2,16
6,12,0.12,135,0.03551,9148,274.4,16
6,12,0.12,135,0.03573,9029,270.9,16
6,12,0.12,135,0.03592,9136,274.1,16
6,12,0.12,135,0.03613,8903,267.1,16
6,12,0.12,135,0.03631,8943,268.3,16
6,12,0.12,135,0.03652,8843,265.3,16
6,12,0.12,135,0.03671,8771,263.1,16
6,12,0.12,135,0.03694,8527,255.8,16
6,12,0.12,135,0.0371,8626,258.8,16
6,12,0.12,135,0.03733,8687,260.6,16
6,12,0.12,135,0.03751,8765,262.9,16
6,12,0.12,135,0.03774,8433,253,16
6,12,0.12,135,0.0379,8694,260.8,16
6,12,0.12,135,0.03812,8830,264.9,16
6,12,0.12,135,0.0383,9366,281,16
6,12,0.12,135,0.03851,9383,281.5,16
6,12,0.12,135,0.0387,9188,275.6,16
6,12,0.12,135,0.03891,9005,270.1,16
6,12,0.12,135,0.03912,8899,267,16
6,12,0.12,135,0.03931,9027,270.8,16
6,12,0.12,135,0.03951,9042,271.3,16
6,12,0.12,135,0.03972,9034,271,16
6,12,0.12,135,0.03991,9007,270.2,16
6,12,0.12,135,0.04011,9048,271.4,16
6,12,0.12,135,0.04031,9202,276.1,16
6,12,0.12,135,0.04051,9159,274.8,16
6,12,0.12,135,0.0407,9129,273.9,16
6,12,0.12,135,0.04091,8928,267.8,16
6,12,0.12,135,0.04111,9099,273,16
6,12,0.12,135,0.0413,9064,271.9,16
6,12,0.12,135,0.04151,9196,275.9,16
6,12,0.12,135,0.0417,9169,275.1,16
6,12,0.12,135,0.04191,9186,275.6,16
6,12,0.12,135,0.0421,9214,276.4,16
6,12,0.1405,135,0.01733,1573,47.19,16
6,12,0.1405,135,0.01746,1969,59.07,16
6,12,0.1405,135,0.01769,1990,59.7,16
6,12,0.1405,135,0.01789,1997,59.91,16
6,12,0.1405,135,0.01811,1587,47.61,16
6,12,0.1405,135,0.0183,1987,59.61,16
6,12,0.1405,135,0.01846,3360,100.8,16
6,12,0.1405,135,0.01847,4795,143.8,16
6,12,0.1405,135,0.01854,7992,239.8,16
6,12,0.1405,135,0.01862,12830,384.8,16
6,12,0.1405,135,0.01879,13410,402.4,16
6,12,0.1405,135,0.01893,11950,358.4,16
6,12,0.1405,135,0.01907,10620,318.7,16
6,12,0.1405,135,0.01919,8924,267.7,16
6,12,0.1405,135,0.01926,8247,247.4,16
6,12,0.1405,135,0.01936,7113,213.4,16
6,12,0.1405,135,0.01949,6496,194.9,16
6,12,0.1405,135,0.01959,6034,181,16
6,12,0.1405,135,0.01981,4834,145,16
6,12,0.1405,135,0.02001,4379,131.4,16
6,12,0.1405,135,0.02022,4308,129.2,16
6,12,0.1405,135,0.02039,4514,135.4,16
6,12,0.1405,135,0.02061,4920,147.6,16
6,12,0.1405,135,0.0208,5158,154.7,16
6,12,0.1405,135,0.02096,6030,180.9,16
6,12,0.1405,135,0.02117,6186,185.6,16
6,12,0.1405,135,0.02135,6526,195.8,16
6,12,0.1405,135,0.02156,6410,192.3,16
6,12,0.1405,135,0.02173,7632,229,16
6,12,0.1405,135,0.02177,8774,263.2,16
6,12,0.1405,135,0.02185,10890,326.6,16
6,12,0.1405,135,0.02191,12130,364,16
6,12,0.1405,135,0.02199,13770,413,16
6,12,0.1405,135,0.02228,13580,407.5,16
6,12,0.1405,135,0.0224,12570,377,16
6,12,0.1405,135,0.02253,11070,332,16
6,12,0.1405,135,0.02269,9347,280.4,16
6,12,0.1405,135,0.02293,7441,223.2,16
6,12,0.1405,135,0.02314,7277,218.3,16
6,12,0.1405,135,0.02333,7754,232.6,16
6,12,0.1405,135,0.02353,7133,214,16
6,12,0.1405,135,0.0237,6327,189.8,16
6,12,0.1405,135,0.02379,5795,173.8,16
6,12,0.1405,135,0.02402,4756,142.7,16
6,12,0.1405,135,0.02421,4699,141,16
6,12,0.1405,135,0.02443,4834,145,16
6,12,0.1405,135,0.0246,5019,150.6,16
6,12,0.1405,135,0.02481,5264,157.9,16
6,12,0.1405,135,0.025,5394,161.8,16
6,12,0.1405,135,0.0252,5240,157.2,16
6,12,0.1405,135,0.0254,5488,164.6,16
6,12,0.1405,135,0.0256,5491,164.7,16
6,12,0.1405,135,0.0258,5285,158.5,16
6,12,0.1405,135,0.02604,4200,126,16
6,12,0.1405,135,0.02622,3900,117,16
6,12,0.1405,135,0.02642,3939,118.2,16
6,12,0.1405,135,0.02661,4569,137.1,16
6,12,0.1405,135,0.02679,4814,144.4,16
6,12,0.1405,135,0.027,4699,141,16
6,12,0.1405,135,0.02721,4587,137.6,16
6,12,0.1405,135,0.0274,4762,142.9,16
6,12,0.1405,135,0.02759,5109,153.3,16
6,12,0.1405,135,0.02778,5555,166.6,16
6,12,0.1405,135,0.02797,5967,179,16
6,12,0.1405,135,0.02815,6221,186.6,16
6,12,0.1405,135,0.02836,6241,187.2,16
6,12,0.1405,135,0.02858,5717,171.5,16
6,12,0.1405,135,0.02876,5704,171.1,16
6,12,0.1405,135,0.02895,5874,176.2,16
6,12,0.1405,135,0.02915,6124,183.7,16
6,12,0.1405,135,0.02938,5813,174.4,16
6,12,0.1405,135,0.02957,5558,166.7,16
6,12,0.1405,135,0.02977,5639,169.2,16
6,12,0.1405,135,0.02996,5876,176.3,16
6,12,0.1405,135,0.03015,6243,187.3,16
6,12,0.1405,135,0.03034,6240,187.2,16
6,12,0.1405,135,0.03055,6436,193.1,16
6,12,0.1405,135,0.03075,6409,192.3,16
6,12,0.1405,135,0.03095,6552,196.6,16
6,12,0.1405,135,0.03114,6668,200,16
6,12,0.1405,135,0.03135,6671,200.1,16
6,12,0.1405,135,0.03154,6953,208.6,16
6,12,0.1405,135,0.03172,6984,209.5,16
6,12,0.1405,135,0.03192,7220,216.6,16
6,12,0.1405,135,0.03211,6953,208.6,16
6,12,0.1405,135,0.03233,6914,207.4,16
6,12,0.1405,135,0.03253,6794,203.8,16
6,12,0.1405,135,0.03273,6863,205.9,16
6,12,0.1405,135,0.03293,6937,208.1,16
6,12,0.1405,135,0.03313,7007,210.2,16
6,12,0.1405,135,0.03333,7119,213.6,16
6,12,0.1405,135,0.03352,7078,212.3,16
6,12,0.1405,135,0.03371,7286,218.6,16
6,12,0.1405,135,0.03393,7179,215.4,16
6,12,0.1405,135,0.03411,7322,219.7,16
6,12,0.1405,135,0.03433,7061,211.8,16
6,12,0.1405,135,0.03453,7081,212.4,16
6,12,0.1405,135,0.03473,7080,212.4,16
6,12,0.1405,135,0.03491,7275,218.2,16
6,12,0.1405,135,0.03512,7262,217.9,16
6,12,0.1405,135,0.03533,7205,216.1,16
6,12,0.1405,135,0.0355,7181,215.4,16
6,12,0.1405,135,0.03573,7293,218.8,16
6,12,0.1405,135,0.03592,7498,224.9,16
6,12,0.1405,135,0.0361,7882,236.5,16
6,12,0.1405,135,0.03628,7945,238.3,16
6,12,0.1405,135,0.03649,7916,237.5,16
6,12,0.1405,135,0.03671,7712,231.4,16
6,12,0.1405,135,0.03691,7871,236.1,16
6,12,0.1405,135,0.0371,7994,239.8,16
6,12,0.1405,135,0.03729,7995,239.8,16
6,12,0.1405,135,0.0375,7940,238.2,16
6,12,0.1405,135,0.03769,7934,238,16
6,12,0.1405,135,0.03789,8009,240.3,16
6,12,0.1405,135,0.03808,8109,243.3,16
6,12,0.1405,135,0.03829,7863,235.9,16
6,12,0.1405,135,0.03848,8028,240.8,16
6,12,0.1405,135,0.0387,8000,240,16
6,12,0.1405,135,0.03888,8128,243.8,16
6,12,0.1405,135,0.0391,7932,238,16
6,12,0.1405,135,0.03929,7937,238.1,16
6,12,0.1405,135,0.03948,8294,248.8,16
6,12,0.1405,135,0.03968,8297,248.9,16
6,12,0.1405,135,0.03989,8258,247.7,16
6,12,0.1405,135,0.04009,8206,246.2,16
6,12,0.1405,135,0.04029,8333,250,16
6,12,0.1405,135,0.04047,8386,251.6,16
6,12,0.1405,135,0.04069,8086,242.6,16
6,12,0.1405,135,0.04088,8053,241.6,16
6,12,0.1405,135,0.04109,7919,237.6,16
6,12,0.1405,135,0.04129,8180,245.4,16
6,12,0.1405,135,0.04149,8106,243.2,16
6,12,0.1405,135,0.04167,8364,250.9,16
6,12,0.1405,135,0.04189,8179,245.4,16
6,12,0.1405,135,0.04207,8150,244.5,16
6,12,0.1405,135,0.04229,7846,235.4,16
6,12,0.1405,135,0.04248,8048,241.4,16
6,12,0.1405,135,0.04266,8126,243.8,16
6,12,0.1405,135,0.04288,8288,248.6,16
6,12,0.1776,135,0.02004,1488,44.64,16
6,12,0.1776,135,0.02022,1875,56.25,16
6,12,0.1776,135,0.02027,2414,72.42,16
6,12,0.1776,135,0.02037,4167,125,16
6,12,0.1776,135,0.02042,4999,150,16
6,12,0.1776,135,0.02051,6202,186.1,16
6,12,0.1776,135,0.02069,6737,202.1,16
6,12,0.1776,135,0.02094,5473,164.2,16
6,12,0.1776,135,0.02108,4456,133.7,16
6,12,0.1776,135,0.02118,3922,117.7,16
6,12,0.1776,135,0.02138,3450,103.5,16
6,12,0.1776,135,0.02161,2681,80.43,16
6,12,0.1776,135,0.02182,2253,67.59,16
6,12,0.1776,135,0.02203,1688,50.64,16
6,12,0.1776,135,0.02224,1378,41.34,16
6,12,0.1776,135,0.02242,1182,35.46,16
6,12,0.1776,135,0.02264,1211,36.33,16
6,12,0.1776,135,0.02282,1358,40.74,16
6,12,0.1776,135,0.0229,2713,81.39,16
6,12,0.1776,135,0.02303,1872,56.16,16
6,12,0.1776,135,0.02322,2214,66.42,16
6,12,0.1776,135,0.0234,2904,87.12,16
6,12,0.1776,135,0.02356,4042,121.3,16
6,12,0.1776,135,0.02373,5582,167.5,16
6,12,0.1776,135,0.02387,8220,246.6,16
6,12,0.1776,135,0.02405,8919,267.6,16
6,12,0.1776,135,0.02425,8288,248.6,16
6,12,0.1776,135,0.02453,5785,173.5,16
6,12,0.1776,135,0.02476,4468,134,16
6,12,0.1776,135,0.02496,4536,136.1,16
6,12,0.1776,135,0.02517,4608,138.2,16
6,12,0.1776,135,0.02537,4038,121.1,16
6,12,0.1776,135,0.0256,3297,98.91,16
6,12,0.1776,135,0.02581,2673,80.19,16
6,12,0.1776,135,0.02601,2475,74.25,16
6,12,0.1776,135,0.02622,2252,67.56,16
6,12,0.1776,135,0.02643,2152,64.56,16
6,12,0.1776,135,0.02663,2264,67.92,16
6,12,0.1776,135,0.02681,2202,66.06,16
6,12,0.1776,135,0.02702,2271,68.13,16
6,12,0.1776,135,0.02722,2187,65.61,16
6,12,0.1776,135,0.02742,2363,70.89,16
6,12,0.1776,135,0.02762,2242,67.26,16
6,12,0.1776,135,0.02783,2042,61.26,16
6,12,0.1776,135,0.02802,1947,58.41,16
6,12,0.1776,135,0.02823,1910,57.3,16
6,12,0.1776,135,0.02844,1947,58.41,16
6,12,0.1776,135,0.02862,2023,60.69,16
6,12,0.1776,135,0.02883,2205,66.15,16
6,12,0.1776,135,0.02902,2386,71.58,16
6,12,0.1776,135,0.0292,2489,74.67,16
6,12,0.1776,135,0.0294,2568,77.04,16
6,12,0.1776,135,0.0296,2942,88.26,16
6,12,0.1776,135,0.0298,3278,98.34,16
6,12,0.1776,135,0.02998,3326,99.78,16
6,12,0.1776,135,0.0302,3210,96.3,16
6,12,0.1776,135,0.03041,2857,85.71,16
6,12,0.1776,135,0.03059,2952,88.56,16
6,12,0.1776,135,0.03079,2888,86.64,16
6,12,0.1776,135,0.03098,2920,87.6,16
6,12,0.1776,135,0.0312,2796,83.88,16
6,12,0.1776,135,0.0314,2705,81.15,16
6,12,0.1776,135,0.03159,2865,85.95,16
6,12,0.1776,135,0.03179,2992,89.76,16
6,12,0.1776,135,0.032,3037,91.11,16
6,12,0.1776,135,0.03219,3056,91.68,16
6,12,0.1776,135,0.0324,2851,85.53,16
6,12,0.1776,135,0.03258,3072,92.16,16
6,12,0.1776,135,0.0328,2917,87.51,16
6,12,0.1776,135,0.03299,3177,95.31,16
6,12,0.1776,135,0.03319,2982,89.46,16
6,12,0.1776,135,0.03339,3057,91.71,16
6,12,0.1776,135,0.03359,3040,91.2,16
6,12,0.1776,135,0.03378,3321,99.63,16
6,12,0.1776,135,0.034,3181,95.43,16
6,12,0.1776,135,0.03418,3177,95.31,16
6,12,0.1776,135,0.03439,3008,90.24,16
6,12,0.1776,135,0.0346,3182,95.46,16
6,12,0.1776,135,0.0348,3111,93.33,16
6,12,0.1776,135,0.03498,3433,103,16
6,12,0.1776,135,0.03518,3289,98.67,16
6,12,0.1776,135,0.03539,3287,98.61,16
6,12,0.1776,135,0.03561,2847,85.41,16
6,12,0.1776,135,0.03581,2703,81.09,16
6,12,0.1776,135,0.03601,2823,84.69,16
6,12,0.1776,135,0.03621,3131,93.93,16
6,12,0.1776,135,0.03639,3546,106.4,16
6,12,0.1776,135,0.03659,3327,99.81,16
6,12,0.1776,135,0.03681,3183,95.49,16
6,12,0.1776,135,0.037,3071,92.13,16
6,12,0.1776,135,0.0372,3037,91.11,16
6,12,0.1776,135,0.03741,3274,98.22,16
6,12,0.1776,135,0.03759,3388,101.6,16
6,12,0.1776,135,0.03779,3693,110.8,16
6,12,0.1776,135,0.03799,3614,108.4,16
6,12,0.1776,135,0.03819,3950,118.5,16
6,12,0.1776,135,0.03838,3945,118.3,16
6,12,0.1776,135,0.03858,4157,124.7,16
6,12,0.1776,135,0.03879,3681,110.4,16
6,12,0.1776,135,0.03899,3481,104.4,16
6,12,0.1776,135,0.03918,3510,105.3,16
6,12,0.1776,135,0.03941,3783,113.5,16
6,12,0.1776,135,0.03959,3934,118,16
6,12,0.1776,135,0.0398,3860,115.8,16
6,12,0.1776,135,0.03999,3858,115.7,16
6,12,0.1776,135,0.04021,3487,104.6,16
6,12,0.1776,135,0.04038,3421,102.6,16
6,12,0.1776,135,0.04059,3461,103.8,16
6,12,0.1776,135,0.04079,3756,112.7,16
6,12,0.1776,135,0.04099,3642,109.3,16
6,12,0.1776,135,0.0412,3616,108.5,16
6,12,0.1776,135,0.04138,3546,106.4,16
6,12,0.1776,135,0.04159,3710,111.3,16
6,12,0.1776,135,0.04178,3872,116.2,16
6,12,0.1776,135,0.04198,3945,118.3,16
6,12,0.1776,135,0.04219,4005,120.1,16
6,12,0.1776,135,0.04237,3962,118.9,16
6,12,0.1776,135,0.04259,3906,117.2,16
6,12,0.1776,135,0.04277,4109,123.3,16
6,12,0.1776,135,0.04298,4418,132.5,16
6,12,0.1776,135,0.04318,4625,138.7,16
6,12,0.1776,135,0.04337,4654,139.6,16
6,12,0.1776,135,0.04359,4289,128.7,16
6,12,0.1776,135,0.04378,4164,124.9,16
6,12,0.1776,135,0.04398,4208,126.2,16
6,12,0.1776,135,0.04418,4524,135.7,16
6,12,0.25,35,0.01521,136000,4080,16
6,12,0.25,35,0.01541,147000,4410,16
6,12,0.25,35,0.01551,162000,4860,16
6,12,0.25,35,0.01561,179000,5370,16
6,12,0.25,35,0.01571,201000,6030,16
6,12,0.25,35,0.01581,220000,6600,16
6,12,0.25,35,0.01581,235000,7050,16
6,12,0.25,35,0.01591,260000,7800,16
6,12,0.25,35,0.01601,280000,8400,16
6,12,0.25,35,0.01601,294000,8820,16
6,12,0.25,35,0.01621,310000,9300,16
6,12,0.25,35,0.01641,298000,8940,16
6,12,0.25,35,0.01661,281000,8430,16
6,12,0.25,35,0.01661,296000,8880,16
6,12,0.25,35,0.01671,318000,9540,16
6,12,0.25,35,0.01681,352000,10560,16
6,12,0.25,35,0.01681,372000,11160,16
6,12,0.25,35,0.01691,390000,11700,16
6,12,0.25,35,0.01691,408000,12240,16
6,12,0.25,35,0.01701,435000,13050,16
6,12,0.25,35,0.01721,392000,11760,16
6,12,0.25,35,0.01721,414000,12420,16
6,12,0.25,35,0.01721,431000,12930,16
6,12,0.25,35,0.01731,346000,10380,16
6,12,0.25,35,0.01731,366000,10980,16
6,12,0.25,35,0.01741,279000,8370,16
6,12,0.25,35,0.01741,299000,8970,16
6,12,0.25,35,0.01741,319000,9570,16
6,12,0.25,35,0.01751,223000,6690,16
6,12,0.25,35,0.01751,244000,7320,16
6,12,0.25,35,0.01751,260000,7800,16
6,12,0.25,35,0.01761,196000,5880,16
6,12,0.25,35,0.01771,172000,5160,16
6,12,0.25,35,0.01801,176000,5280,16
6,12,0.25,35,0.01821,179000,5370,16
6,12,0.25,35,0.01841,178000,5340,16
6,12,0.25,35,0.01861,179000,5370,16
6,12,0.25,35,0.01871,185000,5550,16
6,12,0.25,35,0.01881,196000,5880,16
6,12,0.25,35,0.01901,224000,6720,16
6,12,0.25,35,0.01921,240000,7200,16
6,12,0.25,35,0.01941,246000,7380,16
6,12,0.25,35,0.01961,228000,6840,16
6,12,0.25,35,0.01981,236000,7080,16
6,12,0.25,35,0.02001,260000,7800,16
6,12,0.25,35,0.02011,278000,8340,16
6,12,0.25,35,0.02031,285000,8550,16
6,12,0.25,35,0.02051,279000,8370,16
6,12,0.25,35,0.02071,274000,8220,16
6,12,0.25,35,0.02091,276000,8280,16
6,12,0.25,35,0.02101,279000,8370,16
6,12,0.25,35,0.02121,292000,8760,16
6,12,0.25,35,0.02141,313000,9390,16
6,12,0.25,35,0.02141,327000,9810,16
6,12,0.25,35,0.02161,354000,10620,16
6,12,0.25,35,0.02161,371000,11130,16
6,12,0.25,35,0.02181,390000,11700,16
6,12,0.25,35,0.02181,405000,12150,16
6,12,0.25,35,0.02191,424000,12720,16
6,12,0.25,35,0.02201,440000,13200,16
6,12,0.25,35,0.02211,462000,13860,16
6,12,0.25,35,0.02221,484000,14520,16
6,12,0.25,35,0.02221,499000,14970,16
6,12,0.25,35,0.02231,522000,15660,16
6,12,0.25,35,0.02241,545000,16350,16
6,12,0.25,35,0.02241,566000,16980,16
6,12,0.25,35,0.02261,589000,17670,16
6,12,0.25,35,0.02281,606000,18180,16
6,12,0.25,35,0.02301,608000,18240,16
6,12,0.25,35,0.02321,597000,17910,16
6,12,0.25,35,0.02341,581000,17430,16
6,12,0.25,35,0.02361,553000,16590,16
6,12,0.25,35,0.02381,529000,15870,16
6,12,0.25,35,0.02401,531000,15930,16
6,12,0.25,35,0.02421,533000,15990,16
6,12,0.25,35,0.02441,550000,16500,16
6,12,0.25,35,0.02461,556000,16680,16
6,12,0.25,35,0.02481,555000,16650,16
6,12,0.25,35,0.02491,534000,16020,16
6,12,0.25,35,0.02501,510000,15300,16
6,12,0.25,35,0.02511,486000,14580,16
6,12,0.25,35,0.02521,467000,14010,16
6,12,0.25,35,0.02531,448000,13440,16
6,12,0.25,35,0.02541,424000,12720,16
6,12,0.25,35,0.02541,434000,13020,16
6,12,0.25,35,0.02561,448000,13440,16
6,12,0.25,35,0.02581,458000,13740,16
6,12,0.25,35,0.02601,476000,14280,16
6,12,0.25,35,0.02621,471000,14130,16
6,12,0.25,35,0.02641,477000,14310,16
6,12,0.25,35,0.02661,477000,14310,16
6,12,0.25,35,0.02681,461000,13830,16
6,12,0.25,35,0.02701,453000,13590,16
6,12,0.25,35,0.02721,430000,12900,16
6,12,0.25,35,0.02741,429000,12870,16
6,12,0.25,35,0.02761,413000,12390,16
6,12,0.25,35,0.02781,402000,12060,16
6,12,0.25,35,0.02801,394000,11820,16
6,12,0.25,35,0.02821,391000,11730,16
6,12,0.25,35,0.02841,384000,11520,16
6,12,0.25,35,0.02861,372000,11160,16
6,12,0.25,35,0.02881,365000,10950,16
6,12,0.25,35,0.02901,370000,11100,16
6,12,0.25,35,0.02921,369000,11070,16
6,12,0.25,35,0.02941,362000,10860,16
6,12,0.25,35,0.02961,353000,10590,16
6,12,0.25,35,0.02981,351000,10530,16
6,12,0.25,35,0.03001,362000,10860,16
6,12,0.25,35,0.03011,368000,11040,16
6,12,0.25,35,0.03031,370000,11100,16
6,12,0.25,35,0.03051,366000,10980,16
6,12,0.25,35,0.03071,364000,10920,16
6,12,0.25,35,0.03091,356000,10680,16
6,12,0.25,35,0.03111,347000,10410,16
6,12,0.25,35,0.03131,342000,10260,16
6,12,0.25,35,0.03151,335000,10050,16
6,12,0.25,35,0.03181,326000,9780,16
6,12,0.25,35,0.03201,319000,9570,16
6,12,0.25,35,0.03221,321000,9630,16
6,12,0.25,35,0.03241,320000,9600,16
6,12,0.25,35,0.03261,316000,9480,16
6,12,0.25,35,0.03281,316000,9480,16
6,12,0.25,35,0.03301,299000,8970,16
6,12,0.25,35,0.03321,293000,8790,16
6,12,0.25,35,0.03341,291000,8730,16
6,12,0.25,35,0.03361,303000,9090,16
6,12,0.25,35,0.03381,305000,9150,16
6,12,0.25,35,0.03401,296000,8880,16
6,12,0.25,35,0.03421,299000,8970,16
6,12,0.25,35,0.03441,282000,8460,16
6,12,0.25,35,0.03461,284000,8520,16
6,12,0.25,35,0.03481,274000,8220,16
6,12,0.25,35,0.03501,279000,8370,16
6,12,0.25,35,0.03521,279000,8370,16
6,12,0.25,35,0.03541,282000,8460,16
6,12,0.25,35,0.03561,286000,8580,16
6,12,0.25,35,0.03581,289000,8670,16
6,12,0.25,35,0.03601,295000,8850,16
6,12,0.25,35,0.03621,297000,8910,16
6,12,0.25,35,0.03641,288000,8640,16
6,12,0.25,35,0.03661,274000,8220,16
6,12,0.25,35,0.03681,270000,8100,16
6,12,0.25,35,0.03701,270000,8100,16
6,12,0.25,35,0.03721,277000,8310,16
6,12,0.25,35,0.03741,274000,8220,16
6,12,0.25,35,0.03761,278000,8340,16
6,12,0.25,35,0.03781,273000,8190,16
6,12,0.25,35,0.03801,265000,7950,16
6,12,0.25,35,0.03821,261000,7830,16
6,12,0.25,35,0.03841,262000,7860,16
6,12,0.25,35,0.03861,263000,7890,16
6,12,0.25,35,0.03881,265000,7950,16
6,12,0.25,35,0.03901,269000,8070,16
6,12,0.25,35,0.03921,268000,8040,16
6,12,0.25,35,0.03941,265000,7950,16
6,12,0.25,35,0.03961,252000,7560,16
6,12,0.25,35,0.03981,245000,7350,16
6,12,0.25,35,0.04001,242000,7260,16
6,12,0.25,35,0.04021,242000,7260,16
6,12,0.25,35,0.04041,241000,7230,16
6,12,0.25,35,0.04061,245000,7350,16
6,12,0.25,35,0.04081,248000,7440,16
6,12,0.25,35,0.04101,245000,7350,16
6,12,0.25,35,0.04111,243000,7290,16
6,12,0.25,40,0.015711,121600,3648,16
6,12,0.25,40,0.015901,119900,3597,16
6,12,0.25,40,0.016021,133000,3990,16
6,12,0.25,40,0.016101,146000,4380,16
6,12,0.25,40,0.016181,157200,4716,16
6,12,0.25,40,0.016321,173000,5190,16
6,12,0.25,40,0.016411,185200,5556,16
6,12,0.25,40,0.016531,199900,5997,16
6,12,0.25,40,0.016741,197600,5928,16
6,12,0.25,40,0.016951,198900,5967,16
6,12,0.25,40,0.017011,212700,6381,16
6,12,0.25,40,0.017051,227000,6810,16
6,12,0.25,40,0.017101,243400,7302,16
6,12,0.25,40,0.017161,259800,7794,16
6,12,0.25,40,0.017201,271500,8145,16
6,12,0.25,40,0.017241,284800,8544,16
6,12,0.25,40,0.017281,298200,8946,16
6,12,0.25,40,0.017321,310800,9324,16
6,12,0.25,40,0.017371,326500,9795,16
6,12,0.25,40,0.017551,317800,9534,16
6,12,0.25,40,0.017631,296100,8883,16
6,12,0.25,40,0.017641,304400,9132,16
6,12,0.25,40,0.017671,280900,8427,16
6,12,0.25,40,0.017701,265300,7959,16
6,12,0.25,40,0.017741,249500,7485,16
6,12,0.25,40,0.017771,229700,6891,16
6,12,0.25,40,0.017811,217400,6522,16
6,12,0.25,40,0.017831,207200,6216,16
6,12,0.25,40,0.017861,193400,5802,16
6,12,0.25,40,0.017891,180100,5403,16
6,12,0.25,40,0.017931,161300,4839,16
6,12,0.25,40,0.017991,139900,4197,16
6,12,0.25,40,0.018191,130500,3915,16
6,12,0.25,40,0.018381,132200,3966,16
6,12,0.25,40,0.018601,131900,3957,16
6,12,0.25,40,0.018811,126800,3804,16
6,12,0.25,40,0.019031,121700,3651,16
6,12,0.25,40,0.019221,129300,3879,16
6,12,0.25,40,0.019431,138000,4140,16
6,12,0.25,40,0.019641,150900,4527,16
6,12,0.25,40,0.019841,160800,4824,16
6,12,0.25,40,0.020041,171900,5157,16
6,12,0.25,40,0.020261,173400,5202,16
6,12,0.25,40,0.020461,180800,5424,16
6,12,0.25,40,0.020581,189200,5676,16
6,12,0.25,40,0.020711,198800,5964,16
6,12,0.25,40,0.020881,212700,6381,16
6,12,0.25,40,0.021081,215200,6456,16
6,12,0.25,40,0.021331,202100,6063,16
6,12,0.25,40,0.021501,191300,5739,16
6,12,0.25,40,0.021711,189900,5697,16
6,12,0.25,40,0.021931,192000,5760,16
6,12,0.25,40,0.022151,209100,6273,16
6,12,0.25,40,0.022381,227600,6828,16
6,12,0.25,40,0.022551,242000,7260,16
6,12,0.25,40,0.022591,249400,7482,16
6,12,0.25,40,0.022751,263400,7902,16
6,12,0.25,40,0.022801,273200,8196,16
6,12,0.25,40,0.022921,287400,8622,16
6,12,0.25,40,0.023001,299500,8985,16
6,12,0.25,40,0.023101,317300,9519,16
6,12,0.25,40,0.023191,332800,9984,16
6,12,0.25,40,0.023291,346500,10395,16
6,12,0.25,40,0.023421,361600,10848,16
6,12,0.25,40,0.023581,366500,10995,16
6,12,0.25,40,0.023811,358100,10743,16
6,12,0.25,40,0.024031,345800,10374,16
6,12,0.25,40,0.024221,331800,9954,16
6,12,0.25,40,0.024461,317700,9531,16
6,12,0.25,40,0.024641,305200,9156,16
6,12,0.25,40,0.024851,302000,9060,16
6,12,0.25,40,0.025071,308200,9246,16
6,12,0.25,40,0.025271,321000,9630,16
6,12,0.25,40,0.025471,327800,9834,16
6,12,0.25,40,0.025721,320400,9612,16
6,12,0.25,40,0.025871,303900,9117,16
6,12,0.25,40,0.025941,294700,8841,16
6,12,0.25,40,0.026111,278200,8346,16
6,12,0.25,40,0.026281,265700,7971,16
6,12,0.25,40,0.026501,265800,7974,16
6,12,0.25,40,0.026701,275700,8271,16
6,12,0.25,40,0.026911,285600,8568,16
6,12,0.25,40,0.027141,291800,8754,16
6,12,0.25,40,0.027331,297500,8925,16
6,12,0.25,40,0.027531,296200,8886,16
6,12,0.25,40,0.027761,290900,8727,16
6,12,0.25,40,0.027941,287400,8622,16
6,12,0.25,40,0.028161,285300,8559,16
6,12,0.25,40,0.028371,283000,8490,16
6,12,0.25,40,0.028571,280600,8418,16
6,12,0.25,40,0.028791,270700,8121,16
6,12,0.25,40,0.028981,261900,7857,16
6,12,0.25,40,0.029181,254600,7638,16
6,12,0.25,40,0.029411,249000,7470,16
6,12,0.25,40,0.029641,244900,7347,16
6,12,0.25,40,0.029821,246500,7395,16
6,12,0.25,40,0.030031,250400,7512,16
6,12,0.25,40,0.030241,255000,7650,16
6,12,0.25,40,0.030451,253100,7593,16
6,12,0.25,40,0.030671,251700,7551,16
6,12,0.25,40,0.030871,251800,7554,16
6,12,0.25,40,0.031091,245600,7368,16
6,12,0.25,40,0.031281,244100,7323,16
6,12,0.25,40,0.031491,239200,7176,16
6,12,0.25,40,0.031721,241000,7230,16
6,12,0.25,40,0.031921,235200,7056,16
6,12,0.25,40,0.032131,231500,6945,16
6,12,0.25,40,0.032321,229000,6870,16
6,12,0.25,40,0.032531,227400,6822,16
6,12,0.25,40,0.032741,227300,6819,16
6,12,0.25,40,0.032961,223300,6699,16
6,12,0.25,40,0.033181,215200,6456,16
6,12,0.25,40,0.033391,206900,6207,16
6,12,0.25,40,0.033571,206600,6198,16
6,12,0.25,40,0.033801,211000,6330,16
6,12,0.25,40,0.034001,212800,6384,16
6,12,0.25,40,0.034211,212800,6384,16
6,12,0.25,40,0.034421,210700,6321,16
6,12,0.25,40,0.034621,209800,6294,16
6,12,0.25,40,0.034841,210100,6303,16
6,12,0.25,40,0.035051,208500,6255,16
6,12,0.25,40,0.035231,208000,6240,16
6,12,0.25,40,0.035441,211600,6348,16
6,12,0.25,40,0.035651,209400,6282,16
6,12,0.25,40,0.035871,208600,6258,16
6,12,0.25,40,0.036101,204000,6120,16
6,12,0.25,40,0.036291,201900,6057,16
6,12,0.25,40,0.036511,196800,5904,16
6,12,0.25,40,0.036711,196200,5886,16
6,12,0.25,40,0.036921,195900,5877,16
6,12,0.25,40,0.037141,193400,5802,16
6,12,0.25,40,0.037351,194100,5823,16
6,12,0.25,40,0.037551,191900,5757,16
6,12,0.25,40,0.037751,193900,5817,16
6,12,0.25,40,0.037971,195700,5871,16
6,12,0.25,40,0.038181,195800,5874,16
6,12,0.25,40,0.038381,195000,5850,16
6,12,0.25,40,0.038581,188500,5655,16
6,12,0.25,40,0.038791,188300,5649,16
6,12,0.25,40,0.039001,185600,5568,16
6,12,0.25,40,0.039201,194500,5835,16
6,12,0.25,40,0.039381,196100,5883,16
6,12,0.25,40,0.039591,203000,6090,16
6,12,0.25,40,0.039811,198200,5946,16
6,12,0.25,40,0.040021,200000,6000,16
6,12,0.25,40,0.040231,193400,5802,16
6,12,0.25,40,0.040411,190000,5700,16
6,12,0.25,40,0.040631,185300,5559,16
6,12,0.25,40,0.040831,183600,5508,16
6,12,0.25,40,0.041051,184500,5535,16
6,12,0.25,40,0.041291,181900,5457,16
6,12,0.25,40,0.041481,182700,5481,16
6,12,0.25,40,0.041711,182700,5481,16
6,12,0.25,40,0.041891,182100,5463,16
6,12,0.25,40,0.042111,181800,5454,16
6,12,0.25,40,0.042311,181300,5439,16
6,12,0.25,40,0.042521,182300,5469,16
6,12,0.25,40,0.042812,170120,5103.6,16
6,12,0.25,40,0.043292,168290,5048.7,16
6,12,0.25,40,0.043772,167570,5027.1,16
6,12,0.25,40,0.044252,165260,4957.8,16
6,12,0.25,40,0.044732,161400,4842,16
6,12,0.25,40,0.045212,162200,4866,16
6,12,0.25,40,0.045692,159560,4786.8,16
6,12,0.25,40,0.046172,160000,4800,16
6,12,0.25,40,0.046652,148000,4440,16
6,12,0.25,40,0.047132,152170,4565.1,16
6,12,0.25,40,0.047612,154680,4640.4,16
6,12,0.25,40,0.048092,152980,4589.4,16
6,12,0.25,40,0.048572,147090,4412.7,16
6,12,0.25,40,0.049052,139020,4170.6,16
6,12,0.25,40,0.049532,133760,4012.8,16
6,12,0.25,40,0.050012,134940,4048.2,16
6,12,0.25,40,0.050493,129330,3879.9,16
6,12,0.25,40,0.050973,128520,3855.6,16
6,12,0.25,40,0.051453,130120,3903.6,16
6,12,0.25,40,0.051933,134340,4030.2,16
6,12,0.25,40,0.052413,128770,3863.1,16
6,12,0.25,40,0.052893,125150,3754.5,16
6,12,0.25,40,0.053373,113940,3418.2,16
6,12,0.25,40,0.053853,117640,3529.2,16
6,12,0.25,40,0.054333,112480,3374.4,16
6,12,0.25,40,0.054813,108880,3266.4,16
6,12,0.25,40,0.055293,113210,3396.3,16
6,12,0.25,40,0.055773,106930,3207.9,16
6,12,0.25,40,0.056253,103740,3112.2,16
6,12,0.25,40,0.056733,104770,3143.1,16
6,12,0.25,40,0.057213,102810,3084.3,16
6,12,0.25,40,0.057693,99370,2981.1,16
6,12,0.25,40,0.058174,96550,2896.5,16
6,12,0.25,40,0.058654,95450,2863.5,16
6,12,0.25,40,0.059134,97620,2928.6,16
6,12,0.25,40,0.059614,92180,2765.4,16
6,12,0.25,40,0.060094,86720,2601.6,16
6,12,0.25,40,0.060574,84280,2528.4,16
6,12,0.25,40,0.061054,86790,2603.7,16
6,12,0.25,40,0.061534,81250,2437.5,16
6,12,0.25,40,0.062014,83730,2511.9,16
6,12,0.25,40,0.062494,79450,2383.5,16
6,12,0.25,40,0.062974,80330,2409.9,16
6,12,0.25,40,0.063454,76390,2291.7,16
6,12,0.25,40,0.063934,77410,2322.3,16
6,12,0.25,40,0.064414,71780,2153.4,16
6,12,0.25,40,0.064894,67760,2032.8,16
6,12,0.25,40,0.065374,67940,2038.2,16
6,12,0.25,40,0.065854,69650,2089.5,16
6,12,0.25,40,0.066335,64900,1947,16
6,12,0.25,40,0.066815,65500,1965,16
6,12,0.25,40,0.067295,64780,1943.4,16
6,12,0.25,40,0.067775,63150,1894.5,16
6,12,0.25,40,0.068255,63040,1891.2,16
6,12,0.25,40,0.068735,60180,1805.4,16
6,12,0.25,40,0.069215,60560,1816.8,16
6,12,0.25,40,0.069695,57070,1712.1,16
6,12,0.25,40,0.070175,57600,1728,16
6,12,0.25,40,0.070655,54010,1620.3,16
6,12,0.25,40,0.071135,55000,1650,16
6,12,0.25,40,0.071615,53880,1616.4,16
6,12,0.25,40,0.072095,53290,1598.7,16
6,12,0.25,40,0.072575,51750,1552.5,16
6,12,0.25,40,0.073055,51570,1547.1,16
6,12,0.25,40,0.073535,49970,1499.1,16
6,12,0.25,40,0.074016,51130,1533.9,16
6,12,0.25,40,0.074496,49020,1470.6,16
6,12,0.25,40,0.074976,49020,1470.6,16
6,12,0.25,40,0.075456,46630,1398.9,16
6,12,0.25,40,0.075936,48210,1446.3,16
6,12,0.25,40,0.076416,48910,1467.3,16
6,12,0.25,40,0.076896,46470,1394.1,16
6,12,0.25,40,0.077376,44510,1335.3,16
6,12,0.25,40,0.077856,45590,1367.7,16
6,12,0.25,40,0.078336,40910,1227.3,16
6,12,0.25,40,0.078816,43290,1298.7,16
6,12,0.25,40,0.079296,46500,1395,16
6,12,0.25,40,0.079776,41300,1239,16
6,12,0.25,40,0.080256,38750,1162.5,16
6,12,0.25,40,0.080736,36760,1102.8,16
6,12,0.25,40,0.081216,40310,1209.3,16
6,12,0.25,40,0.081697,42050,1261.5,16
6,12,0.25,40,0.082177,38510,1155.3,16
6,12,0.25,40,0.082657,41640,1249.2,16
6,12,0.25,40,0.083137,36420,1092.6,16
6,12,0.25,40,0.083617,36740,1102.2,16
6,12,0.25,40,0.084097,39020,1170.6,16
6,12,0.25,40,0.084577,38910,1167.3,16
6,12,0.25,40,0.085057,36140,1084.2,16
6,12,0.25,40,0.085537,33180,995.4,16
6,12,0.25,40,0.086017,31710,951.3,16
6,12,0.25,40,0.086497,31850,955.5,16
6,12,0.25,40,0.086977,33070,992.1,16
6,12,0.25,40,0.087457,28240,847.2,16
6,12,0.25,40,0.087937,32060,961.8,16
6,12,0.25,40,0.088417,34980,1049.4,16
6,12,0.25,40,0.088897,31530,945.9,16
6,12,0.25,40,0.089378,31800,954,16
6,12,0.25,40,0.089858,32390,971.7,16
6,12,0.25,40,0.090338,33470,1004.1,16
6,12,0.25,40,0.090818,32980,989.4,16
6,12,0.25,40,0.091298,31800,954,16
6,12,0.25,40,0.091778,30510,915.3,16
6,12,0.25,40,0.092258,27580,827.4,16
6,12,0.25,40,0.092738,28640,859.2,16
6,12,0.25,40,0.093218,30120,903.6,16
6,12,0.25,40,0.093698,31100,933,16
6,12,0.25,40,0.094178,27780,833.4,16
6,12,0.25,40,0.094658,23130,693.9,16
6,12,0.25,40,0.095138,25570,767.1,16
6,12,0.25,40,0.095618,28740,862.2,16
6,12,0.25,40,0.096098,29570,887.1,16
6,12,0.25,40,0.096578,27350,820.5,16
6,12,0.25,40,0.097059,30240,907.2,16
6,12,0.25,40,0.097539,31690,950.7,16
6,12,0.25,40,0.098019,29840,895.2,16
6,12,0.25,50,0.01634,47800,1434,16
6,12,0.25,50,0.0165,53100,1593,16
6,12,0.25,50,0.0166,58000,1740,16
6,12,0.25,50,0.01674,63200,1896,16
6,12,0.25,50,0.01684,68100,2043,16
6,12,0.25,50,0.01691,72600,2178,16
6,12,0.25,50,0.01702,72900,2187,16
6,12,0.25,50,0.01713,74700,2241,16
6,12,0.25,50,0.01733,77900,2337,16
6,12,0.25,50,0.01755,82800,2484,16
6,12,0.25,50,0.01758,88200,2646,16
6,12,0.25,50,0.01764,93200,2796,16
6,12,0.25,50,0.01765,96600,2898,16
6,12,0.25,50,0.01767,100300,3009,16
6,12,0.25,50,0.01767,105000,3150,16
6,12,0.25,50,0.0177,110600,3318,16
6,12,0.25,50,0.01773,116100,3483,16
6,12,0.25,50,0.01773,121300,3639,16
6,12,0.25,50,0.01779,127200,3816,16
6,12,0.25,50,0.01783,133000,3990,16
6,12,0.25,50,0.01785,137800,4134,16
6,12,0.25,50,0.01789,143100,4293,16
6,12,0.25,50,0.0179,147300,4419,16
6,12,0.25,50,0.01794,153100,4593,16
6,12,0.25,50,0.01812,149700,4491,16
6,12,0.25,50,0.01815,141800,4254,16
6,12,0.25,50,0.01815,145500,4365,16
6,12,0.25,50,0.01818,136200,4086,16
6,12,0.25,50,0.01821,130100,3903,16
6,12,0.25,50,0.01824,122900,3687,16
6,12,0.25,50,0.01828,116900,3507,16
6,12,0.25,50,0.0183,112000,3360,16
6,12,0.25,50,0.01834,103300,3099,16
6,12,0.25,50,0.01834,107200,3216,16
6,12,0.25,50,0.01839,98900,2967,16
6,12,0.25,50,0.0184,94600,2838,16
6,12,0.25,50,0.01841,89500,2685,16
6,12,0.25,50,0.01844,84900,2547,16
6,12,0.25,50,0.01847,79600,2388,16
6,12,0.25,50,0.0185,74400,2232,16
6,12,0.25,50,0.01854,67400,2022,16
6,12,0.25,50,0.01874,55900,1677,16
6,12,0.25,50,0.01892,54500,1635,16
6,12,0.25,50,0.01911,49900,1497,16
6,12,0.25,50,0.01929,49400,1482,16
6,12,0.25,50,0.01948,51100,1533,16
6,12,0.25,50,0.01967,53100,1593,16
6,12,0.25,50,0.01975,55900,1677,16
6,12,0.25,50,0.01992,62000,1860,16
6,12,0.25,50,0.02009,66700,2001,16
6,12,0.25,50,0.02018,70700,2121,16
6,12,0.25,50,0.02037,75700,2271,16
6,12,0.25,50,0.02053,76600,2298,16
6,12,0.25,50,0.02073,78200,2346,16
6,12,0.25,50,0.02093,79500,2385,16
6,12,0.25,50,0.02108,83300,2499,16
6,12,0.25,50,0.02116,86600,2598,16
6,12,0.25,50,0.02133,92400,2772,16
6,12,0.25,50,0.02139,96600,2898,16
6,12,0.25,50,0.02155,105300,3159,16
6,12,0.25,50,0.02173,106300,3189,16
6,12,0.25,50,0.02193,100700,3021,16
6,12,0.25,50,0.02204,95000,2850,16
6,12,0.25,50,0.02215,89400,2682,16
6,12,0.25,50,0.02234,82500,2475,16
6,12,0.25,50,0.02235,85000,2550,16
6,12,0.25,50,0.02253,87400,2622,16
6,12,0.25,50,0.02272,88700,2661,16
6,12,0.25,50,0.02279,91900,2757,16
6,12,0.25,50,0.02294,96100,2883,16
6,12,0.25,50,0.02312,101200,3036,16
6,12,0.25,50,0.02323,107500,3225,16
6,12,0.25,50,0.02328,111400,3342,16
6,12,0.25,50,0.02335,115400,3462,16
6,12,0.25,50,0.02342,120800,3624,16
6,12,0.25,50,0.02346,124700,3741,16
6,12,0.25,50,0.02351,130700,3921,16
6,12,0.25,50,0.0236,134500,4035,16
6,12,0.25,50,0.02375,138500,4155,16
6,12,0.25,50,0.02394,141300,4239,16
6,12,0.25,50,0.02399,138100,4143,16
6,12,0.25,50,0.02415,132300,3969,16
6,12,0.25,50,0.02435,127300,3819,16
6,12,0.25,50,0.02443,120800,3624,16
6,12,0.25,50,0.02452,116000,3480,16
6,12,0.25,50,0.02456,111600,3348,16
6,12,0.25,50,0.02461,107600,3228,16
6,12,0.25,50,0.0247,103100,3093,16
6,12,0.25,50,0.02477,99000,2970,16
6,12,0.25,50,0.02492,92500,2775,16
6,12,0.25,50,0.02512,92800,2784,16
6,12,0.25,50,0.0253,95500,2865,16
6,12,0.25,50,0.02537,98800,2964,16
6,12,0.25,50,0.02551,104200,3126,16
6,12,0.25,50,0.0256,107300,3219,16
6,12,0.25,50,0.02576,110600,3318,16
6,12,0.25,50,0.02595,114200,3426,16
6,12,0.25,50,0.02614,108500,3255,16
6,12,0.25,50,0.02633,102000,3060,16
6,12,0.25,50,0.02638,98800,2964,16
6,12,0.25,50,0.02653,92800,2784,16
6,12,0.25,50,0.02673,90800,2724,16
6,12,0.25,50,0.02683,94000,2820,16
6,12,0.25,50,0.02695,97500,2925,16
6,12,0.25,50,0.02711,102100,3063,16
6,12,0.25,50,0.02721,105900,3177,16
6,12,0.25,50,0.02735,110000,3300,16
6,12,0.25,50,0.02754,112100,3363,16
6,12,0.25,50,0.02756,115200,3456,16
6,12,0.25,50,0.02774,119200,3576,16
6,12,0.25,50,0.02794,119900,3597,16
6,12,0.25,50,0.02815,117200,3516,16
6,12,0.25,50,0.02835,114100,3423,16
6,12,0.25,50,0.0285,116400,3492,16
6,12,0.25,50,0.0287,116600,3498,16
6,12,0.25,50,0.0289,118200,3546,16
6,12,0.25,50,0.02897,116200,3486,16
6,12,0.25,50,0.02913,111200,3336,16
6,12,0.25,50,0.02931,110300,3309,16
6,12,0.25,50,0.02952,107000,3210,16
6,12,0.25,50,0.02971,108500,3255,16
6,12,0.25,50,0.02992,106400,3192,16
6,12,0.25,50,0.03009,106700,3201,16
6,12,0.25,50,0.0303,106000,3180,16
6,12,0.25,50,0.03049,104600,3138,16
6,12,0.25,50,0.03064,105800,3174,16
6,12,0.25,50,0.03082,106900,3207,16
6,12,0.25,50,0.03103,107700,3231,16
6,12,0.25,50,0.0312,107200,3216,16
6,12,0.25,50,0.0314,104400,3132,16
6,12,0.25,50,0.0316,102900,3087,16
6,12,0.25,50,0.03177,102600,3078,16
6,12,0.25,50,0.03197,101400,3042,16
6,12,0.25,50,0.03215,101900,3057,16
6,12,0.25,50,0.03237,100500,3015,16
6,12,0.25,50,0.03256,99500,2985,16
6,12,0.25,50,0.03276,98100,2943,16
6,12,0.25,50,0.03296,97000,2910,16
6,12,0.25,50,0.03314,96800,2904,16
6,12,0.25,50,0.03335,96700,2901,16
6,12,0.25,50,0.03355,96700,2901,16
6,12,0.25,50,0.03375,96300,2889,16
6,12,0.25,50,0.03394,96200,2886,16
6,12,0.25,50,0.03415,95700,2871,16
6,12,0.25,50,0.03433,95300,2859,16
6,12,0.25,50,0.03455,96100,2883,16
6,12,0.25,50,0.03474,95900,2877,16
6,12,0.25,50,0.03492,98300,2949,16
6,12,0.25,50,0.03513,99100,2973,16
6,12,0.25,50,0.03534,100100,3003,16
6,12,0.25,50,0.03555,97200,2916,16
6,12,0.25,50,0.03573,96800,2904,16
6,12,0.25,50,0.03592,98700,2961,16
6,12,0.25,50,0.03611,99900,2997,16
6,12,0.25,50,0.03634,99000,2970,16
6,12,0.25,50,0.03653,93500,2805,16
6,12,0.25,50,0.03674,90800,2724,16
6,12,0.25,50,0.03694,89900,2697,16
6,12,0.25,50,0.03711,91600,2748,16
6,12,0.25,50,0.03734,91700,2751,16
6,12,0.25,50,0.03753,94500,2835,16
6,12,0.25,50,0.03774,94800,2844,16
6,12,0.25,50,0.03796,95500,2865,16
6,12,0.25,50,0.03812,97400,2922,16
6,12,0.25,50,0.03834,97600,2928,16
6,12,0.25,50,0.03854,96900,2907,16
6,12,0.25,50,0.03874,92000,2760,16
6,12,0.25,50,0.03894,91900,2757,16
6,12,0.25,50,0.03914,94100,2823,16
6,12,0.25,50,0.03932,97400,2922,16
6,12,0.25,50,0.03952,97300,2919,16
6,12,0.25,50,0.03973,96100,2883,16
6,12,0.25,50,0.03992,95500,2865,16
6,12,0.25,50,0.04014,93400,2802,16
6,12,0.25,50,0.04032,94000,2820,16
6,12,0.25,50,0.04054,91100,2733,16
6,12,0.25,50,0.04074,92000,2760,16
6,12,0.25,50,0.04093,93500,2805,16
6,12,0.25,50,0.04113,94200,2826,16
6,12,0.25,50,0.04132,93400,2802,16
6,12,0.25,50,0.04153,93900,2817,16
6,12,0.25,50,0.04171,92100,2763,16
6,12,0.25,50,0.04192,91100,2733,16
6,12,0.25,50,0.04213,89300,2679,16
6,12,0.25,60,0.01716,24100,723,16
6,12,0.25,60,0.01716,25400,762,16
6,12,0.25,60,0.01716,28600,858,16
6,12,0.25,60,0.01731,25900,777,16
6,12,0.25,60,0.01732,27100,813,16
6,12,0.25,60,0.01737,24400,732,16
6,12,0.25,60,0.01748,25600,768,16
6,12,0.25,60,0.01755,24100,723,16
6,12,0.25,60,0.01769,24900,747,16
6,12,0.25,60,0.01774,26500,795,16
6,12,0.25,60,0.01776,28100,843,16
6,12,0.25,60,0.01793,25600,768,16
6,12,0.25,60,0.01794,26900,807,16
6,12,0.25,60,0.01796,28700,861,16
6,12,0.25,60,0.0181,28900,867,16
6,12,0.25,60,0.01817,30300,909,16
6,12,0.25,60,0.0182,32000,960,16
6,12,0.25,60,0.01831,33700,1011,16
6,12,0.25,60,0.01836,35600,1068,16
6,12,0.25,60,0.01842,39000,1170,16
6,12,0.25,60,0.01844,41200,1236,16
6,12,0.25,60,0.01845,43000,1290,16
6,12,0.25,60,0.01848,44800,1344,16
6,12,0.25,60,0.0185,46500,1395,16
6,12,0.25,60,0.01854,48400,1452,16
6,12,0.25,60,0.01856,49700,1491,16
6,12,0.25,60,0.01856,51300,1539,16
6,12,0.25,60,0.0186,53400,1602,16
6,12,0.25,60,0.01863,55100,1653,16
6,12,0.25,60,0.01865,56900,1707,16
6,12,0.25,60,0.01867,58800,1764,16
6,12,0.25,60,0.0187,60700,1821,16
6,12,0.25,60,0.01872,62200,1866,16
6,12,0.25,60,0.01875,66400,1992,16
6,12,0.25,60,0.01878,64500,1935,16
6,12,0.25,60,0.01892,63400,1902,16
6,12,0.25,60,0.01898,61100,1833,16
6,12,0.25,60,0.01903,58400,1752,16
6,12,0.25,60,0.01907,55900,1677,16
6,12,0.25,60,0.01911,53700,1611,16
6,12,0.25,60,0.01912,51900,1557,16
6,12,0.25,60,0.01916,49300,1479,16
6,12,0.25,60,0.01919,46200,1386,16
6,12,0.25,60,0.01921,44400,1332,16
6,12,0.25,60,0.01925,41500,1245,16
6,12,0.25,60,0.01926,39900,1197,16
6,12,0.25,60,0.01926,42600,1278,16
6,12,0.25,60,0.01929,38000,1140,16
6,12,0.25,60,0.0193,36400,1092,16
6,12,0.25,60,0.01932,34600,1038,16
6,12,0.25,60,0.01935,32500,975,16
6,12,0.25,60,0.01939,30800,924,16
6,12,0.25,60,0.01949,29100,873,16
6,12,0.25,60,0.01956,27200,816,16
6,12,0.25,60,0.01962,25900,777,16
6,12,0.25,60,0.01975,23600,708,16
6,12,0.25,60,0.01994,22500,675,16
6,12,0.25,60,0.01995,21000,630,16
6,12,0.25,60,0.02008,21500,645,16
6,12,0.25,60,0.02012,22400,672,16
6,12,0.25,60,0.02032,20700,621,16
6,12,0.25,60,0.02032,21900,657,16
6,12,0.25,60,0.0205,21700,651,16
6,12,0.25,60,0.02054,22800,684,16
6,12,0.25,60,0.02073,23500,705,16
6,12,0.25,60,0.02078,24900,747,16
6,12,0.25,60,0.0209,27000,810,16
6,12,0.25,60,0.02097,28900,867,16
6,12,0.25,60,0.02116,31900,957,16
6,12,0.25,60,0.02119,33300,999,16
6,12,0.25,60,0.02129,35400,1062,16
6,12,0.25,60,0.02134,37400,1122,16
6,12,0.25,60,0.02146,36000,1080,16
6,12,0.25,60,0.0215,36800,1104,16
6,12,0.25,60,0.0217,37300,1119,16
6,12,0.25,60,0.02172,36000,1080,16
6,12,0.25,60,0.02185,37000,1110,16
6,12,0.25,60,0.02195,37700,1131,16
6,12,0.25,60,0.02202,39700,1191,16
6,12,0.25,60,0.02205,41100,1233,16
6,12,0.25,60,0.0221,42900,1287,16
6,12,0.25,60,0.02217,44600,1338,16
6,12,0.25,60,0.0222,46100,1383,16
6,12,0.25,60,0.02232,48000,1440,16
6,12,0.25,60,0.02233,50000,1500,16
6,12,0.25,60,0.0224,49500,1485,16
6,12,0.25,60,0.02252,48500,1455,16
6,12,0.25,60,0.02258,46700,1401,16
6,12,0.25,60,0.02265,45200,1356,16
6,12,0.25,60,0.02271,43800,1314,16
6,12,0.25,60,0.02275,42100,1263,16
6,12,0.25,60,0.0228,40600,1218,16
6,12,0.25,60,0.02284,38900,1167,16
6,12,0.25,60,0.02291,37200,1116,16
6,12,0.25,60,0.02294,35200,1056,16
6,12,0.25,60,0.02307,36000,1080,16
6,12,0.25,60,0.02315,37200,1116,16
6,12,0.25,60,0.02334,38100,1143,16
6,12,0.25,60,0.02344,39800,1194,16
6,12,0.25,60,0.02355,41700,1251,16
6,12,0.25,60,0.02372,40100,1203,16
6,12,0.25,60,0.02375,41600,1248,16
6,12,0.25,60,0.02394,43100,1293,16
6,12,0.25,60,0.02396,44600,1338,16
6,12,0.25,60,0.02408,44900,1347,16
6,12,0.25,60,0.02415,46100,1383,16
6,12,0.25,60,0.02423,47800,1434,16
6,12,0.25,60,0.0243,49300,1479,16
6,12,0.25,60,0.02436,50900,1527,16
6,12,0.25,60,0.02453,52700,1581,16
6,12,0.25,60,0.02455,51400,1542,16
6,12,0.25,60,0.02476,50600,1518,16
6,12,0.25,60,0.02477,48800,1464,16
6,12,0.25,60,0.02495,46900,1407,16
6,12,0.25,60,0.02501,45000,1350,16
6,12,0.25,60,0.02515,43100,1293,16
6,12,0.25,60,0.02535,40500,1215,16
6,12,0.25,60,0.02537,38900,1167,16
6,12,0.25,60,0.02554,37100,1113,16
6,12,0.25,60,0.02558,35100,1053,16
6,12,0.25,60,0.02567,33800,1014,16
6,12,0.25,60,0.02574,31600,948,16
6,12,0.25,60,0.02595,30100,903,16
6,12,0.25,60,0.02613,30700,921,16
6,12,0.25,60,0.02619,32100,963,16
6,12,0.25,60,0.02631,33700,1011,16
6,12,0.25,60,0.02636,35300,1059,16
6,12,0.25,60,0.02645,36600,1098,16
6,12,0.25,60,0.02652,38000,1140,16
6,12,0.25,60,0.02653,39800,1194,16
6,12,0.25,60,0.02661,39300,1179,16
6,12,0.25,60,0.02675,40900,1227,16
6,12,0.25,60,0.02694,40300,1209,16
6,12,0.25,60,0.02697,38800,1164,16
6,12,0.25,60,0.02715,38600,1158,16
6,12,0.25,60,0.02734,37900,1137,16
6,12,0.25,60,0.02735,36300,1089,16
6,12,0.25,60,0.02751,37900,1137,16
6,12,0.25,60,0.02754,39000,1170,16
6,12,0.25,60,0.02767,40900,1227,16
6,12,0.25,60,0.02774,42900,1287,16
6,12,0.25,60,0.02787,43100,1293,16
6,12,0.25,60,0.02794,44800,1344,16
6,12,0.25,60,0.02809,45200,1356,16
6,12,0.25,60,0.02814,46700,1401,16
6,12,0.25,60,0.02832,44400,1332,16
6,12,0.25,60,0.02835,45500,1365,16
6,12,0.25,60,0.02854,45200,1356,16
6,12,0.25,60,0.02872,44900,1347,16
6,12,0.25,60,0.02892,45400,1362,16
6,12,0.25,60,0.02895,44000,1320,16
6,12,0.25,60,0.0291,45500,1365,16
6,12,0.25,60,0.02914,47300,1419,16
6,12,0.25,60,0.02927,46500,1395,16
6,12,0.25,60,0.02934,48100,1443,16
6,12,0.25,60,0.0295,48700,1461,16
6,12,0.25,60,0.02952,47500,1425,16
6,12,0.25,60,0.02968,48300,1449,16
6,12,0.25,60,0.02974,46800,1404,16
6,12,0.25,60,0.02988,47400,1422,16
6,12,0.25,60,0.0299,45700,1371,16
6,12,0.25,60,0.03004,45900,1377,16
6,12,0.25,60,0.03009,47500,1425,16
6,12,0.25,60,0.03021,46800,1404,16
6,12,0.25,60,0.03033,47900,1437,16
6,12,0.25,60,0.03054,47000,1410,16
6,12,0.25,60,0.03072,45200,1356,16
6,12,0.25,60,0.03089,44800,1344,16
6,12,0.25,60,0.03092,46100,1383,16
6,12,0.25,60,0.03108,45600,1368,16
6,12,0.25,60,0.03113,46900,1407,16
6,12,0.25,60,0.03129,46700,1401,16
6,12,0.25,60,0.03134,48000,1440,16
6,12,0.25,60,0.03151,47200,1416,16
6,12,0.25,60,0.03174,47100,1413,16
6,12,0.25,60,0.03176,45800,1374,16
6,12,0.25,60,0.03191,45800,1374,16
6,12,0.25,60,0.03195,44400,1332,16
6,12,0.25,60,0.03213,44700,1341,16
6,12,0.25,60,0.03216,43500,1305,16
6,12,0.25,60,0.03231,44900,1347,16
6,12,0.25,60,0.03234,43400,1302,16
6,12,0.25,60,0.03249,44200,1326,16
6,12,0.25,60,0.03256,43200,1296,16
6,12,0.25,60,0.03268,43900,1317,16
6,12,0.25,60,0.03274,42200,1266,16
6,12,0.25,60,0.03286,42600,1278,16
6,12,0.25,60,0.03294,40900,1227,16
6,12,0.25,60,0.03306,42100,1263,16
6,12,0.25,60,0.0331,40600,1218,16
6,12,0.25,60,0.03325,42000,1260,16
6,12,0.25,60,0.03332,43300,1299,16
6,12,0.25,60,0.03348,43100,1293,16
6,12,0.25,60,0.03353,44100,1323,16
6,12,0.25,60,0.03371,44200,1326,16
6,12,0.25,60,0.0339,43200,1296,16
6,12,0.25,60,0.03399,43800,1314,16
6,12,0.25,60,0.03411,44900,1347,16
6,12,0.25,60,0.03426,45300,1359,16
6,12,0.25,60,0.03433,46700,1401,16
6,12,0.25,60,0.03454,46400,1392,16
6,12,0.25,60,0.03455,44800,1344,16
6,12,0.25,60,0.03468,45400,1362,16
6,12,0.25,60,0.03474,46200,1386,16
6,12,0.25,60,0.03492,44500,1335,16
6,12,0.25,60,0.03508,44400,1332,16
6,12,0.25,60,0.03513,45800,1374,16
6,12,0.25,60,0.03533,44700,1341,16
6,12,0.25,60,0.03537,43300,1299,16
6,12,0.25,60,0.03552,43700,1311,16
6,12,0.25,60,0.03555,42100,1263,16
6,12,0.25,60,0.03571,42700,1281,16
6,12,0.25,60,0.03573,41500,1245,16
6,12,0.25,60,0.03588,43100,1293,16
6,12,0.25,60,0.0359,44500,1335,16
6,12,0.25,60,0.03599,44400,1332,16
6,12,0.25,60,0.03612,45500,1365,16
6,12,0.25,60,0.03633,45100,1353,16
6,12,0.25,60,0.03633,46200,1386,16
6,12,0.25,60,0.03653,45400,1362,16
6,12,0.25,60,0.03675,42500,1275,16
6,12,0.25,60,0.03675,43900,1317,16
6,12,0.25,60,0.03691,43600,1308,16
6,12,0.25,60,0.03704,44500,1335,16
6,12,0.25,60,0.03721,44800,1344,16
6,12,0.25,60,0.03729,43300,1299,16
6,12,0.25,60,0.0374,44400,1332,16
6,12,0.25,60,0.0375,43000,1290,16
6,12,0.25,60,0.03759,44000,1320,16
6,12,0.25,60,0.03776,43900,1317,16
6,12,0.25,60,0.03791,44300,1329,16
6,12,0.25,60,0.0381,44600,1338,16
6,12,0.25,60,0.03829,44900,1347,16
6,12,0.25,60,0.03834,43800,1314,16
6,12,0.25,60,0.03849,44200,1326,16
6,12,0.25,60,0.03853,42300,1269,16
6,12,0.25,60,0.03868,43200,1296,16
6,12,0.25,60,0.03868,44500,1335,16
6,12,0.25,60,0.03886,44700,1341,16
6,12,0.25,60,0.03891,43400,1302,16
6,12,0.25,60,0.03905,44700,1341,16
6,12,0.25,60,0.03911,43300,1299,16
6,12,0.25,60,0.03926,43900,1317,16
6,12,0.25,60,0.03942,43900,1317,16
6,12,0.25,60,0.03947,43600,1308,16
6,12,0.25,60,0.03965,44700,1341,16
6,12,0.25,60,0.03967,43600,1308,16
6,12,0.25,60,0.03984,45100,1353,16
6,12,0.25,60,0.03987,44100,1323,16
6,12,0.25,60,0.04001,44800,1344,16
6,12,0.25,60,0.04013,43000,1290,16
6,12,0.25,60,0.04021,44700,1341,16
6,12,0.25,60,0.04031,46200,1386,16
6,12,0.25,60,0.04051,44700,1341,16
6,12,0.25,60,0.04053,43500,1305,16
6,12,0.25,60,0.04055,46100,1383,16
6,12,0.25,60,0.04069,47600,1428,16
6,12,0.25,60,0.04071,49400,1482,16
6,12,0.25,60,0.04084,48200,1446,16
6,12,0.25,60,0.04093,46600,1398,16
6,12,0.25,60,0.041,47600,1428,16
6,12,0.25,60,0.04109,48800,1464,16
6,12,0.25,60,0.04129,47700,1431,16
6,12,0.25,60,0.04133,45900,1377,16
6,12,0.25,60,0.04146,47300,1419,16
6,12,0.25,60,0.0415,46100,1383,16
6,12,0.25,60,0.04165,47000,1410,16
6,12,0.25,60,0.04172,45900,1377,16
6,12,0.25,60,0.04189,46900,1407,16
6,12,0.25,60,0.04192,48300,1449,16
6,12,0.25,60,0.04208,46900,1407,16
6,12,0.25,60,0.04213,48500,1455,16
6,12,0.25,60,0.04229,46800,1404,16
6,12,0.25,60,0.0423,49600,1488,16
6,12,0.25,60,0.04232,48200,1446,16
6,12,0.25,60,0.04252,48200,1446,16
6,12,0.25,60,0.04265,49800,1494,16
6,12,0.25,60,0.04271,48200,1446,16
6,12,0.25,80,0.018924,5030,503,16
6,12,0.25,80,0.019114,4930,493,16
6,12,0.25,80,0.019306,4900,490,16
6,12,0.25,80,0.019503,4870,487,16
6,12,0.25,80,0.019704,4570,457,16
6,12,0.25,80,0.019902,4720,188.8,16
6,12,0.25,80,0.020095,5930,237.2,16
6,12,0.25,80,0.020177,7240,289.6,16
6,12,0.25,80,0.020216,8450,338,16
6,12,0.25,80,0.020274,9810,392.4,16
6,12,0.25,80,0.020324,11160,446.4,16
6,12,0.25,80,0.020388,12640,505.6,16
6,12,0.25,80,0.020453,13760,550.4,16
6,12,0.25,80,0.020519,15050,602,16
6,12,0.25,80,0.020706,15760,630.4,16
6,12,0.25,80,0.020775,14490,579.6,16
6,12,0.25,80,0.020896,13240,529.6,16
6,12,0.25,80,0.020918,12230,489.2,16
6,12,0.25,80,0.021013,11140,445.6,16
6,12,0.25,80,0.021114,9830,393.2,16
6,12,0.25,80,0.021264,8370,334.8,16
6,12,0.25,80,0.021339,7280,291.2,16
6,12,0.25,80,0.021466,6100,244,16
6,12,0.25,80,0.021527,5320,212.8,16
6,12,0.25,80,0.021696,4030,161.2,16
6,12,0.25,80,0.02191,3130,125.2,16
6,12,0.25,80,0.022092,3310,132.4,16
6,12,0.25,80,0.022299,3180,127.2,16
6,12,0.25,80,0.022478,3720,148.8,16
6,12,0.25,80,0.022678,4670,186.8,16
6,12,0.25,80,0.022842,5680,227.2,16
6,12,0.25,80,0.02293,6580,263.2,16
6,12,0.25,80,0.023105,7480,299.2,16
6,12,0.25,80,0.023302,7700,308,16
6,12,0.25,80,0.023413,8680,347.2,16
6,12,0.25,80,0.023536,9620,384.8,16
6,12,0.25,80,0.023708,10860,434.4,16
6,12,0.25,80,0.023789,12360,494.4,16
6,12,0.25,80,0.023851,13330,533.2,16
6,12,0.25,80,0.023906,14720,588.8,16
6,12,0.25,80,0.024042,15460,618.4,16
6,12,0.25,80,0.024104,16440,657.6,16
6,12,0.25,80,0.024304,16650,666,16
6,12,0.25,80,0.024358,15430,617.2,16
6,12,0.25,80,0.024461,14230,569.2,16
6,12,0.25,80,0.024521,12720,508.8,16
6,12,0.25,80,0.024621,11720,468.8,16
6,12,0.25,80,0.024726,10400,416,16
6,12,0.25,80,0.024923,10100,404,16
6,12,0.25,80,0.025121,10840,433.6,16
6,12,0.25,80,0.025335,10530,421.2,16
6,12,0.25,80,0.025514,9490,379.6,16
6,12,0.25,80,0.025709,9020,360.8,16
6,12,0.25,80,0.025899,9110,364.4,16
6,12,0.25,80,0.026096,8960,358.4,16
6,12,0.25,80,0.026313,8460,338.4,16
6,12,0.25,80,0.026512,7700,308,16
6,12,0.25,80,0.026697,7330,293.2,16
6,12,0.25,80,0.02689,7130,285.2,16
6,12,0.25,80,0.027083,7160,286.4,16
6,12,0.25,80,0.027262,7650,306,16
6,12,0.25,80,0.0274,7310,292.4,16
6,12,0.25,80,0.027587,6700,268,16
6,12,0.25,80,0.027785,6420,256.8,16
6,12,0.25,80,0.027978,5960,238.4,16
6,12,0.25,80,0.028171,6170,246.8,16
6,12,0.25,80,0.028364,6480,259.2,16
6,12,0.25,80,0.028557,6890,275.6,16
6,12,0.25,80,0.02875,7240,289.6,16
6,12,0.25,80,0.028942,7200,288,16
6,12,0.25,80,0.029135,7500,300,16
6,12,0.25,80,0.029332,7970,318.8,16
6,12,0.25,80,0.029522,8830,353.2,16
6,12,0.25,80,0.029714,9520,380.8,16
6,12,0.25,80,0.029907,10180,407.2,16
6,12,0.25,80,0.030099,10200,408,16
6,12,0.25,80,0.0303,9910,396.4,16
6,12,0.25,80,0.030493,9220,368.8,16
6,12,0.25,80,0.030683,9230,369.2,16
6,12,0.25,80,0.030886,9250,370,16
6,12,0.25,80,0.031069,9760,390.4,16
6,12,0.25,80,0.031285,9580,383.2,16
6,12,0.25,80,0.031449,9680,387.2,16
6,12,0.25,80,0.031648,9790,391.6,16
6,12,0.25,80,0.031835,9810,392.4,16
6,12,0.25,80,0.032029,9610,384.4,16
6,12,0.25,80,0.032221,9360,374.4,16
6,12,0.25,80,0.032413,9310,372.4,16
6,12,0.25,80,0.032606,9520,380.8,16
6,12,0.25,80,0.032796,9660,386.4,16
6,12,0.25,80,0.03299,9760,390.4,16
6,12,0.25,80,0.033162,9730,389.2,16
6,12,0.25,80,0.033372,10240,409.6,16
6,12,0.25,80,0.03357,10630,425.2,16
6,12,0.25,80,0.033763,10970,438.8,16
6,12,0.25,80,0.033943,10880,435.2,16
6,12,0.25,80,0.034139,10390,415.6,16
6,12,0.25,80,0.034338,10170,406.8,16
6,12,0.25,80,0.034532,9840,393.6,16
6,12,0.25,80,0.034729,9840,393.6,16
6,12,0.25,80,0.034938,9780,391.2,16
6,12,0.25,80,0.035131,9790,391.6,16
6,12,0.25,80,0.035323,10090,403.6,16
6,12,0.25,80,0.035516,10170,406.8,16
6,12,0.25,80,0.035709,10250,410,16
6,12,0.25,80,0.035902,9920,396.8,16
6,12,0.25,80,0.036121,10220,408.8,16
6,12,0.25,80,0.036323,9790,391.6,16
6,12,0.25,80,0.036498,10210,408.4,16
6,12,0.25,80,0.036761,9870,394.8,16
6,12,0.25,80,0.036954,10100,404,16
6,12,0.25,80,0.037147,10300,412,16
6,12,0.25,80,0.037339,10730,429.2,16
6,12,0.25,80,0.037532,10750,430,16
6,12,0.25,80,0.037726,10490,419.6,16
6,12,0.25,80,0.037934,10050,402,16
6,12,0.25,80,0.038137,10190,407.6,16
6,12,0.25,80,0.038321,10400,416,16
6,12,0.25,80,0.038514,10710,428.4,16
6,12,0.25,80,0.038714,10640,425.6,16
6,12,0.25,80,0.0389,10820,432.8,16
6,12,0.25,80,0.039092,10960,438.4,16
6,12,0.25,80,0.039285,11160,446.4,16
6,12,0.25,80,0.039478,11250,450,16
6,12,0.25,80,0.039684,11260,450.4,16
6,12,0.25,80,0.039864,11220,448.8,16
6,12,0.25,80,0.040056,11160,446.4,16
6,12,0.25,80,0.040255,11060,442.4,16
6,12,0.25,80,0.040442,11010,440.4,16
6,12,0.25,80,0.040637,10910,436.4,16
6,12,0.25,80,0.040835,11040,441.6,16
6,12,0.25,80,0.041021,11290,451.6,16
6,12,0.25,80,0.041213,11320,452.8,16
6,12,0.25,80,0.041406,11390,455.6,16
6,12,0.25,80,0.041599,11400,456,16
6,12,0.25,80,0.041781,11660,466.4,16
6,12,0.25,80,0.041985,12180,487.2,16
6,12,0.25,80,0.042178,12410,496.4,16
6,12,0.25,80,0.042366,12190,487.6,16
6,12,0.25,80,0.042563,12120,484.8,16
6,12,0.25,80,0.042755,12210,488.4,16
6,12,0.25,80,0.042941,12170,486.8,16
6,12,0.25,80,0.043134,11890,475.6,16
6,12,0.25,80,0.043331,11330,453.2,16
6,12,0.25,80,0.043527,11310,452.4,16
6,12,0.25,80,0.04372,12050,482,16
6,12,0.25,80,0.043914,12640,505.6,16
6,12,0.25,80,0.044115,12710,508.4,16
6,12,0.25,80,0.044334,12330,493.2,16
6,12,0.25,80,0.044513,12210,488.4,16
6,12,0.25,80,0.044709,12380,495.2,16
6,12,0.25,80,0.044886,11734,1173.4,16
6,12,0.25,80,0.045452,12148,1214.8,16
6,12,0.25,80,0.046019,12031,1203.1,16
6,12,0.25,80,0.046586,11978,1197.8,16
6,12,0.25,80,0.047162,12391,1239.1,16
6,12,0.25,80,0.047719,12497,1249.7,16
6,12,0.25,80,0.048286,12572,1257.2,16
6,12,0.25,80,0.048852,13070,1307,16
6,12,0.25,80,0.049419,13186,1318.6,16
6,12,0.25,80,0.049986,13197,1319.7,16
6,12,0.25,80,0.050568,13674,1367.4,16
6,12,0.25,80,0.051119,13292,1329.2,16
6,12,0.25,80,0.051686,13017,1301.7,16
6,12,0.25,80,0.052252,13102,1310.2,16
6,12,0.25,80,0.052819,12900,1290,16
6,12,0.25,80,0.053386,13526,1352.6,16
6,12,0.25,80,0.05399,13112,1311.2,16
6,12,0.25,80,0.054526,13250,1325,16
6,12,0.25,80,0.055023,13695,1369.5,16
6,12,0.25,80,0.05544,14278,1427.8,16
6,12,0.25,80,0.055933,14342,1434.2,16
6,12,0.25,80,0.056528,13960,1396,16
6,12,0.25,80,0.057059,13960,1396,16
6,12,0.25,80,0.057661,14162,1416.2,16
6,12,0.25,80,0.058202,13928,1392.8,16
6,12,0.25,80,0.058799,13992,1399.2,16
6,12,0.25,80,0.059353,14172,1417.2,16
6,12,0.25,80,0.05994,13610,1361,16
6,12,0.25,80,0.060467,13907,1390.7,16
6,12,0.25,80,0.06107,14045,1404.5,16
6,12,0.25,80,0.061628,14352,1435.2,16
6,12,0.25,80,0.062203,13928,1392.8,16
6,12,0.25,80,0.062761,13833,1383.3,16
6,12,0.25,80,0.063341,14204,1420.4,16
6,12,0.25,80,0.063891,13822,1382.2,16
6,12,0.25,80,0.064461,13844,1384.4,16
6,12,0.25,80,0.065028,13854,1385.4,16
6,12,0.25,80,0.065587,13600,1360,16
6,12,0.25,80,0.066181,13907,1390.7,16
6,12,0.25,80,0.066665,13822,1382.2,16
6,12,0.25,80,0.066965,12921,1292.1,16
6,12,0.25,80,0.067282,13504,1350.4,16
6,12,0.25,80,0.06787,13812,1381.2,16
6,12,0.25,80,0.068415,14183,1418.3,16
6,12,0.25,80,0.068967,13557,1355.7,16
6,12,0.25,80,0.069541,13335,1333.5,16
6,12,0.25,80,0.070132,12985,1298.5,16
6,12,0.25,80,0.070667,12847,1284.7,16
6,12,0.25,80,0.07124,13451,1345.1,16
6,12,0.25,80,0.071849,13430,1343,16
6,12,0.25,80,0.072406,12858,1285.8,16
6,12,0.25,80,0.072951,12656,1265.6,16
6,12,0.25,80,0.073528,12805,1280.5,16
6,12,0.25,80,0.074099,13165,1316.5,16
6,12,0.25,80,0.074666,13165,1316.5,16
6,12,0.25,80,0.075195,12847,1284.7,16
6,12,0.25,80,0.075795,13250,1325,16
6,12,0.25,80,0.076394,12423,1242.3,16
6,12,0.25,80,0.076888,12646,1264.6,16
6,12,0.25,80,0.07734,11745,1174.5,16
6,12,0.25,80,0.077923,10685,1068.5,16
6,12,0.25,80,0.078481,10770,1077,16
6,12,0.25,80,0.07904,11554,1155.4,16
6,12,0.25,80,0.079579,11374,1137.4,16
6,12,0.25,80,0.080122,12042,1204.2,16
6,12,0.25,80,0.08074,11798,1179.8,16
6,12,0.25,80,0.081307,11660,1166,16
6,12,0.25,80,0.081873,11607,1160.7,16
6,12,0.25,80,0.082424,10632,1063.2,16
6,12,0.25,80,0.083007,10886,1088.6,16
6,12,0.25,80,0.083569,10642,1064.2,16
6,12,0.25,80,0.08414,10452,1045.2,16
6,12,0.25,80,0.084707,10611,1061.1,16
6,12,0.25,80,0.085273,10876,1087.6,16
6,12,0.25,80,0.08584,10664,1066.4,16
6,12,0.25,80,0.086407,10388,1038.8,16
6,12,0.25,80,0.086973,10165,1016.5,16
6,12,0.25,80,0.087548,9328,932.8,16
6,12,0.25,80,0.088127,8829.8,882.98,16
6,12,0.25,80,0.088673,9646,964.6,16
6,12,0.25,80,0.089256,9105.4,910.54,16
6,12,0.25,80,0.089807,9052.4,905.24,16
6,12,0.25,80,0.090331,8437.6,843.76,16
6,12,0.25,80,0.090786,9116,911.6,16
6,12,0.25,80,0.091352,9264.4,926.44,16
6,12,0.25,80,0.091879,7685,768.5,16
6,12,0.25,80,0.09228,8215,821.5,16
6,12,0.25,80,0.092846,8893.4,889.34,16
6,12,0.25,80,0.093393,7769.8,776.98,16
6,12,0.25,80,0.093986,7409.4,740.94,16
6,12,0.25,80,0.094574,7833.4,783.34,16
6,12,0.25,80,0.095105,7833.4,783.34,16
6,12,0.25,80,0.095695,7547.2,754.72,16
6,12,0.25,80,0.096246,8384.6,838.46,16
6,12,0.25,80,0.096849,7430.6,743.06,16
6,12,0.25,80,0.09738,7324.6,732.46,16
6,12,0.25,80,0.097968,7579,757.9,16
6,12,0.25,80,0.098513,6943,694.3,16
6,12,0.25,80,0.099109,6656.8,665.68,16
6,12,0.1,135,0.01576,6963,208.9,16
6,12,0.25,40,0.01571,121600,3648,16
6,12,0.25,60,0.01714,26800,804,16
6,12,0.1506,180,0.015451558,66,38,17
6,12,0.1506,180,0.016351558,104.5,50.5,17
6,12,0.1506,180,0.017051558,104.5,50.5,17
6,12,0.1506,180,0.017751558,155.5,50.5,17
6,12,0.1506,180,0.018451558,534,76,17
6,12,0.1506,180,0.018851558,799,63,17
6,12,0.1506,180,0.019451558,1772,75.5,17
6,12,0.1506,180,0.019951558,2226,75.5,17
6,12,0.1506,180,0.020951558,2150,50.5,17
6,12,0.1506,180,0.021251558,1760,113.5,17
6,12,0.1506,180,0.021851558,1406,88,17
6,12,0.1506,180,0.022251558,2505,101,17
6,12,0.1506,180,0.022951558,3818,101,17
6,12,0.1506,180,0.023351558,4272,75.5,17
6,12,0.1506,180,0.024051558,4538,38,17
6,12,0.1506,180,0.024651558,3541,101,17
6,12,0.1506,180,0.024851558,2632,126.5,17
6,12,0.1506,180,0.025351558,2190,63,17
6,12,0.1506,180,0.025551558,1774,50.5,17
6,12,0.1506,180,0.026251558,1748,101,17
6,12,0.1506,180,0.026751558,1634,88.5,17
6,12,0.1506,180,0.027151558,1723,76,17
6,12,0.1506,180,0.027751558,1748,75.5,17
6,12,0.1506,180,0.028351558,1888,88.5,17
6,12,0.1506,180,0.028651558,2052,101,17
6,12,0.1506,180,0.029251558,2052,101,17
6,12,0.1506,180,0.029951558,2103,101,17
6,12,0.1506,180,0.030551558,2064,88.5,17
6,12,0.1506,180,0.031251558,2002,101,17
6,12,0.1506,180,0.031651558,2192,88.5,17
6,12,0.1506,180,0.033851558,2368,113.5,17
6,12,0.1506,180,0.035651558,2572,113.5,17
6,12,0.1506,180,0.037751558,2812,126.5,17
6,12,0.1506,180,0.039751558,3078,113.5,17
6,12,0.1506,180,0.041851558,3469,101,17
6,12,0.1506,180,0.043851558,3735,164,17
6,12,0.1506,180,0.045751558,3862,164.5,17
6,12,0.1506,180,0.047651558,4039,164,17
6,12,0.1506,180,0.049951558,4191,164,17
6,12,0.1506,180,0.051951558,4154,151.5,17
6,12,0.1506,180,0.053551558,4166,164.5,17
6,12,0.1506,180,0.055651558,4066,189,17
6,12,0.1506,180,0.057951558,3826,151.5,17
6,12,0.1506,180,0.059751558,3776,151.5,17
6,12,0.1506,180,0.061851558,3726,151.5,17
6,12,0.1506,180,0.064051558,3576,126,17
6,12,0.1506,180,0.065751558,3236,113.5,17
6,12,0.1506,180,0.067751558,3185,139,17
6,12,0.1506,180,0.069951558,2946,126,17
6,12,0.1506,180,0.071551558,2795,126,17
6,12,0.1506,180,0.073851558,2492,176.5,17
6,12,0.1506,180,0.075751558,2392,151.5,17
6,12,0.1506,180,0.077951558,2190,126.5,17
6,12,0.1506,180,0.079851558,2128,113.5,17
6,12,0.1506,180,0.081851558,1990,126.5,17
6,12,0.1506,180,0.083851558,1864,126.5,17
6,12,0.1506,180,0.085951558,1725,139,17
6,12,0.1506,180,0.087951558,1726,113.5,17
6,12,0.1506,180,0.089651558,1752,113.5,17
6,12,0.1506,180,0.091951558,1651,139,17
6,12,0.1506,180,0.093751558,1436,151.5,17
6,12,0.1506,180,0.095551558,1236,126.5,17
6,12,0.1506,180,0.097851558,1135,126,17
6,12,0.1506,180,0.099651558,946,114,17
6,12,0.0809,135,0.0123,3730,1510,18
6,12,0.0809,135,0.0127,2345,1445,18
6,12,0.0809,135,0.0132,3255,1415,18
6,12,0.0809,135,0.0138,5140,1350,18
6,12,0.0809,135,0.0144,7185,1195,18
6,12,0.0809,135,0.0147,8975,1225,18
6,12,0.0809,135,0.015,14060,1415,18
6,12,0.0809,135,0.0155,12720,1065,18
6,12,0.0809,135,0.0161,8655,1165,18
6,12,0.0809,135,0.0165,9190,1130,18
6,12,0.0809,135,0.017,10600,1225,18
6,12,0.0809,135,0.0174,8650,910,18
6,12,0.0809,135,0.0179,11140,945,18
6,12,0.0809,135,0.0183,9970,1160,18
6,12,0.0809,135,0.0186,12960,945,18
6,12,0.0809,135,0.0191,16480,880,18
6,12,0.0809,135,0.0195,13620,915,18
6,12,0.0809,135,0.0202,13580,1010,18
6,12,0.0809,135,0.021,18980,945,18
6,12,0.0809,135,0.0215,18160,945,18
6,12,0.0809,135,0.022,20120,1135,18
6,12,0.0809,135,0.023,19230,1380,18
6,12,0.0809,135,0.024,14360,1165,18
6,12,0.0809,135,0.0247,16240,1290,18
6,12,0.0809,135,0.0258,16960,1385,18
6,12,0.0809,135,0.027,15000,1320,18
6,12,0.0809,135,0.0279,14020,1415,18
6,12,0.0809,135,0.0285,11790,1010,18
6,12,0.0809,135,0.0291,12800,945,18
6,12,0.0809,135,0.0297,13170,1070,18
6,12,0.0809,135,0.0302,12130,1040,18
6,12,0.0809,135,0.0307,13040,940,18
6,12,0.0809,135,0.0316,9985,975,18
6,12,0.0809,135,0.0327,10200,945,18
6,12,0.0809,135,0.0336,9385,1005,18
6,12,0.0809,135,0.0348,9095,975,18
6,12,0.0809,135,0.0359,10480,1035,18
6,12,0.0809,135,0.0377,8020,910,18
6,12,0.0809,135,0.0396,10460,1100,18
6,12,0.0809,135,0.0399,7225,1065,18
6,12,0.0809,135,0.0458,6355,1105,18
6,12,0.0809,135,0.0508,3285,1885,18
6,12,0.098,135,0.0108,657,418,18
6,12,0.098,135,0.0117,30,388,18
6,12,0.098,135,0.0127,656.5,477.5,18
6,12,0.098,135,0.0136,1045,448,18
6,12,0.098,135,0.0148,2866,418,18
6,12,0.098,135,0.0158,5880,507.5,18
6,12,0.098,135,0.0169,4060,537.5,18
6,12,0.098,135,0.0188,7015,567,18
6,12,0.098,135,0.02,9224,567,18
6,12,0.098,135,0.0209,8149,567,18
6,12,0.098,135,0.0219,10630,657,18
6,12,0.098,135,0.023,10180,567,18
6,12,0.098,135,0.024,10210,597,18
6,12,0.098,135,0.0249,11020,567,18
6,12,0.098,135,0.0259,9463,627,18
6,12,0.098,135,0.0273,9075,597,18
6,12,0.098,135,0.0281,8209,567,18
6,12,0.098,135,0.029,10060,686.5,18
6,12,0.098,135,0.03,7284,656.5,18
6,12,0.098,135,0.031,6298,626.5,18
6,12,0.098,135,0.0318,7731,627,18
6,12,0.098,135,0.0329,6955,627,18
6,12,0.098,135,0.0339,6806,597,18
6,12,0.098,135,0.035,6746,597,18
6,12,0.098,135,0.0359,8060,656.5,18
6,12,0.098,135,0.0368,6926,656.5,18
6,12,0.098,135,0.0379,6388,597,18
6,12,0.098,135,0.039,6716,626.5,18
6,12,0.098,135,0.0398,5821,627,18
6,12,0.098,135,0.0414,6060,627,18
6,12,0.098,135,0.0429,4239,657,18
6,12,0.098,135,0.0456,4388,627,18
6,12,0.098,135,0.0478,3045,597,18
6,12,0.098,135,0.0505,5104,746.5,18
6,12,0.098,135,0.0532,1702,805.5,18
6,12,0.098,135,0.0581,1374,895.5,18
6,12,0.098,135,0.0633,1432,895.5,18
6,12,0.098,135,0.0684,2448,955,18
6,12,0.1485,135,0.0121,53.5,232.5,18
6,12,0.1485,135,0.0125,571.5,178.5,18
6,12,0.1485,135,0.0133,589.5,196.5,18
6,12,0.1485,135,0.0141,821.5,178.5,18
6,12,0.1485,135,0.0148,839.5,196.5,18
6,12,0.1485,135,0.0152,1304,196.5,18
6,12,0.1485,135,0.0156,2375,304,18
6,12,0.1485,135,0.0162,2964,321.5,18
6,12,0.1485,135,0.017,3178,321.5,18
6,12,0.1485,135,0.0181,2910,303.5,18
6,12,0.1485,135,0.0187,3750,357,18
6,12,0.1485,135,0.0191,5392,428.5,18
6,12,0.1485,135,0.0202,7393,393,18
6,12,0.1485,135,0.021,5090,410.5,18
6,12,0.1485,135,0.0214,3572,321.5,18
6,12,0.1485,135,0.0224,3839,268,18
6,12,0.1485,135,0.0229,4214,393,18
6,12,0.1485,135,0.0235,4143,393,18
6,12,0.1485,135,0.0241,4090,303.5,18
6,12,0.1485,135,0.0245,3839,375,18
6,12,0.1485,135,0.0256,4000,393,18
6,12,0.1485,135,0.0262,3590,410.5,18
6,12,0.1485,135,0.0266,4232,375,18
6,12,0.1485,135,0.0272,3910,410.5,18
6,12,0.1485,135,0.0278,4536,321.5,18
6,12,0.1485,135,0.0285,4554,375,18
6,12,0.1485,135,0.0291,4911,375,18
6,12,0.1485,135,0.0299,4696,375,18
6,12,0.1485,135,0.0308,4322,321.5,18
6,12,0.1485,135,0.031,4661,375,18
6,12,0.1485,135,0.0318,5000,321,18
6,12,0.1485,135,0.0326,4964,285.5,18
6,12,0.1485,135,0.033,4464,357,18
6,12,0.1485,135,0.0341,4946,339.5,18
6,12,0.1485,135,0.0349,5518,303.5,18
6,12,0.1485,135,0.0362,4964,357,18
6,12,0.1485,135,0.0372,5732,303.5,18
6,12,0.1485,135,0.038,5982,268,18
6,12,0.1485,135,0.0401,5446,375,18
6,12,0.1485,135,0.042,6000,357,18
6,12,0.1485,135,0.0441,6339,375,18
6,12,0.1485,135,0.0459,5928,392.5,18
6,12,0.1485,135,0.0482,5893,393,18
6,12,0.1485,135,0.0501,6000,393,18
6,12,0.1485,135,0.0522,6161,375,18
6,12,0.1485,135,0.054,6000,429,18
6,12,0.1485,135,0.0559,5268,411,18
6,12,0.1485,135,0.0582,4893,357,18
6,12,0.1485,135,0.0603,4928,392.5,18
6,12,0.1485,135,0.0621,4572,321.5,18
6,12,0.1485,135,0.0644,4072,392.5,18
6,12,0.1485,135,0.0661,3982,411,18
6,12,0.1485,135,0.0684,3589,375,18
6,12,0.1485,135,0.07,3982,411,18
6,12,0.1485,135,0.0723,3358,321.5,18
6,12,0.1485,135,0.0742,3160,410.5,18
6,12,0.1485,135,0.0763,3196,375,18
6,12,0.1485,135,0.0783,2982,339,18
6,12,0.1485,135,0.0804,2536,357,18
6,12,0.1485,135,0.0827,2393,357,18
6,12,0.1485,135,0.0846,1678,357.5,18
6,12,0.1485,135,0.0866,1340,339.5,18
6,12,0.1485,135,0.0883,1643,250,18
6,12,0.1485,135,0.0906,1714,250,18
6,12,0.1485,135,0.0927,1304,267.5,18
6,12,0.1485,135,0.0948,1714,250,18
6,12,0.1485,135,0.0964,1286,285.5,18
6,12,0.1485,135,0.0983,1125,232,18
6,12,0.1485,135,0.1006,1375,411,18
6,12,0.1485,135,0.1026,1893,500,18
6,12,0.1485,135,0.1045,1482,518,18
6,12,0.1485,135,0.1083,768,375,18
6,12,0.1485,135,0.1139,410.5,589.5,18
6,12,0.198,135,0.01,100,3,19
6,12,0.198,135,0.0103,190,5.7,19
6,12,0.198,135,0.0104,290,8.7,19
6,12,0.198,135,0.0104,370,11.1,19
6,12,0.198,135,0.0106,450,13.5,19
6,12,0.198,135,0.0106,510,15.3,19
6,12,0.198,135,0.0106,570,17.1,19
6,12,0.198,135,0.0107,640,19.2,19
6,12,0.198,135,0.0107,710,21.3,19
6,12,0.198,135,0.0107,900,27,19
6,12,0.198,135,0.0108,1000,30,19
6,12,0.198,135,0.0108,810,24.3,19
6,12,0.198,135,0.0109,1040,31.2,19
6,12,0.198,135,0.0109,1100,33,19
6,12,0.198,135,0.0109,1160,34.8,19
6,12,0.198,135,0.011,1250,37.5,19
6,12,0.198,135,0.0116,1290,38.7,19
6,12,0.198,135,0.0121,1240,37.2,19
6,12,0.198,135,0.0123,1100,33,19
6,12,0.198,135,0.0124,1040,31.2,19
6,12,0.198,135,0.0125,950,28.5,19
6,12,0.198,135,0.0126,880,26.4,19
6,12,0.198,135,0.0127,820,24.6,19
6,12,0.198,135,0.0128,670,20.1,19
6,12,0.198,135,0.0128,740,22.2,19
6,12,0.198,135,0.0129,600,18,19
6,12,0.198,135,0.013,510,15.3,19
6,12,0.198,135,0.0131,430,12.9,19
6,12,0.198,135,0.0132,370,11.1,19
6,12,0.198,135,0.0133,300,9,19
6,12,0.198,135,0.0136,230,6.9,19
6,12,0.198,135,0.0145,200,6,19
6,12,0.198,135,0.0152,250,7.5,19
6,12,0.198,135,0.0155,320,9.6,19
6,12,0.198,135,0.0156,380,11.4,19
6,12,0.198,135,0.0157,450,13.5,19
6,12,0.198,135,0.0159,550,16.5,19
6,12,0.198,135,0.016,630,18.9,19
6,12,0.198,135,0.0162,700,21,19
6,12,0.198,135,0.0163,770,23.1,19
6,12,0.198,135,0.0165,840,25.2,19
6,12,0.198,135,0.0171,910,27.3,19
6,12,0.198,135,0.0176,860,25.8,19
6,12,0.198,135,0.0178,800,24,19
6,12,0.198,135,0.0179,730,21.9,19
6,12,0.198,135,0.0181,660,19.8,19
6,12,0.198,135,0.0182,590,17.7,19
6,12,0.198,135,0.0183,520,15.6,19
6,12,0.198,135,0.0186,440,13.2,19
6,12,0.198,135,0.019,370,11.1,19
6,12,0.198,135,0.0198,340,10.2,19
6,12,0.198,135,0.0207,350,10.5,19
6,12,0.198,135,0.0213,400,12,19
6,12,0.198,135,0.0216,450,13.5,19
6,12,0.198,135,0.0219,530,15.9,19
6,12,0.198,135,0.0219,590,17.7,19
6,12,0.198,135,0.0221,670,20.1,19
6,12,0.198,135,0.0223,760,22.8,19
6,12,0.198,135,0.0223,810,24.3,19
6,12,0.198,135,0.0224,870,26.1,19
6,12,0.198,135,0.0226,1070,32.1,19
6,12,0.198,135,0.0226,960,28.8,19
6,12,0.198,135,0.0227,1010,30.3,19
6,12,0.198,135,0.0227,1140,34.2,19
6,12,0.198,135,0.0227,1170,35.1,19
6,12,0.198,135,0.0227,1350,40.5,19
6,12,0.198,135,0.0228,1250,37.5,19
6,12,0.198,135,0.0228,1430,42.9,19
6,12,0.198,135,0.0229,1500,45,19
6,12,0.198,135,0.0235,1590,47.7,19
6,12,0.198,135,0.024,1430,42.9,19
6,12,0.198,135,0.024,1490,44.7,19
6,12,0.198,135,0.024,1550,46.5,19
6,12,0.198,135,0.0241,1280,38.4,19
6,12,0.198,135,0.0241,1360,40.8,19
6,12,0.198,135,0.0243,1140,34.2,19
6,12,0.198,135,0.0243,1210,36.3,19
6,12,0.198,135,0.0247,1080,32.4,19
6,12,0.198,135,0.0254,1190,35.7,19
6,12,0.198,135,0.0254,2190,65.7,19
6,12,0.198,135,0.0255,1080,32.4,19
6,12,0.198,135,0.0255,1260,37.8,19
6,12,0.198,135,0.0255,1340,40.2,19
6,12,0.198,135,0.0255,1410,42.3,19
6,12,0.198,135,0.0255,1470,44.1,19
6,12,0.198,135,0.0255,1520,45.6,19
6,12,0.198,135,0.0255,1590,47.7,19
6,12,0.198,135,0.0255,1650,49.5,19
6,12,0.198,135,0.0255,1700,51,19
6,12,0.198,135,0.0255,1770,53.1,19
6,12,0.198,135,0.0255,1860,55.8,19
6,12,0.198,135,0.0255,1930,57.9,19
6,12,0.198,135,0.0255,2010,60.3,19
6,12,0.198,135,0.0255,2100,63,19
6,12,0.198,135,0.0255,2340,70.2,19
6,12,0.198,135,0.0255,2390,71.7,19
6,12,0.198,135,0.0255,2450,73.5,19
6,12,0.198,135,0.0255,2530,75.9,19
6,12,0.198,135,0.0255,2620,78.6,19
6,12,0.198,135,0.0255,2670,80.1,19
6,12,0.198,135,0.0255,2740,82.2,19
6,12,0.198,135,0.0255,2810,84.3,19
6,12,0.198,135,0.0255,2900,87,19
6,12,0.198,135,0.0255,3000,90,19
6,12,0.198,135,0.0256,1130,33.9,19
6,12,0.198,135,0.0257,2260,67.8,19
6,12,0.198,135,0.0261,3060,91.8,19
6,12,0.198,135,0.0268,2960,88.8,19
6,12,0.198,135,0.0268,3030,90.9,19
6,12,0.198,135,0.0269,2880,86.4,19
6,12,0.198,135,0.027,2710,81.3,19
6,12,0.198,135,0.027,2780,83.4,19
6,12,0.198,135,0.0271,2610,78.3,19
6,12,0.198,135,0.0271,2670,80.1,19
6,12,0.198,135,0.0272,2520,75.6,19
6,12,0.198,135,0.0273,2220,66.6,19
6,12,0.198,135,0.0274,2020,60.6,19
6,12,0.198,135,0.0274,2090,62.7,19
6,12,0.198,135,0.0274,2150,64.5,19
6,12,0.198,135,0.0274,2290,68.7,19
6,12,0.198,135,0.0274,2420,72.6,19
6,12,0.198,135,0.0276,1830,54.9,19
6,12,0.198,135,0.0276,1920,57.6,19
6,12,0.198,135,0.0277,1640,49.2,19
6,12,0.198,135,0.0277,1740,52.2,19
6,12,0.198,135,0.0278,1500,45,19
6,12,0.198,135,0.0278,1560,46.8,19
6,12,0.198,135,0.0279,1320,39.6,19
6,12,0.198,135,0.0279,1420,42.6,19
6,12,0.198,135,0.0283,1230,36.9,19
6,12,0.198,135,0.0291,1220,36.6,19
6,12,0.198,135,0.0298,1250,37.5,19
6,12,0.198,135,0.03,1340,40.2,19
6,12,0.198,135,0.0302,1410,42.3,19
6,12,0.198,135,0.0303,1490,44.7,19
6,12,0.198,135,0.0305,1580,47.4,19
6,12,0.198,135,0.0306,1660,49.8,19
6,12,0.198,135,0.0313,1680,50.4,19
6,12,0.198,135,0.0318,1600,48,19
6,12,0.198,135,0.0323,1540,46.2,19
6,12,0.198,135,0.0327,1470,44.1,19
6,12,0.198,135,0.0336,1460,43.8,19
6,12,0.198,135,0.0343,1510,45.3,19
6,12,0.198,135,0.0349,1560,46.8,19
6,12,0.198,135,0.0356,1620,48.6,19
6,12,0.198,135,0.0363,1670,50.1,19
6,12,0.198,135,0.0369,1730,51.9,19
6,12,0.198,135,0.0376,1790,53.7,19
6,12,0.198,135,0.0382,1850,55.5,19
6,12,0.198,135,0.0389,1900,57,19
6,12,0.198,135,0.0394,1940,58.2,19
6,12,0.198,135,0.0457,2500,50,19
6,12,0.198,135,0.0498,2810,70,19
6,12,0.198,135,0.0533,3095,75,19
6,12,0.198,135,0.0563,3185,75,19
6,12,0.198,135,0.0582,3355,65,19
6,12,0.198,135,0.0614,3455,115,19
6,12,0.198,135,0.0634,3590,130,19
6,12,0.198,135,0.065,3400,110,19
6,12,0.198,135,0.0673,3690,130,19
6,12,0.198,135,0.0705,3630,290,19
6,12,0.198,135,0.0726,3815,155,19
6,12,0.198,135,0.0753,3600,130,19
6,12,0.198,135,0.0775,3405,125,19
6,12,0.198,135,0.0797,3635,165,19
6,12,0.198,135,0.0814,3310,130,19
6,12,0.198,135,0.0835,3190,110,19
6,12,0.198,135,0.0854,3245,95,19
6,12,0.198,135,0.087,2970,160,19
6,12,0.198,135,0.0899,2810,140,19
6,12,0.198,135,0.0919,2710,130,19
6,12,0.198,135,0.0939,2770,130,19
6,12,0.198,135,0.0959,2415,145,19
6,12,0.198,135,0.0978,2545,115,19
6,12,0.198,135,0.1,2375,115,19
6,12,0.198,135,0.1022,2340,130,19
6,12,0.198,135,0.1042,2070,130,19
6,12,0.198,135,0.1064,2030,140,19
6,12,0.198,135,0.1082,1845,95,19
6,12,0.198,135,0.1105,1825,145,19
6,12,0.198,135,0.1122,1590,160,19
6,12,0.198,135,0.1149,1720,160,19
6,12,0.198,135,0.1169,1515,175,19
6,12,0.198,135,0.1188,1455,145,19
6,12,0.198,135,0.121,1380,160,19
6,12,0.198,135,0.1231,1305,145,19
6,12,0.198,135,0.1262,680,230,19
6,12,0.198,135,0.128,1110,230,19
6,12,0.198,135,0.1305,1075,265,19
6,12,0.198,135,0.1327,1000,280,19
6,12,0.198,135,0.1343,980,290,19
6,12,0.198,135,0.1363,915,385,19
6,12,0.198,135,0.1385,780,320,19
6,12,0.198,135,0.1407,730,400,19
6,12,0.198,135,0.1427,640,430,19
6,12,0.198,135,0.1449,700,370,19
6,12,0.198,135,0.1474,275,335,19
6,12,0.198,135,0.1489,565,495,19
6,12,0.198,135,0.1513,570,460,19
6,12,0.198,135,0.1532,285,375,19
6,12,0.198,135,0.1553,425,415,19
6,12,0.198,135,0.1583,220,500,19
6,12,0.0551,141,0.01647,9560,286.8,20
6,12,0.0551,141,0.0165,12030,360.9,20
6,12,0.0551,141,0.01655,13210,396.3,20
6,12,0.0551,141,0.01661,11190,335.7,20
6,12,0.0551,141,0.01663,13130,393.9,20
6,12,0.0551,141,0.01665,8880,266.4,20
6,12,0.0551,141,0.01669,7840,235.2,20
6,12,0.0551,141,0.01673,6980,209.4,20
6,12,0.0551,141,0.01678,5890,176.7,20
6,12,0.0551,141,0.01689,7730,231.9,20
6,12,0.0551,141,0.0169,5590,167.7,20
6,12,0.0551,141,0.01695,9560,286.8,20
6,12,0.0551,141,0.01696,5040,151.2,20
6,12,0.0551,141,0.01698,12030,360.9,20
6,12,0.0551,141,0.01703,13210,396.3,20
6,12,0.0551,141,0.01709,11190,335.7,20
6,12,0.0551,141,0.0171,5160,154.8,20
6,12,0.0551,141,0.01711,13130,393.9,20
6,12,0.0551,141,0.01713,8880,266.4,20
6,12,0.0551,141,0.01716,7840,235.2,20
6,12,0.0551,141,0.01721,6980,209.4,20
6,12,0.0551,141,0.01724,5270,158.1,20
6,12,0.0551,141,0.01726,5890,176.7,20
6,12,0.0551,141,0.01737,5590,167.7,20
6,12,0.0551,141,0.01738,5760,172.8,20
6,12,0.0551,141,0.01744,5040,151.2,20
6,12,0.0551,141,0.01751,6330,189.9,20
6,12,0.0551,141,0.01756,7120,213.6,20
6,12,0.0551,141,0.01758,5160,154.8,20
6,12,0.0551,141,0.01767,7510,225.3,20
6,12,0.0551,141,0.01772,5270,158.1,20
6,12,0.0551,141,0.01778,8300,249,20
6,12,0.0551,141,0.01786,5760,172.8,20
6,12,0.0551,141,0.0179,8930,267.9,20
6,12,0.0551,141,0.01798,6330,189.9,20
6,12,0.0551,141,0.01802,9400,282,20
6,12,0.0551,141,0.01804,7120,213.6,20
6,12,0.0551,141,0.01815,7510,225.3,20
6,12,0.0551,141,0.01816,9380,281.4,20
6,12,0.0551,141,0.01819,9090,272.7,20
6,12,0.0551,141,0.01826,8300,249,20
6,12,0.0551,141,0.0183,9740,292.2,20
6,12,0.0551,141,0.01838,8930,267.9,20
6,12,0.0551,141,0.01841,9500,285,20
6,12,0.0551,141,0.01843,10280,308.4,20
6,12,0.0551,141,0.0185,9400,282,20
6,12,0.0551,141,0.01852,10460,313.8,20
6,12,0.0551,141,0.01854,11230,336.9,20
6,12,0.0551,141,0.01863,11940,358.2,20
6,12,0.0551,141,0.01864,9380,281.4,20
6,12,0.0551,141,0.01866,9090,272.7,20
6,12,0.0551,141,0.01872,11860,355.8,20
6,12,0.0551,141,0.01877,11200,336,20
6,12,0.0551,141,0.01878,9740,292.2,20
6,12,0.0551,141,0.01881,10500,315,20
6,12,0.0551,141,0.01884,9880,296.4,20
6,12,0.0551,141,0.01889,9180,275.4,20
6,12,0.0551,141,0.01889,9500,285,20
6,12,0.0551,141,0.01891,10280,308.4,20
6,12,0.0551,141,0.01893,8430,252.9,20
6,12,0.0551,141,0.01899,7720,231.6,20
6,12,0.0551,141,0.019,10460,313.8,20
6,12,0.0551,141,0.01901,11230,336.9,20
6,12,0.0551,141,0.01906,6690,200.7,20
6,12,0.0551,141,0.01911,11940,358.2,20
6,12,0.0551,141,0.01919,6810,204.3,20
6,12,0.0551,141,0.0192,11860,355.8,20
6,12,0.0551,141,0.01924,11200,336,20
6,12,0.0551,141,0.01929,10500,315,20
6,12,0.0551,141,0.01932,9880,296.4,20
6,12,0.0551,141,0.01934,7210,216.3,20
6,12,0.0551,141,0.01936,9180,275.4,20
6,12,0.0551,141,0.01941,8430,252.9,20
6,12,0.0551,141,0.01946,7720,231.6,20
6,12,0.0551,141,0.01954,6690,200.7,20
6,12,0.0551,141,0.01967,6810,204.3,20
6,12,0.0551,141,0.01981,7210,216.3,20
6,12,0.0551,141,0.01989,7150,214.5,20
6,12,0.0551,141,0.01991,8270,248.1,20
6,12,0.0551,141,0.01999,8560,256.8,20
6,12,0.0551,141,0.01999,9360,280.8,20
6,12,0.0551,141,0.02002,10250,307.5,20
6,12,0.0551,141,0.02007,11390,341.7,20
6,12,0.0551,141,0.0201,12750,382.5,20
6,12,0.0551,141,0.02013,13920,417.6,20
6,12,0.0551,141,0.02019,14720,441.6,20
6,12,0.0551,141,0.02022,15830,474.9,20
6,12,0.0551,141,0.02028,16840,505.2,20
6,12,0.0551,141,0.02038,16790,503.7,20
6,12,0.0551,141,0.02044,16180,485.4,20
6,12,0.0551,141,0.0205,15110,453.3,20
6,12,0.0551,141,0.02053,14670,440.1,20
6,12,0.0551,141,0.02057,13790,413.7,20
6,12,0.0551,141,0.02064,13040,391.2,20
6,12,0.0551,141,0.02071,12250,367.5,20
6,12,0.0551,141,0.02079,11530,345.9,20
6,12,0.0551,141,0.02085,10760,322.8,20
6,12,0.0551,141,0.02092,9860,295.8,20
6,12,0.0551,141,0.02099,9140,274.2,20
6,12,0.0551,141,0.02111,8790,263.7,20
6,12,0.0551,141,0.02112,8430,252.9,20
6,12,0.0551,141,0.02127,8810,264.3,20
6,12,0.0551,141,0.02142,9110,273.3,20
6,12,0.0551,141,0.02155,9480,284.4,20
6,12,0.0551,141,0.02167,10420,312.6,20
6,12,0.0551,141,0.02176,11160,334.8,20
6,12,0.0551,141,0.02183,11790,353.7,20
6,12,0.0551,141,0.02195,12240,367.2,20
6,12,0.0551,141,0.02201,13150,394.5,20
6,12,0.0551,141,0.02213,13340,400.2,20
6,12,0.0551,141,0.02221,14100,423,20
6,12,0.0551,141,0.0223,14900,447,20
6,12,0.0551,141,0.02237,15690,470.7,20
6,12,0.0551,141,0.02244,15950,478.5,20
6,12,0.0551,141,0.02245,17210,516.3,20
6,12,0.0551,141,0.02252,17800,534,20
6,12,0.0551,141,0.02258,18970,569.1,20
6,12,0.0551,141,0.02267,19180,575.4,20
6,12,0.0551,141,0.02273,20680,620.4,20
6,12,0.0551,141,0.02284,21430,642.9,20
6,12,0.0551,141,0.02294,22070,662.1,20
6,12,0.0551,141,0.02301,23110,693.3,20
6,12,0.0551,141,0.02314,23690,710.7,20
6,12,0.0551,141,0.02329,23740,712.2,20
6,12,0.0551,141,0.02339,24450,733.5,20
6,12,0.0551,141,0.02352,24810,744.3,20
6,12,0.0551,141,0.02366,24990,749.7,20
6,12,0.0551,141,0.0237,25830,774.9,20
6,12,0.0551,141,0.02381,25070,752.1,20
6,12,0.0551,141,0.02385,25620,768.6,20
6,12,0.0551,141,0.02398,25570,767.1,20
6,12,0.0551,141,0.02399,25090,752.7,20
6,12,0.0551,141,0.02415,25560,766.8,20
6,12,0.0551,141,0.02427,25680,770.4,20
6,12,0.0551,141,0.02437,24900,747,20
6,12,0.0551,141,0.02448,25570,767.1,20
6,12,0.0551,141,0.0246,25500,765,20
6,12,0.0551,141,0.02464,24980,749.4,20
6,12,0.0551,141,0.02478,25150,754.5,20
6,12,0.0551,141,0.02485,25220,756.6,20
6,12,0.0551,141,0.0249,24410,732.3,20
6,12,0.0551,141,0.02498,23900,717,20
6,12,0.0551,141,0.02507,23550,706.5,20
6,12,0.0551,141,0.02512,22880,686.4,20
6,12,0.0551,141,0.02518,22360,670.8,20
6,12,0.0551,141,0.02528,22040,661.2,20
6,12,0.0551,141,0.02531,20920,627.6,20
6,12,0.0551,141,0.02544,20130,603.9,20
6,12,0.0551,141,0.02556,19340,580.2,20
6,12,0.0551,141,0.02561,19870,596.1,20
6,12,0.0551,141,0.02569,19730,591.9,20
6,12,0.0551,141,0.02577,19970,599.1,20
6,12,0.0551,141,0.02591,19870,596.1,20
6,12,0.0551,141,0.02613,19830,594.9,20
6,12,0.0551,141,0.02618,19580,587.4,20
6,12,0.0551,141,0.0262,19340,580.2,20
6,12,0.0551,141,0.02629,19650,589.5,20
6,12,0.0551,141,0.02632,20020,600.6,20
6,12,0.0551,141,0.02635,19520,585.6,20
6,12,0.0551,141,0.0264,19520,585.6,20
6,12,0.0551,141,0.02647,19180,575.4,20
6,12,0.0551,141,0.02658,19460,583.8,20
6,12,0.0551,141,0.02664,19280,578.4,20
6,12,0.0551,141,0.02667,20020,600.6,20
6,12,0.0551,141,0.02671,19400,582,20
6,12,0.0551,141,0.02675,18780,563.4,20
6,12,0.0551,141,0.02682,19090,572.7,20
6,12,0.0551,141,0.02691,18450,553.5,20
6,12,0.0551,141,0.02695,18690,560.7,20
6,12,0.0551,141,0.027,18350,550.5,20
6,12,0.0551,141,0.02704,18170,545.1,20
6,12,0.0551,141,0.02709,17920,537.6,20
6,12,0.0551,141,0.02711,18360,550.8,20
6,12,0.0551,141,0.02713,18050,541.5,20
6,12,0.0551,141,0.02719,17770,533.1,20
6,12,0.0551,141,0.02723,18330,549.9,20
6,12,0.0551,141,0.02728,18110,543.3,20
6,12,0.0551,141,0.02735,17580,527.4,20
6,12,0.0551,141,0.02744,17620,528.6,20
6,12,0.0551,141,0.02751,17550,526.5,20
6,12,0.0551,141,0.02757,17990,539.7,20
6,12,0.0551,141,0.0276,17490,524.7,20
6,12,0.0551,141,0.02766,17310,519.3,20
6,12,0.0551,141,0.02774,17190,515.7,20
6,12,0.0551,141,0.02782,17310,519.3,20
6,12,0.0551,141,0.02784,16690,500.7,20
6,12,0.0551,141,0.02789,16970,509.1,20
6,12,0.0551,141,0.02794,17190,515.7,20
6,12,0.0551,141,0.02795,16690,500.7,20
6,12,0.0551,141,0.02802,16570,497.1,20
6,12,0.0551,141,0.02809,16630,498.9,20
6,12,0.0551,141,0.02813,16320,489.6,20
6,12,0.0551,141,0.0282,16260,487.8,20
6,12,0.0551,141,0.02826,16080,482.4,20
6,12,0.0551,141,0.02829,15580,467.4,20
6,12,0.0551,141,0.02831,15890,476.7,20
6,12,0.0551,141,0.02834,15950,478.5,20
6,12,0.0551,141,0.02834,15950,478.5,20
6,12,0.0551,141,0.02838,16260,487.8,20
6,12,0.0551,141,0.02841,16510,495.3,20
6,12,0.0551,141,0.02845,15890,476.7,20
6,12,0.0551,141,0.02851,16640,499.2,20
6,12,0.0551,141,0.02852,15520,465.6,20
6,12,0.0551,141,0.02857,16140,484.2,20
6,12,0.0551,141,0.02862,15590,467.7,20
6,12,0.0551,141,0.02867,15400,462,20
6,12,0.0551,141,0.02874,14840,445.2,20
6,12,0.0551,141,0.02876,15770,473.1,20
6,12,0.0551,141,0.02883,14840,445.2,20
6,12,0.0551,141,0.02885,15090,452.7,20
6,12,0.0551,141,0.02889,15280,458.4,20
6,12,0.0551,141,0.02894,15470,464.1,20
6,12,0.0551,141,0.02898,15090,452.7,20
6,12,0.0551,141,0.02903,14910,447.3,20
6,12,0.0551,141,0.02904,15370,461.1,20
6,12,0.0551,141,0.02912,14790,443.7,20
6,12,0.0551,141,0.02921,14850,445.5,20
6,12,0.0551,141,0.02929,14730,441.9,20
6,12,0.0551,141,0.02932,15160,454.8,20
6,12,0.0551,141,0.02935,15410,462.3,20
6,12,0.0551,141,0.02943,14730,441.9,20
6,12,0.0551,141,0.02952,14910,447.3,20
6,12,0.0551,141,0.0296,14510,435.3,20
6,12,0.0551,141,0.02962,14980,449.4,20
6,12,0.0551,141,0.0297,14920,447.6,20
6,12,0.0551,141,0.02978,15010,450.3,20
6,12,0.0551,141,0.02983,15130,453.9,20
6,12,0.0551,141,0.0299,15230,456.9,20
6,12,0.0551,141,0.02996,14920,447.6,20
6,12,0.0551,141,0.03,15290,458.7,20
6,12,0.0551,141,0.03004,15040,451.2,20
6,12,0.0551,141,0.03005,14730,441.9,20
6,12,0.0551,141,0.0301,15350,460.5,20
6,12,0.0551,141,0.03012,14920,447.6,20
6,12,0.0551,141,0.03023,14920,447.6,20
6,12,0.0551,141,0.03028,14670,440.1,20
6,12,0.0551,141,0.03036,14860,445.8,20
6,12,0.0551,141,0.03039,14460,433.8,20
6,12,0.0551,141,0.03047,14620,438.6,20
6,12,0.0551,141,0.0305,14740,442.2,20
6,12,0.0582,141,0.016324492,3120,93.6,21
6,12,0.0582,141,0.016381492,6260,187.8,21
6,12,0.0582,141,0.016408492,7730,231.9,21
6,12,0.0582,141,0.016467492,9560,286.8,21
6,12,0.0582,141,0.016497492,12030,360.9,21
6,12,0.0582,141,0.016549492,13210,396.3,21
6,12,0.0582,141,0.016610492,11190,335.7,21
6,12,0.0582,141,0.016630492,13130,393.9,21
6,12,0.0582,141,0.016651492,8880,266.4,21
6,12,0.0582,141,0.016685492,7840,235.2,21
6,12,0.0582,141,0.016733492,6980,209.4,21
6,12,0.0582,141,0.016783492,5890,176.7,21
6,12,0.0582,141,0.016802983,3120,93.6,21
6,12,0.0582,141,0.016859983,6260,187.8,21
6,12,0.0582,141,0.016886983,7730,231.9,21
6,12,0.0582,141,0.016896492,5590,167.7,21
6,12,0.0582,141,0.016945983,9560,286.8,21
6,12,0.0582,141,0.016964492,5040,151.2,21
6,12,0.0582,141,0.016975983,12030,360.9,21
6,12,0.0582,141,0.017027983,13210,396.3,21
6,12,0.0582,141,0.017088983,11190,335.7,21
6,12,0.0582,141,0.017103492,5160,154.8,21
6,12,0.0582,141,0.017108983,13130,393.9,21
6,12,0.0582,141,0.017129983,8880,266.4,21
6,12,0.0582,141,0.017163983,7840,235.2,21
6,12,0.0582,141,0.017211983,6980,209.4,21
6,12,0.0582,141,0.017241492,5270,158.1,21
6,12,0.0582,141,0.017261983,5890,176.7,21
6,12,0.0582,141,0.017374983,5590,167.7,21
6,12,0.0582,141,0.017378492,5760,172.8,21
6,12,0.0582,141,0.017442983,5040,151.2,21
6,12,0.0582,141,0.017506492,6330,189.9,21
6,12,0.0582,141,0.017562492,7120,213.6,21
6,12,0.0582,141,0.017581983,5160,154.8,21
6,12,0.0582,141,0.017673492,7510,225.3,21
6,12,0.0582,141,0.017719983,5270,158.1,21
6,12,0.0582,141,0.017781492,8300,249,21
6,12,0.0582,141,0.017856983,5760,172.8,21
6,12,0.0582,141,0.017898492,8930,267.9,21
6,12,0.0582,141,0.017984983,6330,189.9,21
6,12,0.0582,141,0.018021492,9400,282,21
6,12,0.0582,141,0.018040983,7120,213.6,21
6,12,0.0582,141,0.018151983,7510,225.3,21
6,12,0.0582,141,0.018158492,9380,281.4,21
6,12,0.0582,141,0.018185492,9090,272.7,21
6,12,0.0582,141,0.018259983,8300,249,21
6,12,0.0582,141,0.018304492,9740,292.2,21
6,12,0.0582,141,0.018376983,8930,267.9,21
6,12,0.0582,141,0.018411492,9500,285,21
6,12,0.0582,141,0.018429492,10280,308.4,21
6,12,0.0582,141,0.018499983,9400,282,21
6,12,0.0582,141,0.018518492,10460,313.8,21
6,12,0.0582,141,0.018535492,11230,336.9,21
6,12,0.0582,141,0.018627492,11940,358.2,21
6,12,0.0582,141,0.018636983,9380,281.4,21
6,12,0.0582,141,0.018663983,9090,272.7,21
6,12,0.0582,141,0.018723492,11860,355.8,21
6,12,0.0582,141,0.018765492,11200,336,21
6,12,0.0582,141,0.018782983,9740,292.2,21
6,12,0.0582,141,0.018812492,10500,315,21
6,12,0.0582,141,0.018842492,9880,296.4,21
6,12,0.0582,141,0.018885492,9180,275.4,21
6,12,0.0582,141,0.018889983,9500,285,21
6,12,0.0582,141,0.018907983,10280,308.4,21
6,12,0.0582,141,0.018930492,8430,252.9,21
6,12,0.0582,141,0.018985492,7720,231.6,21
6,12,0.0582,141,0.018996983,10460,313.8,21
6,12,0.0582,141,0.019013983,11230,336.9,21
6,12,0.0582,141,0.019057492,6690,200.7,21
6,12,0.0582,141,0.019105983,11940,358.2,21
6,12,0.0582,141,0.019190492,6810,204.3,21
6,12,0.0582,141,0.019201983,11860,355.8,21
6,12,0.0582,141,0.019243983,11200,336,21
6,12,0.0582,141,0.019290983,10500,315,21
6,12,0.0582,141,0.019320983,9880,296.4,21
6,12,0.0582,141,0.019335492,7210,216.3,21
6,12,0.0582,141,0.019363983,9180,275.4,21
6,12,0.0582,141,0.019408983,8430,252.9,21
6,12,0.0582,141,0.019463983,7720,231.6,21
6,12,0.0582,141,0.019535983,6690,200.7,21
6,12,0.0582,141,0.019668983,6810,204.3,21
6,12,0.0582,141,0.019813983,7210,216.3,21
6,12,0.0582,141,0.019889983,7150,214.5,21
6,12,0.0582,141,0.019914983,8270,248.1,21
6,12,0.0582,141,0.019988983,9360,280.8,21
6,12,0.0582,141,0.019992983,8560,256.8,21
6,12,0.0582,141,0.020024983,10250,307.5,21
6,12,0.0582,141,0.020065983,11390,341.7,21
6,12,0.0582,141,0.020102983,12750,382.5,21
6,12,0.0582,141,0.020130983,13920,417.6,21
6,12,0.0582,141,0.020188983,14720,441.6,21
6,12,0.0582,141,0.020221983,15830,474.9,21
6,12,0.0582,141,0.020280983,16840,505.2,21
6,12,0.0582,141,0.020380983,16790,503.7,21
6,12,0.0582,141,0.020444983,16180,485.4,21
6,12,0.0582,141,0.020502983,15110,453.3,21
6,12,0.0582,141,0.020531983,14670,440.1,21
6,12,0.0582,141,0.020574983,13790,413.7,21
6,12,0.0582,141,0.020635983,13040,391.2,21
6,12,0.0582,141,0.020707983,12250,367.5,21
6,12,0.0582,141,0.020793983,11530,345.9,21
6,12,0.0582,141,0.020851983,10760,322.8,21
6,12,0.0582,141,0.020915983,9860,295.8,21
6,12,0.0582,141,0.020985983,9140,274.2,21
6,12,0.0582,141,0.021106983,8790,263.7,21
6,12,0.0582,141,0.021119983,8430,252.9,21
6,12,0.0582,141,0.021273983,8810,264.3,21
6,12,0.0582,141,0.021423983,9110,273.3,21
6,12,0.0582,141,0.021550983,9480,284.4,21
6,12,0.0582,141,0.021674983,10420,312.6,21
6,12,0.0582,141,0.021762983,11160,334.8,21
6,12,0.0582,141,0.021832983,11790,353.7,21
6,12,0.0582,141,0.021945983,12240,367.2,21
6,12,0.0582,141,0.022013983,13150,394.5,21
6,12,0.0582,141,0.022132983,13340,400.2,21
6,12,0.0582,141,0.022211983,14100,423,21
6,12,0.0582,141,0.022298983,14900,447,21
6,12,0.0582,141,0.022365983,15690,470.7,21
6,12,0.0582,141,0.022436983,15950,478.5,21
6,12,0.0582,141,0.022452983,17210,516.3,21
6,12,0.0582,141,0.022522983,17800,534,21
6,12,0.0582,141,0.022577983,18970,569.1,21
6,12,0.0582,141,0.022671983,19180,575.4,21
6,12,0.0582,141,0.022729983,20680,620.4,21
6,12,0.0582,141,0.022842983,21430,642.9,21
6,12,0.0582,141,0.022939983,22070,662.1,21
6,12,0.0582,141,0.023013983,23110,693.3,21
6,12,0.0582,141,0.023139983,23690,710.7,21
6,12,0.0582,141,0.023287983,23740,712.2,21
6,12,0.0582,141,0.023393983,24450,733.5,21
6,12,0.0582,141,0.023516983,24810,744.3,21
6,12,0.0582,141,0.023658983,24990,749.7,21
6,12,0.0582,141,0.023701983,25830,774.9,21
6,12,0.0582,141,0.023805983,25070,752.1,21
6,12,0.0582,141,0.023852983,25620,768.6,21
6,12,0.0582,141,0.023975983,25570,767.1,21
6,12,0.0582,141,0.023993983,25090,752.7,21
6,12,0.0582,141,0.024150983,25560,766.8,21
6,12,0.0582,141,0.024271983,25680,770.4,21
6,12,0.0582,141,0.024373983,24900,747,21
6,12,0.0582,141,0.024475983,25570,767.1,21
6,12,0.0582,141,0.024597983,25500,765,21
6,12,0.0582,141,0.024641983,24980,749.4,21
6,12,0.0582,141,0.024783983,25150,754.5,21
6,12,0.0582,141,0.024852983,25220,756.6,21
6,12,0.0582,141,0.024899983,24410,732.3,21
6,12,0.0582,141,0.024977983,23900,717,21
6,12,0.0582,141,0.025071983,23550,706.5,21
6,12,0.0582,141,0.025118983,22880,686.4,21
6,12,0.0582,141,0.025177983,22360,670.8,21
6,12,0.0582,141,0.025276983,22040,661.2,21
6,12,0.0582,141,0.025309983,20920,627.6,21
6,12,0.0582,141,0.025435983,20130,603.9,21
6,12,0.0582,141,0.025560983,19340,580.2,21
6,12,0.0582,141,0.025607983,19870,596.1,21
6,12,0.0582,141,0.025694983,19730,591.9,21
6,12,0.0582,141,0.025771983,19970,599.1,21
6,12,0.0582,141,0.025906983,19870,596.1,21
6,12,0.0582,141,0.026129492,19830,594.9,21
6,12,0.0582,141,0.026183492,19580,587.4,21
6,12,0.0582,141,0.026202492,19340,580.2,21
6,12,0.0582,141,0.026292492,19650,589.5,21
6,12,0.0582,141,0.026320492,20020,600.6,21
6,12,0.0582,141,0.026347492,19520,585.6,21
6,12,0.0582,141,0.026401492,19520,585.6,21
6,12,0.0582,141,0.026474492,19180,575.4,21
6,12,0.0582,141,0.026583492,19460,583.8,21
6,12,0.0582,141,0.026637492,19280,578.4,21
6,12,0.0582,141,0.026674492,20020,600.6,21
6,12,0.0582,141,0.026710492,19400,582,21
6,12,0.0582,141,0.026746492,18780,563.4,21
6,12,0.0582,141,0.026819492,19090,572.7,21
6,12,0.0582,141,0.026909492,18450,553.5,21
6,12,0.0582,141,0.026946492,18690,560.7,21
6,12,0.0582,141,0.027000492,18350,550.5,21
6,12,0.0582,141,0.027036492,18170,545.1,21
6,12,0.0582,141,0.027091492,17920,537.6,21
6,12,0.0582,141,0.027109492,18360,550.8,21
6,12,0.0582,141,0.027127492,18050,541.5,21
6,12,0.0582,141,0.027190492,17770,533.1,21
6,12,0.0582,141,0.027227492,18330,549.9,21
6,12,0.0582,141,0.027281492,18110,543.3,21
6,12,0.0582,141,0.027345492,17580,527.4,21
6,12,0.0582,141,0.027435492,17620,528.6,21
6,12,0.0582,141,0.027508492,17550,526.5,21
6,12,0.0582,141,0.027572492,17990,539.7,21
6,12,0.0582,141,0.027599492,17490,524.7,21
6,12,0.0582,141,0.027662492,17310,519.3,21
6,12,0.0582,141,0.027744492,17190,515.7,21
6,12,0.0582,141,0.027817492,17310,519.3,21
6,12,0.0582,141,0.027844492,16690,500.7,21
6,12,0.0582,141,0.027889492,16970,509.1,21
6,12,0.0582,141,0.027944492,17190,515.7,21
6,12,0.0582,141,0.027953492,16690,500.7,21
6,12,0.0582,141,0.028016492,16570,497.1,21
6,12,0.0582,141,0.028089492,16630,498.9,21
6,12,0.0582,141,0.028134492,16320,489.6,21
6,12,0.0582,141,0.028198492,16260,487.8,21
6,12,0.0582,141,0.028261492,16080,482.4,21
6,12,0.0582,141,0.028288492,15580,467.4,21
6,12,0.0582,141,0.028306492,15890,476.7,21
6,12,0.0582,141,0.028343492,15950,478.5,21
6,12,0.0582,141,0.028379492,16260,487.8,21
6,12,0.0582,141,0.028406492,16510,495.3,21
6,12,0.0582,141,0.028452492,15890,476.7,21
6,12,0.0582,141,0.028506492,16640,499.2,21
6,12,0.0582,141,0.028524492,15520,465.6,21
6,12,0.0582,141,0.028570492,16140,484.2,21
6,12,0.0582,141,0.028624492,15590,467.7,21
6,12,0.0582,141,0.028669492,15400,462,21
6,12,0.0582,141,0.028742492,14840,445.2,21
6,12,0.0582,141,0.028760492,15770,473.1,21
6,12,0.0582,141,0.028832492,14840,445.2,21
6,12,0.0582,141,0.028851492,15090,452.7,21
6,12,0.0582,141,0.028887492,15280,458.4,21
6,12,0.0582,141,0.028942492,15470,464.1,21
6,12,0.0582,141,0.028978492,15090,452.7,21
6,12,0.0582,141,0.029032492,14910,447.3,21
6,12,0.0582,141,0.029041492,15370,461.1,21
6,12,0.0582,141,0.029123492,14790,443.7,21
6,12,0.0582,141,0.029214492,14850,445.5,21
6,12,0.0582,141,0.029286492,14730,441.9,21
6,12,0.0582,141,0.029323492,15160,454.8,21
6,12,0.0582,141,0.029350492,15410,462.3,21
6,12,0.0582,141,0.029432492,14730,441.9,21
6,12,0.0582,141,0.029522492,14910,447.3,21
6,12,0.0582,141,0.029595492,14510,435.3,21
6,12,0.0582,141,0.029622492,14980,449.4,21
6,12,0.0582,141,0.029695492,14920,447.6,21
6,12,0.0582,141,0.029777492,15010,450.3,21
6,12,0.0582,141,0.029831492,15130,453.9,21
6,12,0.0582,141,0.029904492,15230,456.9,21
6,12,0.0582,141,0.029958492,14920,447.6,21
6,12,0.0582,141,0.029995492,15290,458.7,21
6,12,0.0582,141,0.030040492,15040,451.2,21
6,12,0.0582,141,0.030049492,14730,441.9,21
6,12,0.0582,141,0.030104492,15350,460.5,21
6,12,0.0582,141,0.030122492,14920,447.6,21
6,12,0.0582,141,0.030231492,14920,447.6,21
6,12,0.0582,141,0.030276492,14670,440.1,21
6,12,0.0582,141,0.030358492,14860,445.8,21
6,12,0.0582,141,0.030394492,14460,433.8,21
6,12,0.0582,141,0.030467492,14620,438.6,21
6,12,0.0582,141,0.030503492,14740,442.2,21
6,12,0.0571,180,0.012546046,585.5,905.5,22
6,12,0.0571,180,0.013572546,129,871,22
6,12,0.0571,180,0.013994646,2078.5,1010.5,22
6,12,0.0571,180,0.014499196,3714.5,1184.5,22
6,12,0.0571,180,0.014956246,8243,1394,22
6,12,0.0571,180,0.015499296,13746,1324,22
6,12,0.0571,180,0.015940246,12490,1324,22
6,12,0.0571,180,0.016462796,10607,1533,22
6,12,0.0571,180,0.016949096,5692.5,1219.5,22
6,12,0.0571,180,0.017425246,7084,1080,22
6,12,0.0571,180,0.017983646,8127.5,1289.5,22
6,12,0.0571,180,0.018458046,8892.5,1219.5,22
6,12,0.0571,180,0.018994146,11887.5,1219.5,22
6,12,0.0571,180,0.019463596,10910,1150,22
6,12,0.0571,180,0.019925396,7145.5,1428.5,22
6,12,0.0571,180,0.020454046,7457,1185,22
6,12,0.0571,180,0.020979196,6514.5,1289.5,22
6,12,0.0571,180,0.021493796,11774,1324,22
6,12,0.0571,180,0.021906146,10205,1359,22
6,12,0.0571,180,0.022561796,16265,941,22
6,12,0.0571,180,0.022980746,17065,1185,22
6,12,0.0571,180,0.023423996,16645,1115,22
6,12,0.0571,180,0.023925646,17236,1289,22
6,12,0.0571,180,0.024471046,13575.5,1324.5,22
6,12,0.0571,180,0.025033896,16222,1324,22
6,12,0.0571,180,0.025415446,13572,1185,22
6,12,0.0571,180,0.025927446,7890.5,1219.5,22
6,12,0.0571,180,0.026408296,10990,1115,22
6,12,0.0571,180,0.026902846,9037,1324,22
6,12,0.0571,180,0.027443396,13634.5,1254.5,22
6,12,0.0571,180,0.027922546,6107,1045,22
6,12,0.0571,180,0.028426646,7603.5,1289.5,22
6,12,0.0571,180,0.029038846,7984.5,1184.5,22
6,12,0.0571,180,0.029380196,10875.5,1428.5,22
6,12,0.0571,180,0.030380846,11115.5,1463.5,22
6,12,0.0571,180,0.031432546,9718.5,1463.5,22
6,12,0.0571,180,0.032461046,9993.5,1254.5,22
6,12,0.0731,180,0.0104,411.6,302.85,22
6,12,0.0731,180,0.0142,356.3,257.95,22
6,12,0.0731,180,0.0145,1795.2,1406.55,22
6,12,0.0731,180,0.0152,3928,1125.15,22
6,12,0.0731,180,0.0157,12956.8,1083,22
6,12,0.0731,180,0.0161,11602,1040.6,22
6,12,0.0731,180,0.0165,9703.3,1040.8,22
6,12,0.0731,180,0.0171,5924.2,1026.8,22
6,12,0.0731,180,0.0177,4005.9,1195.65,22
6,12,0.0731,180,0.0181,8062.1,1237.65,22
6,12,0.0731,180,0.0192,11511.7,1167.35,22
6,12,0.0731,180,0.0201,11768.5,1293.85,22
6,12,0.0731,180,0.0212,8034.6,1294.05,22
6,12,0.0731,180,0.0216,6954.3,1350.3,22
6,12,0.0731,180,0.0222,8419.4,1293.9,22
6,12,0.0731,180,0.0225,9926.8,1533,22
6,12,0.0731,180,0.0232,12456.8,1293.95,22
6,12,0.0731,180,0.024,14884.2,1378.35,22
6,12,0.0731,180,0.0252,14429.2,1603.35,22
6,12,0.0731,180,0.0261,11991.6,1631.45,22
6,12,0.0731,180,0.0271,10973.7,1603.35,22
6,12,0.0731,180,0.0281,10874.7,1715.85,22
6,12,0.0731,180,0.0291,9460.2,1898.7,22
6,12,0.0731,180,0.0301,7084.6,1561.15,22
6,12,0.0731,180,0.031,6066.2,1856.45,22
6,12,0.0731,180,0.032,5570.6,1744,22
6,12,0.0731,180,0.0331,5221,1715.9,22
6,12,0.0731,180,0.0341,4266.5,1814.25,22
6,12,0.0731,180,0.0352,5107.8,1772.1,22
6,12,0.0731,180,0.036,5114.2,1589.25,22
6,12,0.0731,180,0.0371,5056.3,1800.25,22
6,12,0.0731,180,0.0382,3120,1842.5,22
6,12,0.0731,180,0.0391,2562.2,1842.5,22
6,12,0.0731,180,0.04,1627.7,1842.5,22
6,12,0.0731,180,0.0402,2092.5,1842.5,22
6,12,0.0731,180,0.0421,568.5,1758.1,22
6,12,0.0731,180,0.0441,1269.1,1926.9,22
6,12,0.0731,180,0.0453,1355.3,2109.7,22
6,12,0.0731,180,0.0461,1280.8,2222.3,22
6,12,0.0681,180,0.014231259,85,315,23
6,12,0.0681,180,0.014473759,175,345,23
6,12,0.0681,180,0.014715259,1635,485,23
6,12,0.0681,180,0.015010259,2750,460,23
6,12,0.0681,180,0.015221259,5840,570,23
6,12,0.0681,180,0.015473259,12680,660,23
6,12,0.0681,180,0.015757759,14430,800,23
6,12,0.0681,180,0.015979259,13970,860,23
6,12,0.0681,180,0.016231259,12735,715,23
6,12,0.0681,180,0.016484259,8930,690,23
6,12,0.0681,180,0.016747259,7445,745,23
6,12,0.0681,180,0.017020759,7445,685,23
6,12,0.0681,180,0.017252759,6525,685,23
6,12,0.0681,180,0.017494259,5155,575,23
6,12,0.0681,180,0.017747259,6955,655,23
6,12,0.0681,180,0.018031759,8675,655,23
6,12,0.0681,180,0.018273259,8215,775,23
6,12,0.0681,180,0.018526259,9935,775,23
6,12,0.0681,180,0.018768759,8760,630,23
6,12,0.0681,180,0.019031259,9275,745,23
6,12,0.0681,180,0.019273759,10135,685,23
6,12,0.0681,180,0.019515259,10535,685,23
6,12,0.0681,180,0.019768259,11825,715,23
6,12,0.0681,180,0.020031759,15775,775,23
6,12,0.0681,180,0.020262759,14145,915,23
6,12,0.0681,180,0.020505259,12225,885,23
6,12,0.0681,180,0.020779259,11280,800,23
6,12,0.0681,180,0.021010259,10165,775,23
6,12,0.0681,180,0.021273759,8675,655,23
6,12,0.0681,180,0.021525759,9275,805,23
6,12,0.0681,180,0.021768259,10220,1000,23
6,12,0.0681,180,0.022000259,11250,940,23
6,12,0.0681,180,0.022252259,12165,945,23
6,12,0.0681,180,0.022515759,15055,975,23
6,12,0.0681,180,0.022758259,15655,945,23
6,12,0.0681,180,0.023041759,15255,945,23
6,12,0.0681,180,0.023263259,16290,1000,23
6,12,0.0681,180,0.023525759,17150,830,23
6,12,0.0681,180,0.023778759,15715,775,23
6,12,0.0681,180,0.024010759,13740,690,23
6,12,0.0681,180,0.024273259,14655,745,23
6,12,0.0681,180,0.024526259,15715,945,23
6,12,0.0681,180,0.024757759,13680,1030,23
6,12,0.0681,180,0.024999759,13110,920,23
6,12,0.0681,180,0.025263259,10735,885,23
6,12,0.0681,180,0.025494259,12455,945,23
6,12,0.0681,180,0.025747259,12595,855,23
6,12,0.0681,180,0.025989759,11935,945,23
6,12,0.0681,180,0.026252259,11655,945,23
6,12,0.0681,180,0.026505259,9045,1485,23
6,12,0.8581,70,0.154,6.8,7.6,24
6,12,0.8581,70,0.1635,10.8,6.5,24
6,12,0.8581,70,0.174,15.9,7.3,24
6,12,0.8581,70,0.184,20.3,5.8,24
6,12,0.8581,70,0.194,29,6.5,24
6,12,0.8581,70,0.204,41,6.9,24
6,12,0.8581,70,0.2135,51.1,7.6,24
6,12,0.8581,70,0.2235,66,5.1,24
6,12,0.8581,70,0.2245,75.5,7.3,24
6,12,0.8581,70,0.234,91.9,9.8,24
6,12,0.8581,70,0.244,120.9,7.6,24
6,12,0.8581,70,0.254,152.6,10.2,24
6,12,0.8581,70,0.264,187.5,7.3,24
6,12,0.8581,70,0.274,215.9,7.3,24
6,12,0.8581,70,0.285,261.3,5.5,24
6,12,0.8581,70,0.2945,292.2,7.3,24
6,12,0.8581,70,0.304,301.7,5.8,24
6,12,0.8581,70,0.305,327.5,7.6,24
6,12,0.8581,70,0.3145,347.9,10.6,24
6,12,0.8581,70,0.3245,383.9,9.5,24
6,12,0.8581,70,0.334,396.2,9.5,24
6,12,0.8581,70,0.344,409.3,10.2,24
6,12,0.8581,70,0.3545,418,9.5,24
6,12,0.8581,70,0.364,426,10.2,24
6,12,0.8581,70,0.374,426,10.2,24
6,12,0.8581,70,0.375,443.8,9.1,24
6,12,0.8581,70,0.384,424.2,8.4,24
6,12,0.8581,70,0.385,439.1,8.7,24
6,12,0.8581,70,0.394,423.4,0.6,24
6,12,0.8581,70,0.404,422.3,9.5,24
6,12,0.8581,70,0.414,414.3,10.2,24
6,12,0.8581,70,0.424,390.6,7.6,24
6,12,0.8581,70,0.424,423,10.2,24
6,12,0.8581,70,0.4335,412.5,2,24
6,12,0.8581,70,0.444,423,10.2,24
6,12,0.8581,70,0.454,447.7,11.6,24
6,12,0.8581,70,0.464,453.9,10.6,24
6,12,0.8581,70,0.474,470.6,10.6,24
6,12,0.8581,70,0.4835,500.1,0.9,24
6,12,0.8581,70,0.4845,504.4,10.9,24
6,12,0.8581,70,0.494,520.8,12,24
6,12,0.8581,70,0.505,552.4,13.1,24
6,12,0.8581,70,0.5155,572.1,13.8,24
6,12,0.8581,70,0.5245,587,17.8,24
6,12,0.8581,70,0.5255,599.7,9.5,24
6,12,0.8581,70,0.5355,636.8,17.5,24
6,12,0.8581,70,0.5455,644.1,18.9,24
6,12,0.8581,70,0.555,626.6,18.9,24
6,12,0.8581,70,0.5655,670.9,18.2,24
6,12,1.1621,37.5,0.112,258,82,25
6,12,1.1621,37.5,0.144,987,84,25
6,12,1.1621,37.5,0.176,2055,139,25
6,12,1.1621,37.5,0.208,3071,203,25
6,12,1.1621,37.5,0.24,3651,239,25
6,12,1.1621,37.5,0.272,3714,243,25
6,12,1.1621,37.5,0.304,3122,205,25
6,12,1.1621,37.5,0.336,2556,169,25
6,12,1.1621,37.5,0.368,2268,160,25
6,12,1.1621,37.5,0.4,2545,175,25
6,12,1.1621,37.5,0.432,2635,174,25
6,12,1.1621,37.5,0.464,3402,226,25
6,12,1.1621,37.5,0.496,3453,227,25
6,12,1.1621,37.5,0.528,3380,223,25
6,12,1.1621,37.5,0.56,3471,233,25
6,12,1.1621,37.5,0.592,3292,219,25
6,12,1.1621,37.5,0.624,3112,206,25
6,12,1.1621,37.5,0.656,2709,180,25
6,12,1.1621,37.5,0.688,2763,183,25
6,12,1.1621,37.5,0.72,2894,191,25
6,12,0.7826,50.4,0.13143,1944.4,88.6,26
6,12,0.7826,50.4,0.13971,2176.6,88.6,26
6,12,0.7826,50.4,0.14739,2422.4,88.6,26
6,12,0.7826,50.4,0.15547,2681.9,88.6,26
6,12,0.7826,50.4,0.16318,3014,88.6,26
6,12,0.7826,50.4,0.17124,3178.1,88.6,26
6,12,0.7826,50.4,0.1797,3305.7,88.6,26
6,12,0.7826,50.4,0.18733,3360.6,88.6,26
6,12,0.7826,50.4,0.19542,3633.7,88.6,26
6,12,0.7826,50.4,0.20327,3738.6,88.6,26
6,12,0.7826,50.4,0.21151,3775.3,88.6,26
6,12,0.7826,50.4,0.21949,3616.6,88.6,26
6,12,0.7826,50.4,0.2275,3535.2,88.6,26
6,12,0.7826,50.4,0.2355,3462.8,88.6,26
6,12,0.7826,50.4,0.24345,3154.1,88.6,26
6,12,0.7826,50.4,0.25184,3018.1,88.6,26
6,12,0.7826,50.4,0.259,2727.5,88.6,26
6,12,0.7826,50.4,0.267,2646,88.6,26
6,12,0.7826,50.4,0.27539,2491.9,88.6,26
6,12,0.7826,50.4,0.28379,2383.2,88.6,26
6,12,0.7826,50.4,0.29138,2274.4,88.6,26
6,12,0.7826,50.4,0.29939,2183.9,88.6,26
6,12,0.7826,50.4,0.30742,2211.5,88.6,26
6,12,0.7826,50.4,0.31582,2121,88.6,26
6,12,0.7826,50.4,0.32345,2148.6,88.6,26
6,12,0.7826,50.4,0.33151,2294.4,88.6,26